Command line invocation:
    /Applications/Xcode.app/Contents/Developer/usr/bin/xcodebuild -workspace ios/Gumroad.xcworkspace -scheme Gumroad -configuration Release -destination id=00008150-000E3C2A0C85401C -derivedDataPath ios/build/dd DEVELOPMENT_TEAM=66LJACJ2U7 IPHONEOS_DEPLOYMENT_TARGET=16.2 "OTHER_CODE_SIGN_FLAGS=--keychain /Users/gumclaw/Library/Keychains/gumclaw-signing.keychain-db" -authenticationKeyPath /Users/gumclaw/.hermes/credentials/AuthKey_GPLPV4AXJ9.p8 -authenticationKeyID GPLPV4AXJ9 -authenticationKeyIssuerID 69a6de79-1356-47e3-e053-5b8c7c11a4d1 -allowProvisioningUpdates build

Build settings from command line:
    DEVELOPMENT_TEAM = 66LJACJ2U7
    IPHONEOS_DEPLOYMENT_TARGET = 16.2
    OTHER_CODE_SIGN_FLAGS = --keychain /Users/gumclaw/Library/Keychains/gumclaw-signing.keychain-db

ComputePackagePrebuildTargetDependencyGraph

Prepare packages

CreateBuildRequest

SendProjectDescription

CreateBuildOperation

ComputeTargetDependencyGraph
note: Building targets in dependency order
note: Target dependency graph (154 targets)
    Target 'Gumroad' in project 'Gumroad'
        ➜ Explicit dependency on target 'ExpoWidgetsTarget' in project 'Gumroad'
        ➜ Implicit dependency on target 'Pods-Gumroad' in project 'Pods' via file 'libPods-Gumroad.a' in build phase 'Link Binary'
        ➜ Implicit dependency on target 'BVLinearGradient' in project 'Pods' via options '-lBVLinearGradient' in build setting 'OTHER_LDFLAGS'
        ➜ Implicit dependency on target 'EXApplication' in project 'Pods' via options '-lEXApplication' in build setting 'OTHER_LDFLAGS'
        ➜ Implicit dependency on target 'EXConstants' in project 'Pods' via options '-lEXConstants' in build setting 'OTHER_LDFLAGS'
        ➜ Implicit dependency on target 'EXJSONUtils' in project 'Pods' via options '-lEXJSONUtils' in build setting 'OTHER_LDFLAGS'
        ➜ Implicit dependency on target 'EXManifests' in project 'Pods' via options '-lEXManifests' in build setting 'OTHER_LDFLAGS'
        ➜ Implicit dependency on target 'EXUpdatesInterface' in project 'Pods' via options '-lEXUpdatesInterface' in build setting 'OTHER_LDFLAGS'
        ➜ Implicit dependency on target 'Expo' in project 'Pods' via options '-lExpo' in build setting 'OTHER_LDFLAGS'
        ➜ Implicit dependency on target 'ExpoAsset' in project 'Pods' via options '-lExpoAsset' in build setting 'OTHER_LDFLAGS'
        ➜ Implicit dependency on target 'ExpoBackgroundFetch' in project 'Pods' via options '-lExpoBackgroundFetch' in build setting 'OTHER_LDFLAGS'
        ➜ Implicit dependency on target 'ExpoCrypto' in project 'Pods' via options '-lExpoCrypto' in build setting 'OTHER_LDFLAGS'
        ➜ Implicit dependency on target 'ExpoDomWebView' in project 'Pods' via options '-lExpoDomWebView' in build setting 'OTHER_LDFLAGS'
        ➜ Implicit dependency on target 'ExpoFileSystem' in project 'Pods' via options '-lExpoFileSystem' in build setting 'OTHER_LDFLAGS'
        ➜ Implicit dependency on target 'ExpoFont' in project 'Pods' via options '-lExpoFont' in build setting 'OTHER_LDFLAGS'
        ➜ Implicit dependency on target 'ExpoGlassEffect' in project 'Pods' via options '-lExpoGlassEffect' in build setting 'OTHER_LDFLAGS'
        ➜ Implicit dependency on target 'ExpoHaptics' in project 'Pods' via options '-lExpoHaptics' in build setting 'OTHER_LDFLAGS'
        ➜ Implicit dependency on target 'ExpoImage' in project 'Pods' via options '-lExpoImage' in build setting 'OTHER_LDFLAGS'
        ➜ Implicit dependency on target 'ExpoKeepAwake' in project 'Pods' via options '-lExpoKeepAwake' in build setting 'OTHER_LDFLAGS'
        ➜ Implicit dependency on target 'ExpoLinking' in project 'Pods' via options '-lExpoLinking' in build setting 'OTHER_LDFLAGS'
        ➜ Implicit dependency on target 'ExpoLogBox' in project 'Pods' via options '-lExpoLogBox' in build setting 'OTHER_LDFLAGS'
        ➜ Implicit dependency on target 'ExpoModulesCore' in project 'Pods' via options '-lExpoModulesCore' in build setting 'OTHER_LDFLAGS'
        ➜ Implicit dependency on target 'ExpoModulesJSI' in project 'Pods' via options '-lExpoModulesJSI' in build setting 'OTHER_LDFLAGS'
        ➜ Implicit dependency on target 'ExpoNotifications' in project 'Pods' via options '-lExpoNotifications' in build setting 'OTHER_LDFLAGS'
        ➜ Implicit dependency on target 'ExpoRouter' in project 'Pods' via options '-lExpoRouter' in build setting 'OTHER_LDFLAGS'
        ➜ Implicit dependency on target 'ExpoScreenOrientation' in project 'Pods' via options '-lExpoScreenOrientation' in build setting 'OTHER_LDFLAGS'
        ➜ Implicit dependency on target 'ExpoSecureStore' in project 'Pods' via options '-lExpoSecureStore' in build setting 'OTHER_LDFLAGS'
        ➜ Implicit dependency on target 'ExpoSharing' in project 'Pods' via options '-lExpoSharing' in build setting 'OTHER_LDFLAGS'
        ➜ Implicit dependency on target 'ExpoSplashScreen' in project 'Pods' via options '-lExpoSplashScreen' in build setting 'OTHER_LDFLAGS'
        ➜ Implicit dependency on target 'ExpoSymbols' in project 'Pods' via options '-lExpoSymbols' in build setting 'OTHER_LDFLAGS'
        ➜ Implicit dependency on target 'ExpoSystemUI' in project 'Pods' via options '-lExpoSystemUI' in build setting 'OTHER_LDFLAGS'
        ➜ Implicit dependency on target 'ExpoTaskManager' in project 'Pods' via options '-lExpoTaskManager' in build setting 'OTHER_LDFLAGS'
        ➜ Implicit dependency on target 'ExpoUI' in project 'Pods' via options '-lExpoUI' in build setting 'OTHER_LDFLAGS'
        ➜ Implicit dependency on target 'ExpoVideo' in project 'Pods' via options '-lExpoVideo' in build setting 'OTHER_LDFLAGS'
        ➜ Implicit dependency on target 'ExpoWebBrowser' in project 'Pods' via options '-lExpoWebBrowser' in build setting 'OTHER_LDFLAGS'
        ➜ Implicit dependency on target 'ExpoWidgets' in project 'Pods' via options '-lExpoWidgets' in build setting 'OTHER_LDFLAGS'
        ➜ Implicit dependency on target 'PdfThumbnail' in project 'Pods' via options '-lPdfThumbnail' in build setting 'OTHER_LDFLAGS'
        ➜ Implicit dependency on target 'RCTSwiftUI' in project 'Pods' via options '-lRCTSwiftUI' in build setting 'OTHER_LDFLAGS'
        ➜ Implicit dependency on target 'RCTSwiftUIWrapper' in project 'Pods' via options '-lRCTSwiftUIWrapper' in build setting 'OTHER_LDFLAGS'
        ➜ Implicit dependency on target 'RNGestureHandler' in project 'Pods' via options '-lRNGestureHandler' in build setting 'OTHER_LDFLAGS'
        ➜ Implicit dependency on target 'RNReanimated' in project 'Pods' via options '-lRNReanimated' in build setting 'OTHER_LDFLAGS'
        ➜ Implicit dependency on target 'RNSVG' in project 'Pods' via options '-lRNSVG' in build setting 'OTHER_LDFLAGS'
        ➜ Implicit dependency on target 'RNScreens' in project 'Pods' via options '-lRNScreens' in build setting 'OTHER_LDFLAGS'
        ➜ Implicit dependency on target 'RNSentry' in project 'Pods' via options '-lRNSentry' in build setting 'OTHER_LDFLAGS'
        ➜ Implicit dependency on target 'RNWorklets' in project 'Pods' via options '-lRNWorklets' in build setting 'OTHER_LDFLAGS'
        ➜ Implicit dependency on target 'ReactAppDependencyProvider' in project 'Pods' via options '-lReactAppDependencyProvider' in build setting 'OTHER_LDFLAGS'
        ➜ Implicit dependency on target 'ReactCodegen' in project 'Pods' via options '-lReactCodegen' in build setting 'OTHER_LDFLAGS'
        ➜ Implicit dependency on target 'SDWebImage' in project 'Pods' via options '-lSDWebImage' in build setting 'OTHER_LDFLAGS'
        ➜ Implicit dependency on target 'SDWebImageAVIFCoder' in project 'Pods' via options '-lSDWebImageAVIFCoder' in build setting 'OTHER_LDFLAGS'
        ➜ Implicit dependency on target 'SDWebImageSVGCoder' in project 'Pods' via options '-lSDWebImageSVGCoder' in build setting 'OTHER_LDFLAGS'
        ➜ Implicit dependency on target 'SDWebImageWebPCoder' in project 'Pods' via options '-lSDWebImageWebPCoder' in build setting 'OTHER_LDFLAGS'
        ➜ Implicit dependency on target 'Sentry' in project 'Pods' via options '-lSentry' in build setting 'OTHER_LDFLAGS'
        ➜ Implicit dependency on target 'SwiftAudioEx' in project 'Pods' via options '-lSwiftAudioEx' in build setting 'OTHER_LDFLAGS'
        ➜ Implicit dependency on target 'UMAppLoader' in project 'Pods' via options '-lUMAppLoader' in build setting 'OTHER_LDFLAGS'
        ➜ Implicit dependency on target 'expo-dev-menu-interface' in project 'Pods' via options '-lexpo-dev-menu-interface' in build setting 'OTHER_LDFLAGS'
        ➜ Implicit dependency on target 'libavif' in project 'Pods' via options '-llibavif' in build setting 'OTHER_LDFLAGS'
        ➜ Implicit dependency on target 'libdav1d' in project 'Pods' via options '-llibdav1d' in build setting 'OTHER_LDFLAGS'
        ➜ Implicit dependency on target 'libwebp' in project 'Pods' via options '-llibwebp' in build setting 'OTHER_LDFLAGS'
        ➜ Implicit dependency on target 'react-native-blob-util' in project 'Pods' via options '-lreact-native-blob-util' in build setting 'OTHER_LDFLAGS'
        ➜ Implicit dependency on target 'react-native-context-menu-view' in project 'Pods' via options '-lreact-native-context-menu-view' in build setting 'OTHER_LDFLAGS'
        ➜ Implicit dependency on target 'react-native-pdf' in project 'Pods' via options '-lreact-native-pdf' in build setting 'OTHER_LDFLAGS'
        ➜ Implicit dependency on target 'react-native-safe-area-context' in project 'Pods' via options '-lreact-native-safe-area-context' in build setting 'OTHER_LDFLAGS'
        ➜ Implicit dependency on target 'react-native-track-player' in project 'Pods' via options '-lreact-native-track-player' in build setting 'OTHER_LDFLAGS'
        ➜ Implicit dependency on target 'react-native-webview' in project 'Pods' via options '-lreact-native-webview' in build setting 'OTHER_LDFLAGS'
    Target 'Pods-Gumroad' in project 'Pods'
        ➜ Explicit dependency on target 'BVLinearGradient' in project 'Pods'
        ➜ Explicit dependency on target 'EXApplication' in project 'Pods'
        ➜ Explicit dependency on target 'EXConstants' in project 'Pods'
        ➜ Explicit dependency on target 'EXJSONUtils' in project 'Pods'
        ➜ Explicit dependency on target 'EXManifests' in project 'Pods'
        ➜ Explicit dependency on target 'EXUpdatesInterface' in project 'Pods'
        ➜ Explicit dependency on target 'Expo' in project 'Pods'
        ➜ Explicit dependency on target 'ExpoAsset' in project 'Pods'
        ➜ Explicit dependency on target 'ExpoBackgroundFetch' in project 'Pods'
        ➜ Explicit dependency on target 'ExpoCrypto' in project 'Pods'
        ➜ Explicit dependency on target 'ExpoDomWebView' in project 'Pods'
        ➜ Explicit dependency on target 'ExpoFileSystem' in project 'Pods'
        ➜ Explicit dependency on target 'ExpoFont' in project 'Pods'
        ➜ Explicit dependency on target 'ExpoGlassEffect' in project 'Pods'
        ➜ Explicit dependency on target 'ExpoHaptics' in project 'Pods'
        ➜ Explicit dependency on target 'ExpoImage' in project 'Pods'
        ➜ Explicit dependency on target 'ExpoKeepAwake' in project 'Pods'
        ➜ Explicit dependency on target 'ExpoLinking' in project 'Pods'
        ➜ Explicit dependency on target 'ExpoLogBox' in project 'Pods'
        ➜ Explicit dependency on target 'ExpoModulesCore' in project 'Pods'
        ➜ Explicit dependency on target 'ExpoModulesJSI' in project 'Pods'
        ➜ Explicit dependency on target 'ExpoNotifications' in project 'Pods'
        ➜ Explicit dependency on target 'ExpoRouter' in project 'Pods'
        ➜ Explicit dependency on target 'ExpoScreenOrientation' in project 'Pods'
        ➜ Explicit dependency on target 'ExpoSecureStore' in project 'Pods'
        ➜ Explicit dependency on target 'ExpoSharing' in project 'Pods'
        ➜ Explicit dependency on target 'ExpoSplashScreen' in project 'Pods'
        ➜ Explicit dependency on target 'ExpoSymbols' in project 'Pods'
        ➜ Explicit dependency on target 'ExpoSystemUI' in project 'Pods'
        ➜ Explicit dependency on target 'ExpoTaskManager' in project 'Pods'
        ➜ Explicit dependency on target 'ExpoUI' in project 'Pods'
        ➜ Explicit dependency on target 'ExpoVideo' in project 'Pods'
        ➜ Explicit dependency on target 'ExpoWebBrowser' in project 'Pods'
        ➜ Explicit dependency on target 'ExpoWidgets' in project 'Pods'
        ➜ Explicit dependency on target 'FBLazyVector' in project 'Pods'
        ➜ Explicit dependency on target 'PdfThumbnail' in project 'Pods'
        ➜ Explicit dependency on target 'RCTDeprecation' in project 'Pods'
        ➜ Explicit dependency on target 'RCTRequired' in project 'Pods'
        ➜ Explicit dependency on target 'RCTSwiftUI' in project 'Pods'
        ➜ Explicit dependency on target 'RCTSwiftUIWrapper' in project 'Pods'
        ➜ Explicit dependency on target 'RCTTypeSafety' in project 'Pods'
        ➜ Explicit dependency on target 'RNGestureHandler' in project 'Pods'
        ➜ Explicit dependency on target 'RNReanimated' in project 'Pods'
        ➜ Explicit dependency on target 'RNSVG' in project 'Pods'
        ➜ Explicit dependency on target 'RNScreens' in project 'Pods'
        ➜ Explicit dependency on target 'RNSentry' in project 'Pods'
        ➜ Explicit dependency on target 'RNWorklets' in project 'Pods'
        ➜ Explicit dependency on target 'React' in project 'Pods'
        ➜ Explicit dependency on target 'React-Core' in project 'Pods'
        ➜ Explicit dependency on target 'React-Core-prebuilt' in project 'Pods'
        ➜ Explicit dependency on target 'React-CoreModules' in project 'Pods'
        ➜ Explicit dependency on target 'React-Fabric' in project 'Pods'
        ➜ Explicit dependency on target 'React-FabricComponents' in project 'Pods'
        ➜ Explicit dependency on target 'React-FabricImage' in project 'Pods'
        ➜ Explicit dependency on target 'React-ImageManager' in project 'Pods'
        ➜ Explicit dependency on target 'React-Mapbuffer' in project 'Pods'
        ➜ Explicit dependency on target 'React-NativeModulesApple' in project 'Pods'
        ➜ Explicit dependency on target 'React-RCTActionSheet' in project 'Pods'
        ➜ Explicit dependency on target 'React-RCTAnimation' in project 'Pods'
        ➜ Explicit dependency on target 'React-RCTAppDelegate' in project 'Pods'
        ➜ Explicit dependency on target 'React-RCTBlob' in project 'Pods'
        ➜ Explicit dependency on target 'React-RCTFBReactNativeSpec' in project 'Pods'
        ➜ Explicit dependency on target 'React-RCTFabric' in project 'Pods'
        ➜ Explicit dependency on target 'React-RCTImage' in project 'Pods'
        ➜ Explicit dependency on target 'React-RCTLinking' in project 'Pods'
        ➜ Explicit dependency on target 'React-RCTNetwork' in project 'Pods'
        ➜ Explicit dependency on target 'React-RCTRuntime' in project 'Pods'
        ➜ Explicit dependency on target 'React-RCTSettings' in project 'Pods'
        ➜ Explicit dependency on target 'React-RCTText' in project 'Pods'
        ➜ Explicit dependency on target 'React-RCTVibration' in project 'Pods'
        ➜ Explicit dependency on target 'React-RuntimeApple' in project 'Pods'
        ➜ Explicit dependency on target 'React-RuntimeCore' in project 'Pods'
        ➜ Explicit dependency on target 'React-RuntimeHermes' in project 'Pods'
        ➜ Explicit dependency on target 'React-callinvoker' in project 'Pods'
        ➜ Explicit dependency on target 'React-cxxreact' in project 'Pods'
        ➜ Explicit dependency on target 'React-debug' in project 'Pods'
        ➜ Explicit dependency on target 'React-defaultsnativemodule' in project 'Pods'
        ➜ Explicit dependency on target 'React-domnativemodule' in project 'Pods'
        ➜ Explicit dependency on target 'React-featureflags' in project 'Pods'
        ➜ Explicit dependency on target 'React-featureflagsnativemodule' in project 'Pods'
        ➜ Explicit dependency on target 'React-graphics' in project 'Pods'
        ➜ Explicit dependency on target 'React-hermes' in project 'Pods'
        ➜ Explicit dependency on target 'React-idlecallbacksnativemodule' in project 'Pods'
        ➜ Explicit dependency on target 'React-intersectionobservernativemodule' in project 'Pods'
        ➜ Explicit dependency on target 'React-jserrorhandler' in project 'Pods'
        ➜ Explicit dependency on target 'React-jsi' in project 'Pods'
        ➜ Explicit dependency on target 'React-jsiexecutor' in project 'Pods'
        ➜ Explicit dependency on target 'React-jsinspector' in project 'Pods'
        ➜ Explicit dependency on target 'React-jsinspectorcdp' in project 'Pods'
        ➜ Explicit dependency on target 'React-jsinspectornetwork' in project 'Pods'
        ➜ Explicit dependency on target 'React-jsinspectortracing' in project 'Pods'
        ➜ Explicit dependency on target 'React-jsitooling' in project 'Pods'
        ➜ Explicit dependency on target 'React-jsitracing' in project 'Pods'
        ➜ Explicit dependency on target 'React-logger' in project 'Pods'
        ➜ Explicit dependency on target 'React-microtasksnativemodule' in project 'Pods'
        ➜ Explicit dependency on target 'React-networking' in project 'Pods'
        ➜ Explicit dependency on target 'React-oscompat' in project 'Pods'
        ➜ Explicit dependency on target 'React-perflogger' in project 'Pods'
        ➜ Explicit dependency on target 'React-performancecdpmetrics' in project 'Pods'
        ➜ Explicit dependency on target 'React-performancetimeline' in project 'Pods'
        ➜ Explicit dependency on target 'React-rendererconsistency' in project 'Pods'
        ➜ Explicit dependency on target 'React-renderercss' in project 'Pods'
        ➜ Explicit dependency on target 'React-rendererdebug' in project 'Pods'
        ➜ Explicit dependency on target 'React-runtimeexecutor' in project 'Pods'
        ➜ Explicit dependency on target 'React-runtimescheduler' in project 'Pods'
        ➜ Explicit dependency on target 'React-timing' in project 'Pods'
        ➜ Explicit dependency on target 'React-utils' in project 'Pods'
        ➜ Explicit dependency on target 'React-webperformancenativemodule' in project 'Pods'
        ➜ Explicit dependency on target 'ReactAppDependencyProvider' in project 'Pods'
        ➜ Explicit dependency on target 'ReactCodegen' in project 'Pods'
        ➜ Explicit dependency on target 'ReactCommon' in project 'Pods'
        ➜ Explicit dependency on target 'ReactNativeDependencies' in project 'Pods'
        ➜ Explicit dependency on target 'SDWebImage' in project 'Pods'
        ➜ Explicit dependency on target 'SDWebImageAVIFCoder' in project 'Pods'
        ➜ Explicit dependency on target 'SDWebImageSVGCoder' in project 'Pods'
        ➜ Explicit dependency on target 'SDWebImageWebPCoder' in project 'Pods'
        ➜ Explicit dependency on target 'Sentry' in project 'Pods'
        ➜ Explicit dependency on target 'SwiftAudioEx' in project 'Pods'
        ➜ Explicit dependency on target 'UMAppLoader' in project 'Pods'
        ➜ Explicit dependency on target 'Yoga' in project 'Pods'
        ➜ Explicit dependency on target 'expo-dev-client' in project 'Pods'
        ➜ Explicit dependency on target 'expo-dev-launcher' in project 'Pods'
        ➜ Explicit dependency on target 'expo-dev-menu' in project 'Pods'
        ➜ Explicit dependency on target 'expo-dev-menu-interface' in project 'Pods'
        ➜ Explicit dependency on target 'hermes-engine' in project 'Pods'
        ➜ Explicit dependency on target 'libavif' in project 'Pods'
        ➜ Explicit dependency on target 'libdav1d' in project 'Pods'
        ➜ Explicit dependency on target 'libwebp' in project 'Pods'
        ➜ Explicit dependency on target 'react-native-blob-util' in project 'Pods'
        ➜ Explicit dependency on target 'react-native-context-menu-view' in project 'Pods'
        ➜ Explicit dependency on target 'react-native-pdf' in project 'Pods'
        ➜ Explicit dependency on target 'react-native-safe-area-context' in project 'Pods'
        ➜ Explicit dependency on target 'react-native-track-player' in project 'Pods'
        ➜ Explicit dependency on target 'react-native-webview' in project 'Pods'
    Target 'react-native-webview' in project 'Pods'
        ➜ Explicit dependency on target 'RCTRequired' in project 'Pods'
        ➜ Explicit dependency on target 'RCTTypeSafety' in project 'Pods'
        ➜ Explicit dependency on target 'React-Core' in project 'Pods'
        ➜ Explicit dependency on target 'React-Core-prebuilt' in project 'Pods'
        ➜ Explicit dependency on target 'React-Fabric' in project 'Pods'
        ➜ Explicit dependency on target 'React-ImageManager' in project 'Pods'
        ➜ Explicit dependency on target 'React-NativeModulesApple' in project 'Pods'
        ➜ Explicit dependency on target 'React-RCTFabric' in project 'Pods'
        ➜ Explicit dependency on target 'React-debug' in project 'Pods'
        ➜ Explicit dependency on target 'React-featureflags' in project 'Pods'
        ➜ Explicit dependency on target 'React-graphics' in project 'Pods'
        ➜ Explicit dependency on target 'React-jsi' in project 'Pods'
        ➜ Explicit dependency on target 'React-renderercss' in project 'Pods'
        ➜ Explicit dependency on target 'React-rendererdebug' in project 'Pods'
        ➜ Explicit dependency on target 'React-utils' in project 'Pods'
        ➜ Explicit dependency on target 'ReactCodegen' in project 'Pods'
        ➜ Explicit dependency on target 'ReactCommon' in project 'Pods'
        ➜ Explicit dependency on target 'ReactNativeDependencies' in project 'Pods'
        ➜ Explicit dependency on target 'Yoga' in project 'Pods'
        ➜ Explicit dependency on target 'hermes-engine' in project 'Pods'
    Target 'react-native-track-player' in project 'Pods'
        ➜ Explicit dependency on target 'RCTRequired' in project 'Pods'
        ➜ Explicit dependency on target 'RCTTypeSafety' in project 'Pods'
        ➜ Explicit dependency on target 'React-Core' in project 'Pods'
        ➜ Explicit dependency on target 'React-Core-prebuilt' in project 'Pods'
        ➜ Explicit dependency on target 'React-Fabric' in project 'Pods'
        ➜ Explicit dependency on target 'React-ImageManager' in project 'Pods'
        ➜ Explicit dependency on target 'React-NativeModulesApple' in project 'Pods'
        ➜ Explicit dependency on target 'React-RCTFabric' in project 'Pods'
        ➜ Explicit dependency on target 'React-debug' in project 'Pods'
        ➜ Explicit dependency on target 'React-featureflags' in project 'Pods'
        ➜ Explicit dependency on target 'React-graphics' in project 'Pods'
        ➜ Explicit dependency on target 'React-jsi' in project 'Pods'
        ➜ Explicit dependency on target 'React-renderercss' in project 'Pods'
        ➜ Explicit dependency on target 'React-rendererdebug' in project 'Pods'
        ➜ Explicit dependency on target 'React-utils' in project 'Pods'
        ➜ Explicit dependency on target 'ReactCodegen' in project 'Pods'
        ➜ Explicit dependency on target 'ReactCommon' in project 'Pods'
        ➜ Explicit dependency on target 'ReactNativeDependencies' in project 'Pods'
        ➜ Explicit dependency on target 'SwiftAudioEx' in project 'Pods'
        ➜ Explicit dependency on target 'Yoga' in project 'Pods'
        ➜ Explicit dependency on target 'hermes-engine' in project 'Pods'
    Target 'react-native-safe-area-context' in project 'Pods'
        ➜ Explicit dependency on target 'RCTRequired' in project 'Pods'
        ➜ Explicit dependency on target 'RCTTypeSafety' in project 'Pods'
        ➜ Explicit dependency on target 'React-Core' in project 'Pods'
        ➜ Explicit dependency on target 'React-Core-prebuilt' in project 'Pods'
        ➜ Explicit dependency on target 'React-Fabric' in project 'Pods'
        ➜ Explicit dependency on target 'React-ImageManager' in project 'Pods'
        ➜ Explicit dependency on target 'React-NativeModulesApple' in project 'Pods'
        ➜ Explicit dependency on target 'React-RCTFabric' in project 'Pods'
        ➜ Explicit dependency on target 'React-debug' in project 'Pods'
        ➜ Explicit dependency on target 'React-featureflags' in project 'Pods'
        ➜ Explicit dependency on target 'React-graphics' in project 'Pods'
        ➜ Explicit dependency on target 'React-jsi' in project 'Pods'
        ➜ Explicit dependency on target 'React-renderercss' in project 'Pods'
        ➜ Explicit dependency on target 'React-rendererdebug' in project 'Pods'
        ➜ Explicit dependency on target 'React-utils' in project 'Pods'
        ➜ Explicit dependency on target 'ReactCodegen' in project 'Pods'
        ➜ Explicit dependency on target 'ReactCommon' in project 'Pods'
        ➜ Explicit dependency on target 'ReactNativeDependencies' in project 'Pods'
        ➜ Explicit dependency on target 'Yoga' in project 'Pods'
        ➜ Explicit dependency on target 'hermes-engine' in project 'Pods'
    Target 'react-native-pdf' in project 'Pods'
        ➜ Explicit dependency on target 'RCTRequired' in project 'Pods'
        ➜ Explicit dependency on target 'RCTTypeSafety' in project 'Pods'
        ➜ Explicit dependency on target 'React-Core' in project 'Pods'
        ➜ Explicit dependency on target 'React-Core-prebuilt' in project 'Pods'
        ➜ Explicit dependency on target 'React-Fabric' in project 'Pods'
        ➜ Explicit dependency on target 'React-ImageManager' in project 'Pods'
        ➜ Explicit dependency on target 'React-NativeModulesApple' in project 'Pods'
        ➜ Explicit dependency on target 'React-RCTFabric' in project 'Pods'
        ➜ Explicit dependency on target 'React-debug' in project 'Pods'
        ➜ Explicit dependency on target 'React-featureflags' in project 'Pods'
        ➜ Explicit dependency on target 'React-graphics' in project 'Pods'
        ➜ Explicit dependency on target 'React-jsi' in project 'Pods'
        ➜ Explicit dependency on target 'React-renderercss' in project 'Pods'
        ➜ Explicit dependency on target 'React-rendererdebug' in project 'Pods'
        ➜ Explicit dependency on target 'React-utils' in project 'Pods'
        ➜ Explicit dependency on target 'ReactCodegen' in project 'Pods'
        ➜ Explicit dependency on target 'ReactCommon' in project 'Pods'
        ➜ Explicit dependency on target 'ReactNativeDependencies' in project 'Pods'
        ➜ Explicit dependency on target 'Yoga' in project 'Pods'
        ➜ Explicit dependency on target 'hermes-engine' in project 'Pods'
    Target 'react-native-context-menu-view' in project 'Pods'
        ➜ Explicit dependency on target 'React' in project 'Pods'
    Target 'react-native-blob-util' in project 'Pods'
        ➜ Explicit dependency on target 'RCTRequired' in project 'Pods'
        ➜ Explicit dependency on target 'RCTTypeSafety' in project 'Pods'
        ➜ Explicit dependency on target 'React-Core' in project 'Pods'
        ➜ Explicit dependency on target 'React-Core-prebuilt' in project 'Pods'
        ➜ Explicit dependency on target 'React-Fabric' in project 'Pods'
        ➜ Explicit dependency on target 'React-ImageManager' in project 'Pods'
        ➜ Explicit dependency on target 'React-NativeModulesApple' in project 'Pods'
        ➜ Explicit dependency on target 'React-RCTFabric' in project 'Pods'
        ➜ Explicit dependency on target 'React-debug' in project 'Pods'
        ➜ Explicit dependency on target 'React-featureflags' in project 'Pods'
        ➜ Explicit dependency on target 'React-graphics' in project 'Pods'
        ➜ Explicit dependency on target 'React-jsi' in project 'Pods'
        ➜ Explicit dependency on target 'React-renderercss' in project 'Pods'
        ➜ Explicit dependency on target 'React-rendererdebug' in project 'Pods'
        ➜ Explicit dependency on target 'React-utils' in project 'Pods'
        ➜ Explicit dependency on target 'ReactCodegen' in project 'Pods'
        ➜ Explicit dependency on target 'ReactCommon' in project 'Pods'
        ➜ Explicit dependency on target 'ReactNativeDependencies' in project 'Pods'
        ➜ Explicit dependency on target 'Yoga' in project 'Pods'
        ➜ Explicit dependency on target 'hermes-engine' in project 'Pods'
        ➜ Explicit dependency on target 'react-native-blob-util-ReactNativeBlobUtilPrivacyInfo' in project 'Pods'
    Target 'react-native-blob-util-ReactNativeBlobUtilPrivacyInfo' in project 'Pods' (no dependencies)
    Target 'expo-dev-client' in project 'Pods'
        ➜ Explicit dependency on target 'EXManifests' in project 'Pods'
        ➜ Explicit dependency on target 'expo-dev-launcher' in project 'Pods'
        ➜ Explicit dependency on target 'expo-dev-menu' in project 'Pods'
        ➜ Explicit dependency on target 'expo-dev-menu-interface' in project 'Pods'
        ➜ Explicit dependency on target 'EXUpdatesInterface' in project 'Pods'
    Target 'expo-dev-launcher' in project 'Pods'
        ➜ Explicit dependency on target 'EXManifests' in project 'Pods'
        ➜ Explicit dependency on target 'EXUpdatesInterface' in project 'Pods'
        ➜ Explicit dependency on target 'ExpoModulesCore' in project 'Pods'
        ➜ Explicit dependency on target 'RCTRequired' in project 'Pods'
        ➜ Explicit dependency on target 'RCTTypeSafety' in project 'Pods'
        ➜ Explicit dependency on target 'React-Core' in project 'Pods'
        ➜ Explicit dependency on target 'React-Core-prebuilt' in project 'Pods'
        ➜ Explicit dependency on target 'React-Fabric' in project 'Pods'
        ➜ Explicit dependency on target 'React-ImageManager' in project 'Pods'
        ➜ Explicit dependency on target 'React-NativeModulesApple' in project 'Pods'
        ➜ Explicit dependency on target 'React-RCTAppDelegate' in project 'Pods'
        ➜ Explicit dependency on target 'React-RCTFabric' in project 'Pods'
        ➜ Explicit dependency on target 'React-debug' in project 'Pods'
        ➜ Explicit dependency on target 'React-featureflags' in project 'Pods'
        ➜ Explicit dependency on target 'React-graphics' in project 'Pods'
        ➜ Explicit dependency on target 'React-jsi' in project 'Pods'
        ➜ Explicit dependency on target 'React-jsinspector' in project 'Pods'
        ➜ Explicit dependency on target 'React-renderercss' in project 'Pods'
        ➜ Explicit dependency on target 'React-rendererdebug' in project 'Pods'
        ➜ Explicit dependency on target 'React-utils' in project 'Pods'
        ➜ Explicit dependency on target 'ReactAppDependencyProvider' in project 'Pods'
        ➜ Explicit dependency on target 'ReactCodegen' in project 'Pods'
        ➜ Explicit dependency on target 'ReactCommon' in project 'Pods'
        ➜ Explicit dependency on target 'ReactNativeDependencies' in project 'Pods'
        ➜ Explicit dependency on target 'Yoga' in project 'Pods'
        ➜ Explicit dependency on target 'expo-dev-launcher-EXDevLauncher' in project 'Pods'
        ➜ Explicit dependency on target 'expo-dev-menu' in project 'Pods'
        ➜ Explicit dependency on target 'expo-dev-menu-interface' in project 'Pods'
        ➜ Explicit dependency on target 'hermes-engine' in project 'Pods'
    Target 'expo-dev-menu' in project 'Pods'
        ➜ Explicit dependency on target 'EXManifests' in project 'Pods'
        ➜ Explicit dependency on target 'ExpoModulesCore' in project 'Pods'
        ➜ Explicit dependency on target 'RCTRequired' in project 'Pods'
        ➜ Explicit dependency on target 'RCTTypeSafety' in project 'Pods'
        ➜ Explicit dependency on target 'React-Core' in project 'Pods'
        ➜ Explicit dependency on target 'React-Core-prebuilt' in project 'Pods'
        ➜ Explicit dependency on target 'React-Fabric' in project 'Pods'
        ➜ Explicit dependency on target 'React-ImageManager' in project 'Pods'
        ➜ Explicit dependency on target 'React-NativeModulesApple' in project 'Pods'
        ➜ Explicit dependency on target 'React-RCTFabric' in project 'Pods'
        ➜ Explicit dependency on target 'React-debug' in project 'Pods'
        ➜ Explicit dependency on target 'React-featureflags' in project 'Pods'
        ➜ Explicit dependency on target 'React-graphics' in project 'Pods'
        ➜ Explicit dependency on target 'React-jsi' in project 'Pods'
        ➜ Explicit dependency on target 'React-jsinspector' in project 'Pods'
        ➜ Explicit dependency on target 'React-renderercss' in project 'Pods'
        ➜ Explicit dependency on target 'React-rendererdebug' in project 'Pods'
        ➜ Explicit dependency on target 'React-utils' in project 'Pods'
        ➜ Explicit dependency on target 'ReactCodegen' in project 'Pods'
        ➜ Explicit dependency on target 'ReactCommon' in project 'Pods'
        ➜ Explicit dependency on target 'ReactNativeDependencies' in project 'Pods'
        ➜ Explicit dependency on target 'Yoga' in project 'Pods'
        ➜ Explicit dependency on target 'expo-dev-menu-EXDevMenu' in project 'Pods'
        ➜ Explicit dependency on target 'expo-dev-menu-interface' in project 'Pods'
        ➜ Explicit dependency on target 'hermes-engine' in project 'Pods'
    Target 'expo-dev-menu-interface' in project 'Pods' (no dependencies)
    Target 'expo-dev-menu-EXDevMenu' in project 'Pods' (no dependencies)
    Target 'expo-dev-launcher-EXDevLauncher' in project 'Pods' (no dependencies)
    Target 'SwiftAudioEx' in project 'Pods' (no dependencies)
    Target 'RNSentry' in project 'Pods'
        ➜ Explicit dependency on target 'RCTRequired' in project 'Pods'
        ➜ Explicit dependency on target 'RCTTypeSafety' in project 'Pods'
        ➜ Explicit dependency on target 'React-Core' in project 'Pods'
        ➜ Explicit dependency on target 'React-Core-prebuilt' in project 'Pods'
        ➜ Explicit dependency on target 'React-Fabric' in project 'Pods'
        ➜ Explicit dependency on target 'React-ImageManager' in project 'Pods'
        ➜ Explicit dependency on target 'React-NativeModulesApple' in project 'Pods'
        ➜ Explicit dependency on target 'React-RCTFabric' in project 'Pods'
        ➜ Explicit dependency on target 'React-debug' in project 'Pods'
        ➜ Explicit dependency on target 'React-featureflags' in project 'Pods'
        ➜ Explicit dependency on target 'React-graphics' in project 'Pods'
        ➜ Explicit dependency on target 'React-hermes' in project 'Pods'
        ➜ Explicit dependency on target 'React-jsi' in project 'Pods'
        ➜ Explicit dependency on target 'React-renderercss' in project 'Pods'
        ➜ Explicit dependency on target 'React-rendererdebug' in project 'Pods'
        ➜ Explicit dependency on target 'React-utils' in project 'Pods'
        ➜ Explicit dependency on target 'ReactCodegen' in project 'Pods'
        ➜ Explicit dependency on target 'ReactCommon' in project 'Pods'
        ➜ Explicit dependency on target 'ReactNativeDependencies' in project 'Pods'
        ➜ Explicit dependency on target 'Sentry' in project 'Pods'
        ➜ Explicit dependency on target 'Yoga' in project 'Pods'
        ➜ Explicit dependency on target 'hermes-engine' in project 'Pods'
    Target 'Sentry' in project 'Pods'
        ➜ Explicit dependency on target 'Sentry-Sentry' in project 'Pods'
    Target 'Sentry-Sentry' in project 'Pods' (no dependencies)
    Target 'RNSVG' in project 'Pods'
        ➜ Explicit dependency on target 'RCTRequired' in project 'Pods'
        ➜ Explicit dependency on target 'RCTTypeSafety' in project 'Pods'
        ➜ Explicit dependency on target 'RNSVG-RNSVGFilters' in project 'Pods'
        ➜ Explicit dependency on target 'React-Core' in project 'Pods'
        ➜ Explicit dependency on target 'React-Core-prebuilt' in project 'Pods'
        ➜ Explicit dependency on target 'React-Fabric' in project 'Pods'
        ➜ Explicit dependency on target 'React-ImageManager' in project 'Pods'
        ➜ Explicit dependency on target 'React-NativeModulesApple' in project 'Pods'
        ➜ Explicit dependency on target 'React-RCTFabric' in project 'Pods'
        ➜ Explicit dependency on target 'React-debug' in project 'Pods'
        ➜ Explicit dependency on target 'React-featureflags' in project 'Pods'
        ➜ Explicit dependency on target 'React-graphics' in project 'Pods'
        ➜ Explicit dependency on target 'React-jsi' in project 'Pods'
        ➜ Explicit dependency on target 'React-renderercss' in project 'Pods'
        ➜ Explicit dependency on target 'React-rendererdebug' in project 'Pods'
        ➜ Explicit dependency on target 'React-utils' in project 'Pods'
        ➜ Explicit dependency on target 'ReactCodegen' in project 'Pods'
        ➜ Explicit dependency on target 'ReactCommon' in project 'Pods'
        ➜ Explicit dependency on target 'ReactNativeDependencies' in project 'Pods'
        ➜ Explicit dependency on target 'Yoga' in project 'Pods'
        ➜ Explicit dependency on target 'hermes-engine' in project 'Pods'
    Target 'RNSVG-RNSVGFilters' in project 'Pods' (no dependencies)
    Target 'RNReanimated' in project 'Pods'
        ➜ Explicit dependency on target 'RCTRequired' in project 'Pods'
        ➜ Explicit dependency on target 'RCTTypeSafety' in project 'Pods'
        ➜ Explicit dependency on target 'RNWorklets' in project 'Pods'
        ➜ Explicit dependency on target 'React-Core' in project 'Pods'
        ➜ Explicit dependency on target 'React-Core-prebuilt' in project 'Pods'
        ➜ Explicit dependency on target 'React-Fabric' in project 'Pods'
        ➜ Explicit dependency on target 'React-ImageManager' in project 'Pods'
        ➜ Explicit dependency on target 'React-NativeModulesApple' in project 'Pods'
        ➜ Explicit dependency on target 'React-RCTFabric' in project 'Pods'
        ➜ Explicit dependency on target 'React-debug' in project 'Pods'
        ➜ Explicit dependency on target 'React-featureflags' in project 'Pods'
        ➜ Explicit dependency on target 'React-graphics' in project 'Pods'
        ➜ Explicit dependency on target 'React-hermes' in project 'Pods'
        ➜ Explicit dependency on target 'React-jsi' in project 'Pods'
        ➜ Explicit dependency on target 'React-renderercss' in project 'Pods'
        ➜ Explicit dependency on target 'React-rendererdebug' in project 'Pods'
        ➜ Explicit dependency on target 'React-utils' in project 'Pods'
        ➜ Explicit dependency on target 'ReactCodegen' in project 'Pods'
        ➜ Explicit dependency on target 'ReactCommon' in project 'Pods'
        ➜ Explicit dependency on target 'ReactNativeDependencies' in project 'Pods'
        ➜ Explicit dependency on target 'Yoga' in project 'Pods'
        ➜ Explicit dependency on target 'hermes-engine' in project 'Pods'
    Target 'RNGestureHandler' in project 'Pods'
        ➜ Explicit dependency on target 'RCTRequired' in project 'Pods'
        ➜ Explicit dependency on target 'RCTTypeSafety' in project 'Pods'
        ➜ Explicit dependency on target 'React-Core' in project 'Pods'
        ➜ Explicit dependency on target 'React-Core-prebuilt' in project 'Pods'
        ➜ Explicit dependency on target 'React-Fabric' in project 'Pods'
        ➜ Explicit dependency on target 'React-ImageManager' in project 'Pods'
        ➜ Explicit dependency on target 'React-NativeModulesApple' in project 'Pods'
        ➜ Explicit dependency on target 'React-RCTFabric' in project 'Pods'
        ➜ Explicit dependency on target 'React-debug' in project 'Pods'
        ➜ Explicit dependency on target 'React-featureflags' in project 'Pods'
        ➜ Explicit dependency on target 'React-graphics' in project 'Pods'
        ➜ Explicit dependency on target 'React-jsi' in project 'Pods'
        ➜ Explicit dependency on target 'React-renderercss' in project 'Pods'
        ➜ Explicit dependency on target 'React-rendererdebug' in project 'Pods'
        ➜ Explicit dependency on target 'React-utils' in project 'Pods'
        ➜ Explicit dependency on target 'ReactCodegen' in project 'Pods'
        ➜ Explicit dependency on target 'ReactCommon' in project 'Pods'
        ➜ Explicit dependency on target 'ReactNativeDependencies' in project 'Pods'
        ➜ Explicit dependency on target 'Yoga' in project 'Pods'
        ➜ Explicit dependency on target 'hermes-engine' in project 'Pods'
    Target 'PdfThumbnail' in project 'Pods'
        ➜ Explicit dependency on target 'ExpoModulesCore' in project 'Pods'
    Target 'ExpoWebBrowser' in project 'Pods'
        ➜ Explicit dependency on target 'ExpoModulesCore' in project 'Pods'
    Target 'ExpoVideo' in project 'Pods'
        ➜ Explicit dependency on target 'ExpoModulesCore' in project 'Pods'
    Target 'ExpoTaskManager' in project 'Pods'
        ➜ Explicit dependency on target 'ExpoModulesCore' in project 'Pods'
        ➜ Explicit dependency on target 'ExpoTaskManager-ExpoTaskManager_privacy' in project 'Pods'
        ➜ Explicit dependency on target 'UMAppLoader' in project 'Pods'
    Target 'UMAppLoader' in project 'Pods' (no dependencies)
    Target 'ExpoTaskManager-ExpoTaskManager_privacy' in project 'Pods' (no dependencies)
    Target 'ExpoSystemUI' in project 'Pods'
        ➜ Explicit dependency on target 'ExpoModulesCore' in project 'Pods'
        ➜ Explicit dependency on target 'ExpoSystemUI-ExpoSystemUI_privacy' in project 'Pods'
    Target 'ExpoSystemUI-ExpoSystemUI_privacy' in project 'Pods' (no dependencies)
    Target 'ExpoSymbols' in project 'Pods'
        ➜ Explicit dependency on target 'ExpoModulesCore' in project 'Pods'
    Target 'ExpoSplashScreen' in project 'Pods'
        ➜ Explicit dependency on target 'ExpoModulesCore' in project 'Pods'
    Target 'ExpoSharing' in project 'Pods'
        ➜ Explicit dependency on target 'ExpoModulesCore' in project 'Pods'
    Target 'ExpoSecureStore' in project 'Pods'
        ➜ Explicit dependency on target 'ExpoModulesCore' in project 'Pods'
    Target 'ExpoScreenOrientation' in project 'Pods'
        ➜ Explicit dependency on target 'ExpoModulesCore' in project 'Pods'
        ➜ Explicit dependency on target 'RCTRequired' in project 'Pods'
        ➜ Explicit dependency on target 'RCTTypeSafety' in project 'Pods'
        ➜ Explicit dependency on target 'React-Core' in project 'Pods'
        ➜ Explicit dependency on target 'React-Core-prebuilt' in project 'Pods'
        ➜ Explicit dependency on target 'React-Fabric' in project 'Pods'
        ➜ Explicit dependency on target 'React-ImageManager' in project 'Pods'
        ➜ Explicit dependency on target 'React-NativeModulesApple' in project 'Pods'
        ➜ Explicit dependency on target 'React-RCTFabric' in project 'Pods'
        ➜ Explicit dependency on target 'React-debug' in project 'Pods'
        ➜ Explicit dependency on target 'React-featureflags' in project 'Pods'
        ➜ Explicit dependency on target 'React-graphics' in project 'Pods'
        ➜ Explicit dependency on target 'React-jsi' in project 'Pods'
        ➜ Explicit dependency on target 'React-renderercss' in project 'Pods'
        ➜ Explicit dependency on target 'React-rendererdebug' in project 'Pods'
        ➜ Explicit dependency on target 'React-utils' in project 'Pods'
        ➜ Explicit dependency on target 'ReactCodegen' in project 'Pods'
        ➜ Explicit dependency on target 'ReactCommon' in project 'Pods'
        ➜ Explicit dependency on target 'ReactNativeDependencies' in project 'Pods'
        ➜ Explicit dependency on target 'Yoga' in project 'Pods'
        ➜ Explicit dependency on target 'hermes-engine' in project 'Pods'
    Target 'ExpoRouter' in project 'Pods'
        ➜ Explicit dependency on target 'ExpoModulesCore' in project 'Pods'
        ➜ Explicit dependency on target 'RNScreens' in project 'Pods'
    Target 'RNScreens' in project 'Pods'
        ➜ Explicit dependency on target 'RCTRequired' in project 'Pods'
        ➜ Explicit dependency on target 'RCTTypeSafety' in project 'Pods'
        ➜ Explicit dependency on target 'React-Core' in project 'Pods'
        ➜ Explicit dependency on target 'React-Core-prebuilt' in project 'Pods'
        ➜ Explicit dependency on target 'React-Fabric' in project 'Pods'
        ➜ Explicit dependency on target 'React-ImageManager' in project 'Pods'
        ➜ Explicit dependency on target 'React-NativeModulesApple' in project 'Pods'
        ➜ Explicit dependency on target 'React-RCTFabric' in project 'Pods'
        ➜ Explicit dependency on target 'React-RCTImage' in project 'Pods'
        ➜ Explicit dependency on target 'React-debug' in project 'Pods'
        ➜ Explicit dependency on target 'React-featureflags' in project 'Pods'
        ➜ Explicit dependency on target 'React-graphics' in project 'Pods'
        ➜ Explicit dependency on target 'React-jsi' in project 'Pods'
        ➜ Explicit dependency on target 'React-renderercss' in project 'Pods'
        ➜ Explicit dependency on target 'React-rendererdebug' in project 'Pods'
        ➜ Explicit dependency on target 'React-utils' in project 'Pods'
        ➜ Explicit dependency on target 'ReactCodegen' in project 'Pods'
        ➜ Explicit dependency on target 'ReactCommon' in project 'Pods'
        ➜ Explicit dependency on target 'ReactNativeDependencies' in project 'Pods'
        ➜ Explicit dependency on target 'Yoga' in project 'Pods'
        ➜ Explicit dependency on target 'hermes-engine' in project 'Pods'
    Target 'ExpoNotifications' in project 'Pods'
        ➜ Explicit dependency on target 'ExpoModulesCore' in project 'Pods'
        ➜ Explicit dependency on target 'ExpoNotifications-ExpoNotifications_privacy' in project 'Pods'
    Target 'ExpoNotifications-ExpoNotifications_privacy' in project 'Pods' (no dependencies)
    Target 'ExpoLogBox' in project 'Pods'
        ➜ Explicit dependency on target 'React-Core' in project 'Pods'
    Target 'ExpoLinking' in project 'Pods'
        ➜ Explicit dependency on target 'ExpoModulesCore' in project 'Pods'
    Target 'ExpoKeepAwake' in project 'Pods'
        ➜ Explicit dependency on target 'ExpoModulesCore' in project 'Pods'
    Target 'ExpoImage' in project 'Pods'
        ➜ Explicit dependency on target 'ExpoModulesCore' in project 'Pods'
        ➜ Explicit dependency on target 'SDWebImage' in project 'Pods'
        ➜ Explicit dependency on target 'SDWebImageAVIFCoder' in project 'Pods'
        ➜ Explicit dependency on target 'SDWebImageSVGCoder' in project 'Pods'
        ➜ Explicit dependency on target 'SDWebImageWebPCoder' in project 'Pods'
        ➜ Explicit dependency on target 'libavif' in project 'Pods'
    Target 'SDWebImageWebPCoder' in project 'Pods'
        ➜ Explicit dependency on target 'SDWebImage' in project 'Pods'
        ➜ Explicit dependency on target 'libwebp' in project 'Pods'
    Target 'libwebp' in project 'Pods' (no dependencies)
    Target 'SDWebImageSVGCoder' in project 'Pods'
        ➜ Explicit dependency on target 'SDWebImage' in project 'Pods'
    Target 'SDWebImageAVIFCoder' in project 'Pods'
        ➜ Explicit dependency on target 'SDWebImage' in project 'Pods'
        ➜ Explicit dependency on target 'libavif' in project 'Pods'
    Target 'libavif' in project 'Pods'
        ➜ Explicit dependency on target 'libdav1d' in project 'Pods'
    Target 'libdav1d' in project 'Pods' (no dependencies)
    Target 'SDWebImage' in project 'Pods'
        ➜ Explicit dependency on target 'SDWebImage-SDWebImage' in project 'Pods'
    Target 'SDWebImage-SDWebImage' in project 'Pods' (no dependencies)
    Target 'ExpoHaptics' in project 'Pods'
        ➜ Explicit dependency on target 'ExpoModulesCore' in project 'Pods'
    Target 'ExpoGlassEffect' in project 'Pods'
        ➜ Explicit dependency on target 'ExpoModulesCore' in project 'Pods'
    Target 'ExpoFont' in project 'Pods'
        ➜ Explicit dependency on target 'ExpoModulesCore' in project 'Pods'
    Target 'ExpoFileSystem' in project 'Pods'
        ➜ Explicit dependency on target 'ExpoFileSystem-ExpoFileSystem_privacy' in project 'Pods'
        ➜ Explicit dependency on target 'ExpoModulesCore' in project 'Pods'
    Target 'ExpoFileSystem-ExpoFileSystem_privacy' in project 'Pods' (no dependencies)
    Target 'ExpoDomWebView' in project 'Pods'
        ➜ Explicit dependency on target 'ExpoModulesCore' in project 'Pods'
    Target 'ExpoCrypto' in project 'Pods'
        ➜ Explicit dependency on target 'ExpoModulesCore' in project 'Pods'
    Target 'ExpoBackgroundFetch' in project 'Pods'
        ➜ Explicit dependency on target 'ExpoModulesCore' in project 'Pods'
    Target 'ExpoAsset' in project 'Pods'
        ➜ Explicit dependency on target 'ExpoModulesCore' in project 'Pods'
    Target 'EXUpdatesInterface' in project 'Pods'
        ➜ Explicit dependency on target 'ExpoModulesCore' in project 'Pods'
    Target 'EXManifests' in project 'Pods'
        ➜ Explicit dependency on target 'ExpoModulesCore' in project 'Pods'
    Target 'EXJSONUtils' in project 'Pods' (no dependencies)
    Target 'EXConstants' in project 'Pods'
        ➜ Explicit dependency on target 'EXConstants-EXConstants' in project 'Pods'
        ➜ Explicit dependency on target 'EXConstants-ExpoConstants_privacy' in project 'Pods'
        ➜ Explicit dependency on target 'ExpoModulesCore' in project 'Pods'
    Target 'EXConstants-ExpoConstants_privacy' in project 'Pods' (no dependencies)
    Target 'EXConstants-EXConstants' in project 'Pods' (no dependencies)
    Target 'EXApplication' in project 'Pods'
        ➜ Explicit dependency on target 'EXApplication-ExpoApplication_privacy' in project 'Pods'
        ➜ Explicit dependency on target 'ExpoModulesCore' in project 'Pods'
    Target 'EXApplication-ExpoApplication_privacy' in project 'Pods' (no dependencies)
    Target 'BVLinearGradient' in project 'Pods'
        ➜ Explicit dependency on target 'React-Core' in project 'Pods'
    Target 'ExpoWidgetsTarget' in project 'Gumroad'
        ➜ Implicit dependency on target 'Pods-ExpoWidgetsTarget' in project 'Pods' via file 'libPods-ExpoWidgetsTarget.a' in build phase 'Link Binary'
        ➜ Implicit dependency on target 'Expo' in project 'Pods' via options '-lExpo' in build setting 'OTHER_LDFLAGS'
        ➜ Implicit dependency on target 'ExpoModulesCore' in project 'Pods' via options '-lExpoModulesCore' in build setting 'OTHER_LDFLAGS'
        ➜ Implicit dependency on target 'ExpoModulesJSI' in project 'Pods' via options '-lExpoModulesJSI' in build setting 'OTHER_LDFLAGS'
        ➜ Implicit dependency on target 'ExpoUI' in project 'Pods' via options '-lExpoUI' in build setting 'OTHER_LDFLAGS'
        ➜ Implicit dependency on target 'ExpoWidgets' in project 'Pods' via options '-lExpoWidgets' in build setting 'OTHER_LDFLAGS'
        ➜ Implicit dependency on target 'RCTSwiftUI' in project 'Pods' via options '-lRCTSwiftUI' in build setting 'OTHER_LDFLAGS'
        ➜ Implicit dependency on target 'RCTSwiftUIWrapper' in project 'Pods' via options '-lRCTSwiftUIWrapper' in build setting 'OTHER_LDFLAGS'
        ➜ Implicit dependency on target 'RNWorklets' in project 'Pods' via options '-lRNWorklets' in build setting 'OTHER_LDFLAGS'
        ➜ Implicit dependency on target 'ReactAppDependencyProvider' in project 'Pods' via options '-lReactAppDependencyProvider' in build setting 'OTHER_LDFLAGS'
        ➜ Implicit dependency on target 'ReactCodegen' in project 'Pods' via options '-lReactCodegen' in build setting 'OTHER_LDFLAGS'
    Target 'Pods-ExpoWidgetsTarget' in project 'Pods'
        ➜ Explicit dependency on target 'Expo' in project 'Pods'
        ➜ Explicit dependency on target 'ExpoModulesCore' in project 'Pods'
        ➜ Explicit dependency on target 'ExpoModulesJSI' in project 'Pods'
        ➜ Explicit dependency on target 'ExpoUI' in project 'Pods'
        ➜ Explicit dependency on target 'ExpoWidgets' in project 'Pods'
        ➜ Explicit dependency on target 'FBLazyVector' in project 'Pods'
        ➜ Explicit dependency on target 'RCTDeprecation' in project 'Pods'
        ➜ Explicit dependency on target 'RCTRequired' in project 'Pods'
        ➜ Explicit dependency on target 'RCTSwiftUI' in project 'Pods'
        ➜ Explicit dependency on target 'RCTSwiftUIWrapper' in project 'Pods'
        ➜ Explicit dependency on target 'RCTTypeSafety' in project 'Pods'
        ➜ Explicit dependency on target 'RNWorklets' in project 'Pods'
        ➜ Explicit dependency on target 'React' in project 'Pods'
        ➜ Explicit dependency on target 'React-Core' in project 'Pods'
        ➜ Explicit dependency on target 'React-Core-prebuilt' in project 'Pods'
        ➜ Explicit dependency on target 'React-CoreModules' in project 'Pods'
        ➜ Explicit dependency on target 'React-Fabric' in project 'Pods'
        ➜ Explicit dependency on target 'React-FabricComponents' in project 'Pods'
        ➜ Explicit dependency on target 'React-FabricImage' in project 'Pods'
        ➜ Explicit dependency on target 'React-ImageManager' in project 'Pods'
        ➜ Explicit dependency on target 'React-Mapbuffer' in project 'Pods'
        ➜ Explicit dependency on target 'React-NativeModulesApple' in project 'Pods'
        ➜ Explicit dependency on target 'React-RCTActionSheet' in project 'Pods'
        ➜ Explicit dependency on target 'React-RCTAnimation' in project 'Pods'
        ➜ Explicit dependency on target 'React-RCTAppDelegate' in project 'Pods'
        ➜ Explicit dependency on target 'React-RCTBlob' in project 'Pods'
        ➜ Explicit dependency on target 'React-RCTFBReactNativeSpec' in project 'Pods'
        ➜ Explicit dependency on target 'React-RCTFabric' in project 'Pods'
        ➜ Explicit dependency on target 'React-RCTImage' in project 'Pods'
        ➜ Explicit dependency on target 'React-RCTLinking' in project 'Pods'
        ➜ Explicit dependency on target 'React-RCTNetwork' in project 'Pods'
        ➜ Explicit dependency on target 'React-RCTRuntime' in project 'Pods'
        ➜ Explicit dependency on target 'React-RCTSettings' in project 'Pods'
        ➜ Explicit dependency on target 'React-RCTText' in project 'Pods'
        ➜ Explicit dependency on target 'React-RCTVibration' in project 'Pods'
        ➜ Explicit dependency on target 'React-RuntimeApple' in project 'Pods'
        ➜ Explicit dependency on target 'React-RuntimeCore' in project 'Pods'
        ➜ Explicit dependency on target 'React-RuntimeHermes' in project 'Pods'
        ➜ Explicit dependency on target 'React-callinvoker' in project 'Pods'
        ➜ Explicit dependency on target 'React-cxxreact' in project 'Pods'
        ➜ Explicit dependency on target 'React-debug' in project 'Pods'
        ➜ Explicit dependency on target 'React-defaultsnativemodule' in project 'Pods'
        ➜ Explicit dependency on target 'React-domnativemodule' in project 'Pods'
        ➜ Explicit dependency on target 'React-featureflags' in project 'Pods'
        ➜ Explicit dependency on target 'React-featureflagsnativemodule' in project 'Pods'
        ➜ Explicit dependency on target 'React-graphics' in project 'Pods'
        ➜ Explicit dependency on target 'React-hermes' in project 'Pods'
        ➜ Explicit dependency on target 'React-idlecallbacksnativemodule' in project 'Pods'
        ➜ Explicit dependency on target 'React-intersectionobservernativemodule' in project 'Pods'
        ➜ Explicit dependency on target 'React-jserrorhandler' in project 'Pods'
        ➜ Explicit dependency on target 'React-jsi' in project 'Pods'
        ➜ Explicit dependency on target 'React-jsiexecutor' in project 'Pods'
        ➜ Explicit dependency on target 'React-jsinspector' in project 'Pods'
        ➜ Explicit dependency on target 'React-jsinspectorcdp' in project 'Pods'
        ➜ Explicit dependency on target 'React-jsinspectornetwork' in project 'Pods'
        ➜ Explicit dependency on target 'React-jsinspectortracing' in project 'Pods'
        ➜ Explicit dependency on target 'React-jsitooling' in project 'Pods'
        ➜ Explicit dependency on target 'React-jsitracing' in project 'Pods'
        ➜ Explicit dependency on target 'React-logger' in project 'Pods'
        ➜ Explicit dependency on target 'React-microtasksnativemodule' in project 'Pods'
        ➜ Explicit dependency on target 'React-networking' in project 'Pods'
        ➜ Explicit dependency on target 'React-oscompat' in project 'Pods'
        ➜ Explicit dependency on target 'React-perflogger' in project 'Pods'
        ➜ Explicit dependency on target 'React-performancecdpmetrics' in project 'Pods'
        ➜ Explicit dependency on target 'React-performancetimeline' in project 'Pods'
        ➜ Explicit dependency on target 'React-rendererconsistency' in project 'Pods'
        ➜ Explicit dependency on target 'React-renderercss' in project 'Pods'
        ➜ Explicit dependency on target 'React-rendererdebug' in project 'Pods'
        ➜ Explicit dependency on target 'React-runtimeexecutor' in project 'Pods'
        ➜ Explicit dependency on target 'React-runtimescheduler' in project 'Pods'
        ➜ Explicit dependency on target 'React-timing' in project 'Pods'
        ➜ Explicit dependency on target 'React-utils' in project 'Pods'
        ➜ Explicit dependency on target 'React-webperformancenativemodule' in project 'Pods'
        ➜ Explicit dependency on target 'ReactAppDependencyProvider' in project 'Pods'
        ➜ Explicit dependency on target 'ReactCodegen' in project 'Pods'
        ➜ Explicit dependency on target 'ReactCommon' in project 'Pods'
        ➜ Explicit dependency on target 'ReactNativeDependencies' in project 'Pods'
        ➜ Explicit dependency on target 'Yoga' in project 'Pods'
        ➜ Explicit dependency on target 'hermes-engine' in project 'Pods'
    Target 'React' in project 'Pods'
        ➜ Explicit dependency on target 'React-Core' in project 'Pods'
        ➜ Explicit dependency on target 'React-RCTActionSheet' in project 'Pods'
        ➜ Explicit dependency on target 'React-RCTAnimation' in project 'Pods'
        ➜ Explicit dependency on target 'React-RCTBlob' in project 'Pods'
        ➜ Explicit dependency on target 'React-RCTImage' in project 'Pods'
        ➜ Explicit dependency on target 'React-RCTLinking' in project 'Pods'
        ➜ Explicit dependency on target 'React-RCTNetwork' in project 'Pods'
        ➜ Explicit dependency on target 'React-RCTSettings' in project 'Pods'
        ➜ Explicit dependency on target 'React-RCTText' in project 'Pods'
        ➜ Explicit dependency on target 'React-RCTVibration' in project 'Pods'
    Target 'React-RCTVibration' in project 'Pods'
        ➜ Explicit dependency on target 'React-Core' in project 'Pods'
        ➜ Explicit dependency on target 'React-Core-prebuilt' in project 'Pods'
        ➜ Explicit dependency on target 'React-jsi' in project 'Pods'
        ➜ Explicit dependency on target 'React-NativeModulesApple' in project 'Pods'
        ➜ Explicit dependency on target 'React-RCTFBReactNativeSpec' in project 'Pods'
        ➜ Explicit dependency on target 'ReactCommon' in project 'Pods'
        ➜ Explicit dependency on target 'ReactNativeDependencies' in project 'Pods'
    Target 'React-RCTSettings' in project 'Pods'
        ➜ Explicit dependency on target 'RCTTypeSafety' in project 'Pods'
        ➜ Explicit dependency on target 'React-Core' in project 'Pods'
        ➜ Explicit dependency on target 'React-Core-prebuilt' in project 'Pods'
        ➜ Explicit dependency on target 'React-jsi' in project 'Pods'
        ➜ Explicit dependency on target 'React-NativeModulesApple' in project 'Pods'
        ➜ Explicit dependency on target 'React-RCTFBReactNativeSpec' in project 'Pods'
        ➜ Explicit dependency on target 'ReactCommon' in project 'Pods'
        ➜ Explicit dependency on target 'ReactNativeDependencies' in project 'Pods'
    Target 'React-RCTLinking' in project 'Pods'
        ➜ Explicit dependency on target 'React-Core' in project 'Pods'
        ➜ Explicit dependency on target 'React-jsi' in project 'Pods'
        ➜ Explicit dependency on target 'React-NativeModulesApple' in project 'Pods'
        ➜ Explicit dependency on target 'React-RCTFBReactNativeSpec' in project 'Pods'
        ➜ Explicit dependency on target 'ReactCommon' in project 'Pods'
    Target 'React-RCTActionSheet' in project 'Pods'
        ➜ Explicit dependency on target 'React-Core' in project 'Pods'
    Target 'ExpoWidgets' in project 'Pods'
        ➜ Explicit dependency on target 'ExpoModulesCore' in project 'Pods'
        ➜ Explicit dependency on target 'ExpoUI' in project 'Pods'
        ➜ Explicit dependency on target 'ExpoWidgets-ExpoWidgets' in project 'Pods'
    Target 'ExpoWidgets-ExpoWidgets' in project 'Pods' (no dependencies)
    Target 'ExpoUI' in project 'Pods'
        ➜ Explicit dependency on target 'ExpoModulesCore' in project 'Pods'
        ➜ Explicit dependency on target 'React-RCTFabric' in project 'Pods'
    Target 'Expo' in project 'Pods'
        ➜ Explicit dependency on target 'ExpoModulesCore' in project 'Pods'
        ➜ Explicit dependency on target 'RCTRequired' in project 'Pods'
        ➜ Explicit dependency on target 'RCTTypeSafety' in project 'Pods'
        ➜ Explicit dependency on target 'React-Core' in project 'Pods'
        ➜ Explicit dependency on target 'React-Core-prebuilt' in project 'Pods'
        ➜ Explicit dependency on target 'React-Fabric' in project 'Pods'
        ➜ Explicit dependency on target 'React-ImageManager' in project 'Pods'
        ➜ Explicit dependency on target 'React-NativeModulesApple' in project 'Pods'
        ➜ Explicit dependency on target 'React-RCTAppDelegate' in project 'Pods'
        ➜ Explicit dependency on target 'React-RCTFabric' in project 'Pods'
        ➜ Explicit dependency on target 'React-debug' in project 'Pods'
        ➜ Explicit dependency on target 'React-featureflags' in project 'Pods'
        ➜ Explicit dependency on target 'React-graphics' in project 'Pods'
        ➜ Explicit dependency on target 'React-jsi' in project 'Pods'
        ➜ Explicit dependency on target 'React-renderercss' in project 'Pods'
        ➜ Explicit dependency on target 'React-rendererdebug' in project 'Pods'
        ➜ Explicit dependency on target 'React-utils' in project 'Pods'
        ➜ Explicit dependency on target 'ReactAppDependencyProvider' in project 'Pods'
        ➜ Explicit dependency on target 'ReactCodegen' in project 'Pods'
        ➜ Explicit dependency on target 'ReactCommon' in project 'Pods'
        ➜ Explicit dependency on target 'ReactNativeDependencies' in project 'Pods'
        ➜ Explicit dependency on target 'Yoga' in project 'Pods'
        ➜ Explicit dependency on target 'hermes-engine' in project 'Pods'
    Target 'ReactAppDependencyProvider' in project 'Pods'
        ➜ Explicit dependency on target 'ReactCodegen' in project 'Pods'
    Target 'ExpoModulesCore' in project 'Pods'
        ➜ Explicit dependency on target 'ExpoModulesJSI' in project 'Pods'
        ➜ Explicit dependency on target 'RCTRequired' in project 'Pods'
        ➜ Explicit dependency on target 'RCTTypeSafety' in project 'Pods'
        ➜ Explicit dependency on target 'RNWorklets' in project 'Pods'
        ➜ Explicit dependency on target 'React-Core' in project 'Pods'
        ➜ Explicit dependency on target 'React-Core-prebuilt' in project 'Pods'
        ➜ Explicit dependency on target 'React-Fabric' in project 'Pods'
        ➜ Explicit dependency on target 'React-ImageManager' in project 'Pods'
        ➜ Explicit dependency on target 'React-NativeModulesApple' in project 'Pods'
        ➜ Explicit dependency on target 'React-RCTFabric' in project 'Pods'
        ➜ Explicit dependency on target 'React-debug' in project 'Pods'
        ➜ Explicit dependency on target 'React-featureflags' in project 'Pods'
        ➜ Explicit dependency on target 'React-graphics' in project 'Pods'
        ➜ Explicit dependency on target 'React-jsi' in project 'Pods'
        ➜ Explicit dependency on target 'React-jsinspector' in project 'Pods'
        ➜ Explicit dependency on target 'React-renderercss' in project 'Pods'
        ➜ Explicit dependency on target 'React-rendererdebug' in project 'Pods'
        ➜ Explicit dependency on target 'React-utils' in project 'Pods'
        ➜ Explicit dependency on target 'ReactCodegen' in project 'Pods'
        ➜ Explicit dependency on target 'ReactCommon' in project 'Pods'
        ➜ Explicit dependency on target 'ReactNativeDependencies' in project 'Pods'
        ➜ Explicit dependency on target 'Yoga' in project 'Pods'
        ➜ Explicit dependency on target 'hermes-engine' in project 'Pods'
    Target 'RNWorklets' in project 'Pods'
        ➜ Explicit dependency on target 'RCTRequired' in project 'Pods'
        ➜ Explicit dependency on target 'RCTTypeSafety' in project 'Pods'
        ➜ Explicit dependency on target 'React-Core' in project 'Pods'
        ➜ Explicit dependency on target 'React-Core-prebuilt' in project 'Pods'
        ➜ Explicit dependency on target 'React-Fabric' in project 'Pods'
        ➜ Explicit dependency on target 'React-ImageManager' in project 'Pods'
        ➜ Explicit dependency on target 'React-NativeModulesApple' in project 'Pods'
        ➜ Explicit dependency on target 'React-RCTFabric' in project 'Pods'
        ➜ Explicit dependency on target 'React-debug' in project 'Pods'
        ➜ Explicit dependency on target 'React-featureflags' in project 'Pods'
        ➜ Explicit dependency on target 'React-graphics' in project 'Pods'
        ➜ Explicit dependency on target 'React-hermes' in project 'Pods'
        ➜ Explicit dependency on target 'React-jsi' in project 'Pods'
        ➜ Explicit dependency on target 'React-renderercss' in project 'Pods'
        ➜ Explicit dependency on target 'React-rendererdebug' in project 'Pods'
        ➜ Explicit dependency on target 'React-utils' in project 'Pods'
        ➜ Explicit dependency on target 'ReactCodegen' in project 'Pods'
        ➜ Explicit dependency on target 'ReactCommon' in project 'Pods'
        ➜ Explicit dependency on target 'ReactNativeDependencies' in project 'Pods'
        ➜ Explicit dependency on target 'Yoga' in project 'Pods'
        ➜ Explicit dependency on target 'hermes-engine' in project 'Pods'
    Target 'ReactCodegen' in project 'Pods'
        ➜ Explicit dependency on target 'RCTRequired' in project 'Pods'
        ➜ Explicit dependency on target 'RCTTypeSafety' in project 'Pods'
        ➜ Explicit dependency on target 'React-Core' in project 'Pods'
        ➜ Explicit dependency on target 'React-Core-prebuilt' in project 'Pods'
        ➜ Explicit dependency on target 'React-Fabric' in project 'Pods'
        ➜ Explicit dependency on target 'React-FabricImage' in project 'Pods'
        ➜ Explicit dependency on target 'React-NativeModulesApple' in project 'Pods'
        ➜ Explicit dependency on target 'React-RCTAppDelegate' in project 'Pods'
        ➜ Explicit dependency on target 'React-debug' in project 'Pods'
        ➜ Explicit dependency on target 'React-featureflags' in project 'Pods'
        ➜ Explicit dependency on target 'React-graphics' in project 'Pods'
        ➜ Explicit dependency on target 'React-jsi' in project 'Pods'
        ➜ Explicit dependency on target 'React-jsiexecutor' in project 'Pods'
        ➜ Explicit dependency on target 'React-rendererdebug' in project 'Pods'
        ➜ Explicit dependency on target 'React-utils' in project 'Pods'
        ➜ Explicit dependency on target 'ReactCommon' in project 'Pods'
        ➜ Explicit dependency on target 'ReactNativeDependencies' in project 'Pods'
        ➜ Explicit dependency on target 'hermes-engine' in project 'Pods'
    Target 'React-RCTAppDelegate' in project 'Pods'
        ➜ Explicit dependency on target 'hermes-engine' in project 'Pods'
        ➜ Explicit dependency on target 'RCTRequired' in project 'Pods'
        ➜ Explicit dependency on target 'RCTTypeSafety' in project 'Pods'
        ➜ Explicit dependency on target 'React-Core' in project 'Pods'
        ➜ Explicit dependency on target 'React-Core-prebuilt' in project 'Pods'
        ➜ Explicit dependency on target 'React-CoreModules' in project 'Pods'
        ➜ Explicit dependency on target 'React-debug' in project 'Pods'
        ➜ Explicit dependency on target 'React-defaultsnativemodule' in project 'Pods'
        ➜ Explicit dependency on target 'React-Fabric' in project 'Pods'
        ➜ Explicit dependency on target 'React-featureflags' in project 'Pods'
        ➜ Explicit dependency on target 'React-graphics' in project 'Pods'
        ➜ Explicit dependency on target 'React-hermes' in project 'Pods'
        ➜ Explicit dependency on target 'React-jsitooling' in project 'Pods'
        ➜ Explicit dependency on target 'React-NativeModulesApple' in project 'Pods'
        ➜ Explicit dependency on target 'React-RCTFabric' in project 'Pods'
        ➜ Explicit dependency on target 'React-RCTFBReactNativeSpec' in project 'Pods'
        ➜ Explicit dependency on target 'React-RCTImage' in project 'Pods'
        ➜ Explicit dependency on target 'React-RCTNetwork' in project 'Pods'
        ➜ Explicit dependency on target 'React-RCTRuntime' in project 'Pods'
        ➜ Explicit dependency on target 'React-rendererdebug' in project 'Pods'
        ➜ Explicit dependency on target 'React-RuntimeApple' in project 'Pods'
        ➜ Explicit dependency on target 'React-RuntimeCore' in project 'Pods'
        ➜ Explicit dependency on target 'React-runtimeexecutor' in project 'Pods'
        ➜ Explicit dependency on target 'React-runtimescheduler' in project 'Pods'
        ➜ Explicit dependency on target 'React-utils' in project 'Pods'
        ➜ Explicit dependency on target 'ReactCommon' in project 'Pods'
        ➜ Explicit dependency on target 'ReactNativeDependencies' in project 'Pods'
    Target 'React-RCTRuntime' in project 'Pods'
        ➜ Explicit dependency on target 'hermes-engine' in project 'Pods'
        ➜ Explicit dependency on target 'React-Core' in project 'Pods'
        ➜ Explicit dependency on target 'React-Core-prebuilt' in project 'Pods'
        ➜ Explicit dependency on target 'React-debug' in project 'Pods'
        ➜ Explicit dependency on target 'React-jsi' in project 'Pods'
        ➜ Explicit dependency on target 'React-jsinspector' in project 'Pods'
        ➜ Explicit dependency on target 'React-jsinspectorcdp' in project 'Pods'
        ➜ Explicit dependency on target 'React-jsinspectortracing' in project 'Pods'
        ➜ Explicit dependency on target 'React-jsitooling' in project 'Pods'
        ➜ Explicit dependency on target 'React-RuntimeApple' in project 'Pods'
        ➜ Explicit dependency on target 'React-RuntimeCore' in project 'Pods'
        ➜ Explicit dependency on target 'React-runtimeexecutor' in project 'Pods'
        ➜ Explicit dependency on target 'React-RuntimeHermes' in project 'Pods'
        ➜ Explicit dependency on target 'React-utils' in project 'Pods'
        ➜ Explicit dependency on target 'ReactNativeDependencies' in project 'Pods'
    Target 'React-RuntimeApple' in project 'Pods'
        ➜ Explicit dependency on target 'hermes-engine' in project 'Pods'
        ➜ Explicit dependency on target 'React-callinvoker' in project 'Pods'
        ➜ Explicit dependency on target 'React-Core' in project 'Pods'
        ➜ Explicit dependency on target 'React-Core-prebuilt' in project 'Pods'
        ➜ Explicit dependency on target 'React-CoreModules' in project 'Pods'
        ➜ Explicit dependency on target 'React-cxxreact' in project 'Pods'
        ➜ Explicit dependency on target 'React-featureflags' in project 'Pods'
        ➜ Explicit dependency on target 'React-jserrorhandler' in project 'Pods'
        ➜ Explicit dependency on target 'React-jsi' in project 'Pods'
        ➜ Explicit dependency on target 'React-jsiexecutor' in project 'Pods'
        ➜ Explicit dependency on target 'React-jsinspector' in project 'Pods'
        ➜ Explicit dependency on target 'React-jsitooling' in project 'Pods'
        ➜ Explicit dependency on target 'React-Mapbuffer' in project 'Pods'
        ➜ Explicit dependency on target 'React-NativeModulesApple' in project 'Pods'
        ➜ Explicit dependency on target 'React-RCTFabric' in project 'Pods'
        ➜ Explicit dependency on target 'React-RCTFBReactNativeSpec' in project 'Pods'
        ➜ Explicit dependency on target 'React-RuntimeCore' in project 'Pods'
        ➜ Explicit dependency on target 'React-runtimeexecutor' in project 'Pods'
        ➜ Explicit dependency on target 'React-RuntimeHermes' in project 'Pods'
        ➜ Explicit dependency on target 'React-runtimescheduler' in project 'Pods'
        ➜ Explicit dependency on target 'React-utils' in project 'Pods'
        ➜ Explicit dependency on target 'ReactNativeDependencies' in project 'Pods'
    Target 'React-RuntimeHermes' in project 'Pods'
        ➜ Explicit dependency on target 'hermes-engine' in project 'Pods'
        ➜ Explicit dependency on target 'React-Core-prebuilt' in project 'Pods'
        ➜ Explicit dependency on target 'React-featureflags' in project 'Pods'
        ➜ Explicit dependency on target 'React-hermes' in project 'Pods'
        ➜ Explicit dependency on target 'React-jsi' in project 'Pods'
        ➜ Explicit dependency on target 'React-jsinspector' in project 'Pods'
        ➜ Explicit dependency on target 'React-jsinspectorcdp' in project 'Pods'
        ➜ Explicit dependency on target 'React-jsinspectortracing' in project 'Pods'
        ➜ Explicit dependency on target 'React-jsitooling' in project 'Pods'
        ➜ Explicit dependency on target 'React-jsitracing' in project 'Pods'
        ➜ Explicit dependency on target 'React-RuntimeCore' in project 'Pods'
        ➜ Explicit dependency on target 'React-runtimeexecutor' in project 'Pods'
        ➜ Explicit dependency on target 'React-utils' in project 'Pods'
        ➜ Explicit dependency on target 'ReactNativeDependencies' in project 'Pods'
    Target 'React-jsitracing' in project 'Pods'
        ➜ Explicit dependency on target 'React-jsi' in project 'Pods'
    Target 'React-RuntimeCore' in project 'Pods'
        ➜ Explicit dependency on target 'hermes-engine' in project 'Pods'
        ➜ Explicit dependency on target 'React-Core-prebuilt' in project 'Pods'
        ➜ Explicit dependency on target 'React-cxxreact' in project 'Pods'
        ➜ Explicit dependency on target 'React-Fabric' in project 'Pods'
        ➜ Explicit dependency on target 'React-featureflags' in project 'Pods'
        ➜ Explicit dependency on target 'React-jserrorhandler' in project 'Pods'
        ➜ Explicit dependency on target 'React-jsi' in project 'Pods'
        ➜ Explicit dependency on target 'React-jsiexecutor' in project 'Pods'
        ➜ Explicit dependency on target 'React-jsinspector' in project 'Pods'
        ➜ Explicit dependency on target 'React-jsitooling' in project 'Pods'
        ➜ Explicit dependency on target 'React-performancetimeline' in project 'Pods'
        ➜ Explicit dependency on target 'React-runtimeexecutor' in project 'Pods'
        ➜ Explicit dependency on target 'React-runtimescheduler' in project 'Pods'
        ➜ Explicit dependency on target 'React-utils' in project 'Pods'
        ➜ Explicit dependency on target 'ReactNativeDependencies' in project 'Pods'
    Target 'React-Mapbuffer' in project 'Pods'
        ➜ Explicit dependency on target 'React-Core-prebuilt' in project 'Pods'
        ➜ Explicit dependency on target 'React-debug' in project 'Pods'
        ➜ Explicit dependency on target 'ReactNativeDependencies' in project 'Pods'
    Target 'React-jserrorhandler' in project 'Pods'
        ➜ Explicit dependency on target 'hermes-engine' in project 'Pods'
        ➜ Explicit dependency on target 'React-Core-prebuilt' in project 'Pods'
        ➜ Explicit dependency on target 'React-cxxreact' in project 'Pods'
        ➜ Explicit dependency on target 'React-debug' in project 'Pods'
        ➜ Explicit dependency on target 'React-featureflags' in project 'Pods'
        ➜ Explicit dependency on target 'React-jsi' in project 'Pods'
        ➜ Explicit dependency on target 'ReactCommon' in project 'Pods'
        ➜ Explicit dependency on target 'ReactNativeDependencies' in project 'Pods'
    Target 'React-defaultsnativemodule' in project 'Pods'
        ➜ Explicit dependency on target 'hermes-engine' in project 'Pods'
        ➜ Explicit dependency on target 'React-Core-prebuilt' in project 'Pods'
        ➜ Explicit dependency on target 'React-domnativemodule' in project 'Pods'
        ➜ Explicit dependency on target 'React-featureflags' in project 'Pods'
        ➜ Explicit dependency on target 'React-featureflagsnativemodule' in project 'Pods'
        ➜ Explicit dependency on target 'React-idlecallbacksnativemodule' in project 'Pods'
        ➜ Explicit dependency on target 'React-intersectionobservernativemodule' in project 'Pods'
        ➜ Explicit dependency on target 'React-jsi' in project 'Pods'
        ➜ Explicit dependency on target 'React-jsiexecutor' in project 'Pods'
        ➜ Explicit dependency on target 'React-microtasksnativemodule' in project 'Pods'
        ➜ Explicit dependency on target 'React-RCTFBReactNativeSpec' in project 'Pods'
        ➜ Explicit dependency on target 'React-webperformancenativemodule' in project 'Pods'
        ➜ Explicit dependency on target 'ReactNativeDependencies' in project 'Pods'
        ➜ Explicit dependency on target 'Yoga' in project 'Pods'
    Target 'React-webperformancenativemodule' in project 'Pods'
        ➜ Explicit dependency on target 'hermes-engine' in project 'Pods'
        ➜ Explicit dependency on target 'React-Core-prebuilt' in project 'Pods'
        ➜ Explicit dependency on target 'React-cxxreact' in project 'Pods'
        ➜ Explicit dependency on target 'React-jsi' in project 'Pods'
        ➜ Explicit dependency on target 'React-jsiexecutor' in project 'Pods'
        ➜ Explicit dependency on target 'React-performancetimeline' in project 'Pods'
        ➜ Explicit dependency on target 'React-RCTFBReactNativeSpec' in project 'Pods'
        ➜ Explicit dependency on target 'React-runtimeexecutor' in project 'Pods'
        ➜ Explicit dependency on target 'ReactCommon' in project 'Pods'
        ➜ Explicit dependency on target 'ReactNativeDependencies' in project 'Pods'
    Target 'React-microtasksnativemodule' in project 'Pods'
        ➜ Explicit dependency on target 'hermes-engine' in project 'Pods'
        ➜ Explicit dependency on target 'React-Core-prebuilt' in project 'Pods'
        ➜ Explicit dependency on target 'React-jsi' in project 'Pods'
        ➜ Explicit dependency on target 'React-jsiexecutor' in project 'Pods'
        ➜ Explicit dependency on target 'React-RCTFBReactNativeSpec' in project 'Pods'
        ➜ Explicit dependency on target 'ReactCommon' in project 'Pods'
        ➜ Explicit dependency on target 'ReactNativeDependencies' in project 'Pods'
    Target 'React-intersectionobservernativemodule' in project 'Pods'
        ➜ Explicit dependency on target 'hermes-engine' in project 'Pods'
        ➜ Explicit dependency on target 'React-Core-prebuilt' in project 'Pods'
        ➜ Explicit dependency on target 'React-cxxreact' in project 'Pods'
        ➜ Explicit dependency on target 'React-Fabric' in project 'Pods'
        ➜ Explicit dependency on target 'React-graphics' in project 'Pods'
        ➜ Explicit dependency on target 'React-jsi' in project 'Pods'
        ➜ Explicit dependency on target 'React-jsiexecutor' in project 'Pods'
        ➜ Explicit dependency on target 'React-RCTFBReactNativeSpec' in project 'Pods'
        ➜ Explicit dependency on target 'React-runtimeexecutor' in project 'Pods'
        ➜ Explicit dependency on target 'React-runtimescheduler' in project 'Pods'
        ➜ Explicit dependency on target 'ReactCommon' in project 'Pods'
        ➜ Explicit dependency on target 'ReactNativeDependencies' in project 'Pods'
        ➜ Explicit dependency on target 'Yoga' in project 'Pods'
    Target 'React-idlecallbacksnativemodule' in project 'Pods'
        ➜ Explicit dependency on target 'hermes-engine' in project 'Pods'
        ➜ Explicit dependency on target 'React-Core-prebuilt' in project 'Pods'
        ➜ Explicit dependency on target 'React-jsi' in project 'Pods'
        ➜ Explicit dependency on target 'React-jsiexecutor' in project 'Pods'
        ➜ Explicit dependency on target 'React-RCTFBReactNativeSpec' in project 'Pods'
        ➜ Explicit dependency on target 'React-runtimeexecutor' in project 'Pods'
        ➜ Explicit dependency on target 'React-runtimescheduler' in project 'Pods'
        ➜ Explicit dependency on target 'ReactCommon' in project 'Pods'
        ➜ Explicit dependency on target 'ReactNativeDependencies' in project 'Pods'
    Target 'React-featureflagsnativemodule' in project 'Pods'
        ➜ Explicit dependency on target 'hermes-engine' in project 'Pods'
        ➜ Explicit dependency on target 'React-Core-prebuilt' in project 'Pods'
        ➜ Explicit dependency on target 'React-featureflags' in project 'Pods'
        ➜ Explicit dependency on target 'React-jsi' in project 'Pods'
        ➜ Explicit dependency on target 'React-jsiexecutor' in project 'Pods'
        ➜ Explicit dependency on target 'React-RCTFBReactNativeSpec' in project 'Pods'
        ➜ Explicit dependency on target 'ReactCommon' in project 'Pods'
        ➜ Explicit dependency on target 'ReactNativeDependencies' in project 'Pods'
    Target 'React-domnativemodule' in project 'Pods'
        ➜ Explicit dependency on target 'hermes-engine' in project 'Pods'
        ➜ Explicit dependency on target 'React-Core-prebuilt' in project 'Pods'
        ➜ Explicit dependency on target 'React-Fabric' in project 'Pods'
        ➜ Explicit dependency on target 'React-FabricComponents' in project 'Pods'
        ➜ Explicit dependency on target 'React-graphics' in project 'Pods'
        ➜ Explicit dependency on target 'React-jsi' in project 'Pods'
        ➜ Explicit dependency on target 'React-jsiexecutor' in project 'Pods'
        ➜ Explicit dependency on target 'React-RCTFBReactNativeSpec' in project 'Pods'
        ➜ Explicit dependency on target 'React-runtimeexecutor' in project 'Pods'
        ➜ Explicit dependency on target 'ReactCommon' in project 'Pods'
        ➜ Explicit dependency on target 'ReactNativeDependencies' in project 'Pods'
        ➜ Explicit dependency on target 'Yoga' in project 'Pods'
    Target 'React-CoreModules' in project 'Pods'
        ➜ Explicit dependency on target 'RCTTypeSafety' in project 'Pods'
        ➜ Explicit dependency on target 'React-Core' in project 'Pods'
        ➜ Explicit dependency on target 'React-Core-prebuilt' in project 'Pods'
        ➜ Explicit dependency on target 'React-debug' in project 'Pods'
        ➜ Explicit dependency on target 'React-jsi' in project 'Pods'
        ➜ Explicit dependency on target 'React-jsinspector' in project 'Pods'
        ➜ Explicit dependency on target 'React-jsinspectorcdp' in project 'Pods'
        ➜ Explicit dependency on target 'React-jsinspectortracing' in project 'Pods'
        ➜ Explicit dependency on target 'React-NativeModulesApple' in project 'Pods'
        ➜ Explicit dependency on target 'React-RCTBlob' in project 'Pods'
        ➜ Explicit dependency on target 'React-RCTFBReactNativeSpec' in project 'Pods'
        ➜ Explicit dependency on target 'React-RCTImage' in project 'Pods'
        ➜ Explicit dependency on target 'React-runtimeexecutor' in project 'Pods'
        ➜ Explicit dependency on target 'React-utils' in project 'Pods'
        ➜ Explicit dependency on target 'ReactCommon' in project 'Pods'
        ➜ Explicit dependency on target 'ReactNativeDependencies' in project 'Pods'
    Target 'React-RCTBlob' in project 'Pods'
        ➜ Explicit dependency on target 'hermes-engine' in project 'Pods'
        ➜ Explicit dependency on target 'React-Core' in project 'Pods'
        ➜ Explicit dependency on target 'React-Core-prebuilt' in project 'Pods'
        ➜ Explicit dependency on target 'React-jsi' in project 'Pods'
        ➜ Explicit dependency on target 'React-jsinspector' in project 'Pods'
        ➜ Explicit dependency on target 'React-jsinspectorcdp' in project 'Pods'
        ➜ Explicit dependency on target 'React-NativeModulesApple' in project 'Pods'
        ➜ Explicit dependency on target 'React-RCTFBReactNativeSpec' in project 'Pods'
        ➜ Explicit dependency on target 'React-RCTNetwork' in project 'Pods'
        ➜ Explicit dependency on target 'ReactCommon' in project 'Pods'
        ➜ Explicit dependency on target 'ReactNativeDependencies' in project 'Pods'
    Target 'React-RCTFabric' in project 'Pods'
        ➜ Explicit dependency on target 'hermes-engine' in project 'Pods'
        ➜ Explicit dependency on target 'RCTSwiftUIWrapper' in project 'Pods'
        ➜ Explicit dependency on target 'React-Core' in project 'Pods'
        ➜ Explicit dependency on target 'React-Core-prebuilt' in project 'Pods'
        ➜ Explicit dependency on target 'React-debug' in project 'Pods'
        ➜ Explicit dependency on target 'React-Fabric' in project 'Pods'
        ➜ Explicit dependency on target 'React-FabricComponents' in project 'Pods'
        ➜ Explicit dependency on target 'React-FabricImage' in project 'Pods'
        ➜ Explicit dependency on target 'React-featureflags' in project 'Pods'
        ➜ Explicit dependency on target 'React-graphics' in project 'Pods'
        ➜ Explicit dependency on target 'React-ImageManager' in project 'Pods'
        ➜ Explicit dependency on target 'React-jsi' in project 'Pods'
        ➜ Explicit dependency on target 'React-jsinspector' in project 'Pods'
        ➜ Explicit dependency on target 'React-jsinspectorcdp' in project 'Pods'
        ➜ Explicit dependency on target 'React-jsinspectortracing' in project 'Pods'
        ➜ Explicit dependency on target 'React-networking' in project 'Pods'
        ➜ Explicit dependency on target 'React-performancecdpmetrics' in project 'Pods'
        ➜ Explicit dependency on target 'React-performancetimeline' in project 'Pods'
        ➜ Explicit dependency on target 'React-RCTAnimation' in project 'Pods'
        ➜ Explicit dependency on target 'React-RCTFBReactNativeSpec' in project 'Pods'
        ➜ Explicit dependency on target 'React-RCTImage' in project 'Pods'
        ➜ Explicit dependency on target 'React-RCTText' in project 'Pods'
        ➜ Explicit dependency on target 'React-rendererconsistency' in project 'Pods'
        ➜ Explicit dependency on target 'React-renderercss' in project 'Pods'
        ➜ Explicit dependency on target 'React-rendererdebug' in project 'Pods'
        ➜ Explicit dependency on target 'React-runtimeexecutor' in project 'Pods'
        ➜ Explicit dependency on target 'React-runtimescheduler' in project 'Pods'
        ➜ Explicit dependency on target 'React-utils' in project 'Pods'
        ➜ Explicit dependency on target 'ReactNativeDependencies' in project 'Pods'
        ➜ Explicit dependency on target 'Yoga' in project 'Pods'
    Target 'React-RCTText' in project 'Pods'
        ➜ Explicit dependency on target 'React-Core' in project 'Pods'
        ➜ Explicit dependency on target 'Yoga' in project 'Pods'
    Target 'React-RCTImage' in project 'Pods'
        ➜ Explicit dependency on target 'RCTTypeSafety' in project 'Pods'
        ➜ Explicit dependency on target 'React-Core' in project 'Pods'
        ➜ Explicit dependency on target 'React-Core-prebuilt' in project 'Pods'
        ➜ Explicit dependency on target 'React-jsi' in project 'Pods'
        ➜ Explicit dependency on target 'React-NativeModulesApple' in project 'Pods'
        ➜ Explicit dependency on target 'React-RCTFBReactNativeSpec' in project 'Pods'
        ➜ Explicit dependency on target 'React-RCTNetwork' in project 'Pods'
        ➜ Explicit dependency on target 'ReactCommon' in project 'Pods'
        ➜ Explicit dependency on target 'ReactNativeDependencies' in project 'Pods'
    Target 'React-RCTNetwork' in project 'Pods'
        ➜ Explicit dependency on target 'RCTTypeSafety' in project 'Pods'
        ➜ Explicit dependency on target 'React-Core' in project 'Pods'
        ➜ Explicit dependency on target 'React-Core-prebuilt' in project 'Pods'
        ➜ Explicit dependency on target 'React-debug' in project 'Pods'
        ➜ Explicit dependency on target 'React-featureflags' in project 'Pods'
        ➜ Explicit dependency on target 'React-jsi' in project 'Pods'
        ➜ Explicit dependency on target 'React-jsinspectorcdp' in project 'Pods'
        ➜ Explicit dependency on target 'React-jsinspectornetwork' in project 'Pods'
        ➜ Explicit dependency on target 'React-NativeModulesApple' in project 'Pods'
        ➜ Explicit dependency on target 'React-networking' in project 'Pods'
        ➜ Explicit dependency on target 'React-RCTFBReactNativeSpec' in project 'Pods'
        ➜ Explicit dependency on target 'ReactCommon' in project 'Pods'
        ➜ Explicit dependency on target 'ReactNativeDependencies' in project 'Pods'
    Target 'React-RCTAnimation' in project 'Pods'
        ➜ Explicit dependency on target 'RCTTypeSafety' in project 'Pods'
        ➜ Explicit dependency on target 'React-Core' in project 'Pods'
        ➜ Explicit dependency on target 'React-Core-prebuilt' in project 'Pods'
        ➜ Explicit dependency on target 'React-featureflags' in project 'Pods'
        ➜ Explicit dependency on target 'React-jsi' in project 'Pods'
        ➜ Explicit dependency on target 'React-NativeModulesApple' in project 'Pods'
        ➜ Explicit dependency on target 'React-RCTFBReactNativeSpec' in project 'Pods'
        ➜ Explicit dependency on target 'ReactCommon' in project 'Pods'
        ➜ Explicit dependency on target 'ReactNativeDependencies' in project 'Pods'
    Target 'React-networking' in project 'Pods'
        ➜ Explicit dependency on target 'React-Core-prebuilt' in project 'Pods'
        ➜ Explicit dependency on target 'React-featureflags' in project 'Pods'
        ➜ Explicit dependency on target 'React-jsinspectornetwork' in project 'Pods'
        ➜ Explicit dependency on target 'React-jsinspectortracing' in project 'Pods'
        ➜ Explicit dependency on target 'React-performancetimeline' in project 'Pods'
        ➜ Explicit dependency on target 'React-timing' in project 'Pods'
        ➜ Explicit dependency on target 'ReactNativeDependencies' in project 'Pods'
    Target 'React-FabricImage' in project 'Pods'
        ➜ Explicit dependency on target 'hermes-engine' in project 'Pods'
        ➜ Explicit dependency on target 'RCTRequired' in project 'Pods'
        ➜ Explicit dependency on target 'RCTTypeSafety' in project 'Pods'
        ➜ Explicit dependency on target 'React-Core-prebuilt' in project 'Pods'
        ➜ Explicit dependency on target 'React-Fabric' in project 'Pods'
        ➜ Explicit dependency on target 'React-featureflags' in project 'Pods'
        ➜ Explicit dependency on target 'React-graphics' in project 'Pods'
        ➜ Explicit dependency on target 'React-ImageManager' in project 'Pods'
        ➜ Explicit dependency on target 'React-jsi' in project 'Pods'
        ➜ Explicit dependency on target 'React-jsiexecutor' in project 'Pods'
        ➜ Explicit dependency on target 'React-logger' in project 'Pods'
        ➜ Explicit dependency on target 'React-rendererdebug' in project 'Pods'
        ➜ Explicit dependency on target 'React-utils' in project 'Pods'
        ➜ Explicit dependency on target 'ReactCommon' in project 'Pods'
        ➜ Explicit dependency on target 'ReactNativeDependencies' in project 'Pods'
        ➜ Explicit dependency on target 'Yoga' in project 'Pods'
    Target 'React-FabricComponents' in project 'Pods'
        ➜ Explicit dependency on target 'hermes-engine' in project 'Pods'
        ➜ Explicit dependency on target 'RCTRequired' in project 'Pods'
        ➜ Explicit dependency on target 'RCTTypeSafety' in project 'Pods'
        ➜ Explicit dependency on target 'React-Core' in project 'Pods'
        ➜ Explicit dependency on target 'React-Core-prebuilt' in project 'Pods'
        ➜ Explicit dependency on target 'React-cxxreact' in project 'Pods'
        ➜ Explicit dependency on target 'React-debug' in project 'Pods'
        ➜ Explicit dependency on target 'React-Fabric' in project 'Pods'
        ➜ Explicit dependency on target 'React-featureflags' in project 'Pods'
        ➜ Explicit dependency on target 'React-graphics' in project 'Pods'
        ➜ Explicit dependency on target 'React-jsi' in project 'Pods'
        ➜ Explicit dependency on target 'React-jsiexecutor' in project 'Pods'
        ➜ Explicit dependency on target 'React-logger' in project 'Pods'
        ➜ Explicit dependency on target 'React-RCTFBReactNativeSpec' in project 'Pods'
        ➜ Explicit dependency on target 'React-rendererdebug' in project 'Pods'
        ➜ Explicit dependency on target 'React-runtimescheduler' in project 'Pods'
        ➜ Explicit dependency on target 'React-utils' in project 'Pods'
        ➜ Explicit dependency on target 'ReactCommon' in project 'Pods'
        ➜ Explicit dependency on target 'ReactNativeDependencies' in project 'Pods'
        ➜ Explicit dependency on target 'Yoga' in project 'Pods'
    Target 'React-RCTFBReactNativeSpec' in project 'Pods'
        ➜ Explicit dependency on target 'hermes-engine' in project 'Pods'
        ➜ Explicit dependency on target 'RCTRequired' in project 'Pods'
        ➜ Explicit dependency on target 'RCTTypeSafety' in project 'Pods'
        ➜ Explicit dependency on target 'React-Core' in project 'Pods'
        ➜ Explicit dependency on target 'React-Core-prebuilt' in project 'Pods'
        ➜ Explicit dependency on target 'React-debug' in project 'Pods'
        ➜ Explicit dependency on target 'React-Fabric' in project 'Pods'
        ➜ Explicit dependency on target 'React-featureflags' in project 'Pods'
        ➜ Explicit dependency on target 'React-graphics' in project 'Pods'
        ➜ Explicit dependency on target 'React-jsi' in project 'Pods'
        ➜ Explicit dependency on target 'React-NativeModulesApple' in project 'Pods'
        ➜ Explicit dependency on target 'React-rendererdebug' in project 'Pods'
        ➜ Explicit dependency on target 'React-utils' in project 'Pods'
        ➜ Explicit dependency on target 'ReactCommon' in project 'Pods'
        ➜ Explicit dependency on target 'ReactNativeDependencies' in project 'Pods'
        ➜ Explicit dependency on target 'Yoga' in project 'Pods'
    Target 'RCTSwiftUIWrapper' in project 'Pods'
        ➜ Explicit dependency on target 'RCTSwiftUI' in project 'Pods'
    Target 'RCTSwiftUI' in project 'Pods' (no dependencies)
    Target 'React-NativeModulesApple' in project 'Pods'
        ➜ Explicit dependency on target 'hermes-engine' in project 'Pods'
        ➜ Explicit dependency on target 'React-callinvoker' in project 'Pods'
        ➜ Explicit dependency on target 'React-Core' in project 'Pods'
        ➜ Explicit dependency on target 'React-Core-prebuilt' in project 'Pods'
        ➜ Explicit dependency on target 'React-cxxreact' in project 'Pods'
        ➜ Explicit dependency on target 'React-debug' in project 'Pods'
        ➜ Explicit dependency on target 'React-featureflags' in project 'Pods'
        ➜ Explicit dependency on target 'React-jsi' in project 'Pods'
        ➜ Explicit dependency on target 'React-jsinspector' in project 'Pods'
        ➜ Explicit dependency on target 'React-jsinspectorcdp' in project 'Pods'
        ➜ Explicit dependency on target 'React-runtimeexecutor' in project 'Pods'
        ➜ Explicit dependency on target 'ReactCommon' in project 'Pods'
        ➜ Explicit dependency on target 'ReactNativeDependencies' in project 'Pods'
    Target 'React-ImageManager' in project 'Pods'
        ➜ Explicit dependency on target 'React-Core' in project 'Pods'
        ➜ Explicit dependency on target 'React-Core-prebuilt' in project 'Pods'
        ➜ Explicit dependency on target 'React-debug' in project 'Pods'
        ➜ Explicit dependency on target 'React-Fabric' in project 'Pods'
        ➜ Explicit dependency on target 'React-graphics' in project 'Pods'
        ➜ Explicit dependency on target 'React-rendererdebug' in project 'Pods'
        ➜ Explicit dependency on target 'React-utils' in project 'Pods'
        ➜ Explicit dependency on target 'ReactNativeDependencies' in project 'Pods'
    Target 'React-Fabric' in project 'Pods'
        ➜ Explicit dependency on target 'hermes-engine' in project 'Pods'
        ➜ Explicit dependency on target 'RCTRequired' in project 'Pods'
        ➜ Explicit dependency on target 'RCTTypeSafety' in project 'Pods'
        ➜ Explicit dependency on target 'React-Core' in project 'Pods'
        ➜ Explicit dependency on target 'React-Core-prebuilt' in project 'Pods'
        ➜ Explicit dependency on target 'React-cxxreact' in project 'Pods'
        ➜ Explicit dependency on target 'React-debug' in project 'Pods'
        ➜ Explicit dependency on target 'React-featureflags' in project 'Pods'
        ➜ Explicit dependency on target 'React-graphics' in project 'Pods'
        ➜ Explicit dependency on target 'React-jsi' in project 'Pods'
        ➜ Explicit dependency on target 'React-jsiexecutor' in project 'Pods'
        ➜ Explicit dependency on target 'React-logger' in project 'Pods'
        ➜ Explicit dependency on target 'React-performancecdpmetrics' in project 'Pods'
        ➜ Explicit dependency on target 'React-performancetimeline' in project 'Pods'
        ➜ Explicit dependency on target 'React-rendererconsistency' in project 'Pods'
        ➜ Explicit dependency on target 'React-renderercss' in project 'Pods'
        ➜ Explicit dependency on target 'React-rendererdebug' in project 'Pods'
        ➜ Explicit dependency on target 'React-runtimeexecutor' in project 'Pods'
        ➜ Explicit dependency on target 'React-runtimescheduler' in project 'Pods'
        ➜ Explicit dependency on target 'React-utils' in project 'Pods'
        ➜ Explicit dependency on target 'ReactCommon' in project 'Pods'
        ➜ Explicit dependency on target 'ReactNativeDependencies' in project 'Pods'
        ➜ Explicit dependency on target 'Yoga' in project 'Pods'
    Target 'React-renderercss' in project 'Pods'
        ➜ Explicit dependency on target 'React-debug' in project 'Pods'
        ➜ Explicit dependency on target 'React-utils' in project 'Pods'
    Target 'React-performancecdpmetrics' in project 'Pods'
        ➜ Explicit dependency on target 'hermes-engine' in project 'Pods'
        ➜ Explicit dependency on target 'React-Core-prebuilt' in project 'Pods'
        ➜ Explicit dependency on target 'React-jsi' in project 'Pods'
        ➜ Explicit dependency on target 'React-performancetimeline' in project 'Pods'
        ➜ Explicit dependency on target 'React-runtimeexecutor' in project 'Pods'
        ➜ Explicit dependency on target 'React-timing' in project 'Pods'
        ➜ Explicit dependency on target 'ReactNativeDependencies' in project 'Pods'
    Target 'React-graphics' in project 'Pods'
        ➜ Explicit dependency on target 'hermes-engine' in project 'Pods'
        ➜ Explicit dependency on target 'React-Core-prebuilt' in project 'Pods'
        ➜ Explicit dependency on target 'React-jsi' in project 'Pods'
        ➜ Explicit dependency on target 'React-jsiexecutor' in project 'Pods'
        ➜ Explicit dependency on target 'React-utils' in project 'Pods'
        ➜ Explicit dependency on target 'ReactNativeDependencies' in project 'Pods'
    Target 'RCTTypeSafety' in project 'Pods'
        ➜ Explicit dependency on target 'FBLazyVector' in project 'Pods'
        ➜ Explicit dependency on target 'RCTRequired' in project 'Pods'
        ➜ Explicit dependency on target 'React-Core' in project 'Pods'
    Target 'FBLazyVector' in project 'Pods' (no dependencies)
    Target 'RCTRequired' in project 'Pods' (no dependencies)
    Target 'ExpoModulesJSI' in project 'Pods'
        ➜ Explicit dependency on target 'React-Core' in project 'Pods'
        ➜ Explicit dependency on target 'React-runtimescheduler' in project 'Pods'
        ➜ Explicit dependency on target 'ReactCommon' in project 'Pods'
        ➜ Explicit dependency on target 'hermes-engine' in project 'Pods'
    Target 'ReactCommon' in project 'Pods'
        ➜ Explicit dependency on target 'hermes-engine' in project 'Pods'
        ➜ Explicit dependency on target 'React-callinvoker' in project 'Pods'
        ➜ Explicit dependency on target 'React-Core-prebuilt' in project 'Pods'
        ➜ Explicit dependency on target 'React-cxxreact' in project 'Pods'
        ➜ Explicit dependency on target 'React-debug' in project 'Pods'
        ➜ Explicit dependency on target 'React-featureflags' in project 'Pods'
        ➜ Explicit dependency on target 'React-jsi' in project 'Pods'
        ➜ Explicit dependency on target 'React-logger' in project 'Pods'
        ➜ Explicit dependency on target 'React-perflogger' in project 'Pods'
        ➜ Explicit dependency on target 'React-utils' in project 'Pods'
        ➜ Explicit dependency on target 'ReactNativeDependencies' in project 'Pods'
    Target 'React-Core' in project 'Pods'
        ➜ Explicit dependency on target 'hermes-engine' in project 'Pods'
        ➜ Explicit dependency on target 'RCTDeprecation' in project 'Pods'
        ➜ Explicit dependency on target 'React-Core-prebuilt' in project 'Pods'
        ➜ Explicit dependency on target 'React-Core-React-Core_privacy' in project 'Pods'
        ➜ Explicit dependency on target 'React-cxxreact' in project 'Pods'
        ➜ Explicit dependency on target 'React-featureflags' in project 'Pods'
        ➜ Explicit dependency on target 'React-hermes' in project 'Pods'
        ➜ Explicit dependency on target 'React-jsi' in project 'Pods'
        ➜ Explicit dependency on target 'React-jsiexecutor' in project 'Pods'
        ➜ Explicit dependency on target 'React-jsinspector' in project 'Pods'
        ➜ Explicit dependency on target 'React-jsinspectorcdp' in project 'Pods'
        ➜ Explicit dependency on target 'React-jsitooling' in project 'Pods'
        ➜ Explicit dependency on target 'React-perflogger' in project 'Pods'
        ➜ Explicit dependency on target 'React-runtimeexecutor' in project 'Pods'
        ➜ Explicit dependency on target 'React-runtimescheduler' in project 'Pods'
        ➜ Explicit dependency on target 'React-utils' in project 'Pods'
        ➜ Explicit dependency on target 'ReactNativeDependencies' in project 'Pods'
        ➜ Explicit dependency on target 'Yoga' in project 'Pods'
    Target 'Yoga' in project 'Pods' (no dependencies)
    Target 'React-runtimescheduler' in project 'Pods'
        ➜ Explicit dependency on target 'hermes-engine' in project 'Pods'
        ➜ Explicit dependency on target 'React-callinvoker' in project 'Pods'
        ➜ Explicit dependency on target 'React-Core-prebuilt' in project 'Pods'
        ➜ Explicit dependency on target 'React-cxxreact' in project 'Pods'
        ➜ Explicit dependency on target 'React-debug' in project 'Pods'
        ➜ Explicit dependency on target 'React-featureflags' in project 'Pods'
        ➜ Explicit dependency on target 'React-jsi' in project 'Pods'
        ➜ Explicit dependency on target 'React-jsinspectortracing' in project 'Pods'
        ➜ Explicit dependency on target 'React-performancetimeline' in project 'Pods'
        ➜ Explicit dependency on target 'React-rendererconsistency' in project 'Pods'
        ➜ Explicit dependency on target 'React-rendererdebug' in project 'Pods'
        ➜ Explicit dependency on target 'React-runtimeexecutor' in project 'Pods'
        ➜ Explicit dependency on target 'React-timing' in project 'Pods'
        ➜ Explicit dependency on target 'React-utils' in project 'Pods'
        ➜ Explicit dependency on target 'ReactNativeDependencies' in project 'Pods'
    Target 'React-rendererdebug' in project 'Pods'
        ➜ Explicit dependency on target 'React-Core-prebuilt' in project 'Pods'
        ➜ Explicit dependency on target 'React-debug' in project 'Pods'
        ➜ Explicit dependency on target 'ReactNativeDependencies' in project 'Pods'
    Target 'React-rendererconsistency' in project 'Pods' (no dependencies)
    Target 'React-performancetimeline' in project 'Pods'
        ➜ Explicit dependency on target 'React-Core-prebuilt' in project 'Pods'
        ➜ Explicit dependency on target 'React-featureflags' in project 'Pods'
        ➜ Explicit dependency on target 'React-jsinspectortracing' in project 'Pods'
        ➜ Explicit dependency on target 'React-perflogger' in project 'Pods'
        ➜ Explicit dependency on target 'React-timing' in project 'Pods'
        ➜ Explicit dependency on target 'ReactNativeDependencies' in project 'Pods'
    Target 'React-jsitooling' in project 'Pods'
        ➜ Explicit dependency on target 'React-Core-prebuilt' in project 'Pods'
        ➜ Explicit dependency on target 'React-cxxreact' in project 'Pods'
        ➜ Explicit dependency on target 'React-debug' in project 'Pods'
        ➜ Explicit dependency on target 'React-jsi' in project 'Pods'
        ➜ Explicit dependency on target 'React-jsinspector' in project 'Pods'
        ➜ Explicit dependency on target 'React-jsinspectorcdp' in project 'Pods'
        ➜ Explicit dependency on target 'React-jsinspectortracing' in project 'Pods'
        ➜ Explicit dependency on target 'React-runtimeexecutor' in project 'Pods'
        ➜ Explicit dependency on target 'React-utils' in project 'Pods'
        ➜ Explicit dependency on target 'ReactNativeDependencies' in project 'Pods'
    Target 'React-hermes' in project 'Pods'
        ➜ Explicit dependency on target 'hermes-engine' in project 'Pods'
        ➜ Explicit dependency on target 'React-Core-prebuilt' in project 'Pods'
        ➜ Explicit dependency on target 'React-cxxreact' in project 'Pods'
        ➜ Explicit dependency on target 'React-jsi' in project 'Pods'
        ➜ Explicit dependency on target 'React-jsiexecutor' in project 'Pods'
        ➜ Explicit dependency on target 'React-jsinspector' in project 'Pods'
        ➜ Explicit dependency on target 'React-jsinspectorcdp' in project 'Pods'
        ➜ Explicit dependency on target 'React-jsinspectortracing' in project 'Pods'
        ➜ Explicit dependency on target 'React-oscompat' in project 'Pods'
        ➜ Explicit dependency on target 'React-perflogger' in project 'Pods'
        ➜ Explicit dependency on target 'React-runtimeexecutor' in project 'Pods'
        ➜ Explicit dependency on target 'ReactNativeDependencies' in project 'Pods'
    Target 'React-jsiexecutor' in project 'Pods'
        ➜ Explicit dependency on target 'hermes-engine' in project 'Pods'
        ➜ Explicit dependency on target 'React-Core-prebuilt' in project 'Pods'
        ➜ Explicit dependency on target 'React-cxxreact' in project 'Pods'
        ➜ Explicit dependency on target 'React-debug' in project 'Pods'
        ➜ Explicit dependency on target 'React-jsi' in project 'Pods'
        ➜ Explicit dependency on target 'React-jsinspector' in project 'Pods'
        ➜ Explicit dependency on target 'React-jsinspectorcdp' in project 'Pods'
        ➜ Explicit dependency on target 'React-jsinspectortracing' in project 'Pods'
        ➜ Explicit dependency on target 'React-perflogger' in project 'Pods'
        ➜ Explicit dependency on target 'React-runtimeexecutor' in project 'Pods'
        ➜ Explicit dependency on target 'React-utils' in project 'Pods'
        ➜ Explicit dependency on target 'ReactNativeDependencies' in project 'Pods'
    Target 'React-cxxreact' in project 'Pods'
        ➜ Explicit dependency on target 'hermes-engine' in project 'Pods'
        ➜ Explicit dependency on target 'React-callinvoker' in project 'Pods'
        ➜ Explicit dependency on target 'React-Core-prebuilt' in project 'Pods'
        ➜ Explicit dependency on target 'React-cxxreact-React-cxxreact_privacy' in project 'Pods'
        ➜ Explicit dependency on target 'React-debug' in project 'Pods'
        ➜ Explicit dependency on target 'React-jsi' in project 'Pods'
        ➜ Explicit dependency on target 'React-jsinspector' in project 'Pods'
        ➜ Explicit dependency on target 'React-jsinspectorcdp' in project 'Pods'
        ➜ Explicit dependency on target 'React-jsinspectortracing' in project 'Pods'
        ➜ Explicit dependency on target 'React-logger' in project 'Pods'
        ➜ Explicit dependency on target 'React-perflogger' in project 'Pods'
        ➜ Explicit dependency on target 'React-runtimeexecutor' in project 'Pods'
        ➜ Explicit dependency on target 'React-timing' in project 'Pods'
        ➜ Explicit dependency on target 'React-utils' in project 'Pods'
        ➜ Explicit dependency on target 'ReactNativeDependencies' in project 'Pods'
    Target 'React-logger' in project 'Pods'
        ➜ Explicit dependency on target 'React-Core-prebuilt' in project 'Pods'
        ➜ Explicit dependency on target 'ReactNativeDependencies' in project 'Pods'
    Target 'React-jsinspector' in project 'Pods'
        ➜ Explicit dependency on target 'hermes-engine' in project 'Pods'
        ➜ Explicit dependency on target 'React-Core-prebuilt' in project 'Pods'
        ➜ Explicit dependency on target 'React-featureflags' in project 'Pods'
        ➜ Explicit dependency on target 'React-jsi' in project 'Pods'
        ➜ Explicit dependency on target 'React-jsinspectorcdp' in project 'Pods'
        ➜ Explicit dependency on target 'React-jsinspectornetwork' in project 'Pods'
        ➜ Explicit dependency on target 'React-jsinspectortracing' in project 'Pods'
        ➜ Explicit dependency on target 'React-oscompat' in project 'Pods'
        ➜ Explicit dependency on target 'React-perflogger' in project 'Pods'
        ➜ Explicit dependency on target 'React-runtimeexecutor' in project 'Pods'
        ➜ Explicit dependency on target 'React-utils' in project 'Pods'
        ➜ Explicit dependency on target 'ReactNativeDependencies' in project 'Pods'
    Target 'React-runtimeexecutor' in project 'Pods'
        ➜ Explicit dependency on target 'React-Core-prebuilt' in project 'Pods'
        ➜ Explicit dependency on target 'React-debug' in project 'Pods'
        ➜ Explicit dependency on target 'React-featureflags' in project 'Pods'
        ➜ Explicit dependency on target 'React-jsi' in project 'Pods'
        ➜ Explicit dependency on target 'React-utils' in project 'Pods'
        ➜ Explicit dependency on target 'ReactNativeDependencies' in project 'Pods'
    Target 'React-perflogger' in project 'Pods'
        ➜ Explicit dependency on target 'React-Core-prebuilt' in project 'Pods'
        ➜ Explicit dependency on target 'ReactNativeDependencies' in project 'Pods'
    Target 'React-jsinspectortracing' in project 'Pods'
        ➜ Explicit dependency on target 'hermes-engine' in project 'Pods'
        ➜ Explicit dependency on target 'React-Core-prebuilt' in project 'Pods'
        ➜ Explicit dependency on target 'React-jsi' in project 'Pods'
        ➜ Explicit dependency on target 'React-jsinspectornetwork' in project 'Pods'
        ➜ Explicit dependency on target 'React-oscompat' in project 'Pods'
        ➜ Explicit dependency on target 'React-timing' in project 'Pods'
        ➜ Explicit dependency on target 'React-utils' in project 'Pods'
        ➜ Explicit dependency on target 'ReactNativeDependencies' in project 'Pods'
    Target 'React-utils' in project 'Pods'
        ➜ Explicit dependency on target 'hermes-engine' in project 'Pods'
        ➜ Explicit dependency on target 'React-Core-prebuilt' in project 'Pods'
        ➜ Explicit dependency on target 'React-debug' in project 'Pods'
        ➜ Explicit dependency on target 'React-jsi' in project 'Pods'
        ➜ Explicit dependency on target 'ReactNativeDependencies' in project 'Pods'
    Target 'React-timing' in project 'Pods'
        ➜ Explicit dependency on target 'React-debug' in project 'Pods'
    Target 'React-oscompat' in project 'Pods' (no dependencies)
    Target 'React-jsinspectornetwork' in project 'Pods'
        ➜ Explicit dependency on target 'React-Core-prebuilt' in project 'Pods'
        ➜ Explicit dependency on target 'React-jsinspectorcdp' in project 'Pods'
        ➜ Explicit dependency on target 'ReactNativeDependencies' in project 'Pods'
    Target 'React-jsinspectorcdp' in project 'Pods'
        ➜ Explicit dependency on target 'React-Core-prebuilt' in project 'Pods'
        ➜ Explicit dependency on target 'ReactNativeDependencies' in project 'Pods'
    Target 'React-featureflags' in project 'Pods'
        ➜ Explicit dependency on target 'React-Core-prebuilt' in project 'Pods'
        ➜ Explicit dependency on target 'ReactNativeDependencies' in project 'Pods'
    Target 'React-jsi' in project 'Pods'
        ➜ Explicit dependency on target 'hermes-engine' in project 'Pods'
        ➜ Explicit dependency on target 'React-Core-prebuilt' in project 'Pods'
        ➜ Explicit dependency on target 'ReactNativeDependencies' in project 'Pods'
    Target 'React-debug' in project 'Pods' (no dependencies)
    Target 'React-cxxreact-React-cxxreact_privacy' in project 'Pods' (no dependencies)
    Target 'React-callinvoker' in project 'Pods' (no dependencies)
    Target 'React-Core-React-Core_privacy' in project 'Pods' (no dependencies)
    Target 'React-Core-prebuilt' in project 'Pods'
        ➜ Explicit dependency on target 'ReactNativeDependencies' in project 'Pods'
    Target 'ReactNativeDependencies' in project 'Pods' (no dependencies)
    Target 'RCTDeprecation' in project 'Pods' (no dependencies)
    Target 'hermes-engine' in project 'Pods' (no dependencies)

GatherProvisioningInputs

CreateBuildDescription

ExecuteExternalTool /Applications/Xcode.app/Contents/Developer/Toolchains/XcodeDefault.xctoolchain/usr/bin/clang -v -E -dM -isysroot /Applications/Xcode.app/Contents/Developer/Platforms/iPhoneOS.platform/Developer/SDKs/iPhoneOS27.0.sdk -x c -c /dev/null

ExecuteExternalTool /Applications/Xcode.app/Contents/Developer/Toolchains/XcodeDefault.xctoolchain/usr/bin/clang -v -E -dM -arch arm64 -isysroot /Applications/Xcode.app/Contents/Developer/Platforms/iPhoneOS.platform/Developer/SDKs/iPhoneOS27.0.sdk -x objective-c++ -c /dev/null

ExecuteExternalTool /Applications/Xcode.app/Contents/Developer/Toolchains/XcodeDefault.xctoolchain/usr/bin/clang -v -E -dM -arch arm64 -isysroot /Applications/Xcode.app/Contents/Developer/Platforms/iPhoneOS.platform/Developer/SDKs/iPhoneOS27.0.sdk -x objective-c -c /dev/null

ExecuteExternalTool /Applications/Xcode.app/Contents/Developer/Toolchains/XcodeDefault.xctoolchain/usr/bin/clang -v -E -dM -arch arm64 -isysroot /Applications/Xcode.app/Contents/Developer/Platforms/iPhoneOS.platform/Developer/SDKs/iPhoneOS27.0.sdk -x c++ -c /dev/null

ExecuteExternalTool /Applications/Xcode.app/Contents/Developer/Toolchains/XcodeDefault.xctoolchain/usr/bin/swiftc --version

ExecuteExternalTool /Applications/Xcode.app/Contents/Developer/Toolchains/XcodeDefault.xctoolchain/usr/bin/clang -v -E -dM -arch arm64 -isysroot /Applications/Xcode.app/Contents/Developer/Platforms/iPhoneOS.platform/Developer/SDKs/iPhoneOS27.0.sdk -x assembler-with-cpp -c /dev/null

ExecuteExternalTool /Applications/Xcode.app/Contents/Developer/Toolchains/XcodeDefault.xctoolchain/usr/bin/clang -v -E -dM -arch arm64 -isysroot /Applications/Xcode.app/Contents/Developer/Platforms/iPhoneOS.platform/Developer/SDKs/iPhoneOS27.0.sdk -x c -c /dev/null

ExecuteExternalTool /Applications/Xcode.app/Contents/Developer/Toolchains/XcodeDefault.xctoolchain/usr/bin/libtool -V

ExecuteExternalTool /Applications/Xcode.app/Contents/Developer/usr/bin/actool --version --output-format xml1

ExecuteExternalTool /Applications/Xcode.app/Contents/Developer/usr/bin/ibtool --version --output-format xml1

ExecuteExternalTool /Applications/Xcode.app/Contents/Developer/usr/bin/actool --print-asset-tag-combinations --output-format xml1 /Users/gumclaw/work/gp2974-device/ios/Gumroad/Images.xcassets

ExecuteExternalTool /Applications/Xcode.app/Contents/Developer/Toolchains/XcodeDefault.xctoolchain/usr/bin/ld -version_details

Build description signature: 70dc625a3d74229de2b72a7da612669c
Build description path: /Users/gumclaw/work/gp2974-device/ios/build/dd/Build/Intermediates.noindex/XCBuildData/70dc625a3d74229de2b72a7da612669c.xcbuilddata
warning: Run script build phase '[CP-User] [Hermes] Replace Hermes for the right configuration, if needed' will be run during every build because it does not specify any outputs. To address this issue, either add output dependencies to the script phase, or configure it to run in every build by unchecking "Based on dependency analysis" in the script phase. (in target 'hermes-engine' from project 'Pods')
PhaseScriptExecution [CP-User]\ [Hermes]\ Replace\ Hermes\ for\ the\ right\ configuration,\ if\ needed /Users/gumclaw/work/gp2974-device/ios/build/dd/Build/Intermediates.noindex/Pods.build/Release-iphoneos/hermes-engine.build/Script-46EB2E00032130.sh (in target 'hermes-engine' from project 'Pods')
    cd /Users/gumclaw/work/gp2974-device/ios/Pods
    export ACTION\=build
    export AD_HOC_CODE_SIGNING_ALLOWED\=NO
    export ALLOW_BUILD_REQUEST_OVERRIDES\=NO
    export ALLOW_TARGET_PLATFORM_SPECIALIZATION\=NO
    export ALTERNATE_GROUP\=staff
    export ALTERNATE_MODE\=u+w,go-w,a+rX
    export ALTERNATE_OWNER\=gumclaw
    export ALTERNATIVE_DISTRIBUTION_WEB\=NO
    export ALWAYS_EMBED_SWIFT_STANDARD_LIBRARIES\=NO
    export ALWAYS_SEARCH_USER_PATHS\=NO
    export ALWAYS_USE_SEPARATE_HEADERMAPS\=NO
    export ANDROID_DEPLOYMENT_TARGET\=21.0
    export APPLICATION_EXTENSION_API_ONLY\=YES
    export APPLY_RULES_IN_COPY_FILES\=NO
    export APPLY_RULES_IN_COPY_HEADERS\=NO
    export APP_SHORTCUTS_ENABLE_FLEXIBLE_MATCHING\=YES
    export ARCHS\=arm64
    export ARCHS_BASE\=arm64
    export ARCHS_STANDARD\=arm64
    export ARCHS_STANDARD_32_64_BIT\=armv7\ arm64
    export ARCHS_STANDARD_32_BIT\=armv7
    export ARCHS_STANDARD_64_BIT\=arm64
    export ARCHS_STANDARD_INCLUDING_64_BIT\=arm64
    export ARCHS_UNIVERSAL_IPHONE_OS\=armv7\ arm64
    export ARCH_COHORT_arm64e\=arm64e\ arm64e.x1
    export ASSETCATALOG_COMPILER_APPICON_NAME\=AppIcon
    export ASSETCATALOG_COMPILER_GLOBAL_ACCENT_COLOR_NAME\=AccentColor
    export ASSETCATALOG_FILTER_FOR_DEVICE_MODEL\=iPhone18,3
    export ASSETCATALOG_FILTER_FOR_DEVICE_OS_VERSION\=26.4.2
    export ASSETCATALOG_FILTER_FOR_THINNING_DEVICE_CONFIGURATION\=iPhone18,3
    export AUTOMATICALLY_MERGE_DEPENDENCIES\=NO
    export AUTOMATION_APPLE_EVENTS\=NO
    export AVAILABLE_PLATFORMS\=android\ appletvos\ appletvsimulator\ driverkit\ freebsd\ iphoneos\ iphonesimulator\ linux\ macosx\ none\ openbsd\ qnx\ staticlinux\ watchos\ watchsimulator\ webassembly\ xros\ xrsimulator
    export BUILD_ACTIVE_RESOURCES_ONLY\=YES
    export BUILD_COMPONENTS\=headers\ build
    export BUILD_DIR\=/Users/gumclaw/work/gp2974-device/ios/build/dd/Build/Products
    export BUILD_LIBRARY_FOR_DISTRIBUTION\=NO
    export BUILD_ONLY_KNOWN_LOCALIZATIONS\=NO
    export BUILD_ROOT\=/Users/gumclaw/work/gp2974-device/ios/build/dd/Build/Products
    export BUILD_STYLE\=
    export BUILD_VARIANTS\=normal
    export BUILT_PRODUCTS_DIR\=/Users/gumclaw/work/gp2974-device/ios/build/dd/Build/Products/Release-iphoneos/hermes-engine
    export BUNDLE_CONTENTS_FOLDER_PATH_deep\=Contents/
    export BUNDLE_EXECUTABLE_FOLDER_NAME_deep\=MacOS
    export BUNDLE_EXTENSIONS_FOLDER_PATH\=Extensions
    export BUNDLE_FORMAT\=shallow
    export BUNDLE_FRAMEWORKS_FOLDER_PATH\=Frameworks
    export BUNDLE_PLUGINS_FOLDER_PATH\=PlugIns
    export BUNDLE_PRIVATE_HEADERS_FOLDER_PATH\=PrivateHeaders
    export BUNDLE_PUBLIC_HEADERS_FOLDER_PATH\=Headers
    export CACHE_ROOT\=/var/folders/b8/m3wdk1md2zx4zcr6xhkd2k2m0000gq/C/com.apple.DeveloperTools/27.0-27A266a/Xcode
    export CCHROOT\=/var/folders/b8/m3wdk1md2zx4zcr6xhkd2k2m0000gq/C/com.apple.DeveloperTools/27.0-27A266a/Xcode
    export CHMOD\=/bin/chmod
    export CHOWN\=chown
    export CLANG_ANALYZER_LOCALIZABILITY_NONLOCALIZED\=YES
    export CLANG_ANALYZER_NONNULL\=YES
    export CLANG_ANALYZER_NUMBER_OBJECT_CONVERSION\=YES_AGGRESSIVE
    export CLANG_CACHE_FINE_GRAINED_OUTPUTS\=YES
    export CLANG_CXX_LANGUAGE_STANDARD\=c++20
    export CLANG_CXX_LIBRARY\=compiler-default
    export CLANG_ENABLE_EXPLICIT_MODULES\=YES
    export CLANG_ENABLE_MODULES\=YES
    export CLANG_ENABLE_OBJC_ARC\=YES
    export CLANG_ENABLE_OBJC_WEAK\=NO
    export CLANG_MODULES_BUILD_SESSION_FILE\=/Users/gumclaw/work/gp2974-device/ios/build/dd/ModuleCache.noindex/Session.modulevalidation
    export CLANG_WARN_BLOCK_CAPTURE_AUTORELEASING\=YES
    export CLANG_WARN_BOOL_CONVERSION\=YES
    export CLANG_WARN_COMMA\=YES
    export CLANG_WARN_CONSTANT_CONVERSION\=YES
    export CLANG_WARN_DEPRECATED_OBJC_IMPLEMENTATIONS\=YES
    export CLANG_WARN_DIRECT_OBJC_ISA_USAGE\=YES_ERROR
    export CLANG_WARN_DOCUMENTATION_COMMENTS\=YES
    export CLANG_WARN_EMPTY_BODY\=YES
    export CLANG_WARN_ENUM_CONVERSION\=YES
    export CLANG_WARN_INFINITE_RECURSION\=YES
    export CLANG_WARN_INT_CONVERSION\=YES
    export CLANG_WARN_NON_LITERAL_NULL_CONVERSION\=YES
    export CLANG_WARN_OBJC_IMPLICIT_RETAIN_SELF\=YES
    export CLANG_WARN_OBJC_LITERAL_CONVERSION\=YES
    export CLANG_WARN_OBJC_ROOT_CLASS\=YES_ERROR
    export CLANG_WARN_QUOTED_INCLUDE_IN_FRAMEWORK_HEADER\=NO
    export CLANG_WARN_RANGE_LOOP_ANALYSIS\=YES
    export CLANG_WARN_STRICT_PROTOTYPES\=YES
    export CLANG_WARN_SUSPICIOUS_MOVE\=YES
    export CLANG_WARN_UNGUARDED_AVAILABILITY\=YES_AGGRESSIVE
    export CLANG_WARN_UNREACHABLE_CODE\=YES
    export CLANG_WARN__DUPLICATE_METHOD_MATCH\=YES
    export CLASS_FILE_DIR\=/Users/gumclaw/work/gp2974-device/ios/build/dd/Build/Intermediates.noindex/Pods.build/Release-iphoneos/hermes-engine.build/JavaClasses
    export CLEAN_PRECOMPS\=YES
    export CLONE_HEADERS\=NO
    export CODESIGNING_FOLDER_PATH\=/Users/gumclaw/work/gp2974-device/ios/build/dd/Build/Products/Release-iphoneos/hermes-engine/
    export CODE_SIGNING_ALLOWED\=NO
    export CODE_SIGNING_REQUIRED\=YES
    export CODE_SIGN_CONTEXT_CLASS\=XCiPhoneOSCodeSignContext
    export CODE_SIGN_IDENTITY\=Apple\ Development
    export CODE_SIGN_INJECT_BASE_ENTITLEMENTS\=YES
    export COLOR_DIAGNOSTICS\=NO
    export COMBINE_HIDPI_IMAGES\=NO
    export COMPILATION_CACHE_CAS_PATH\=/Users/gumclaw/work/gp2974-device/ios/build/dd/CompilationCache.noindex
    export COMPILATION_CACHE_KEEP_CAS_DIRECTORY\=YES
    export COMPILER_INDEX_STORE_ENABLE\=Default
    export COMPOSITE_SDK_DIRS\=/Users/gumclaw/work/gp2974-device/ios/build/dd/Build/Intermediates.noindex/CompositeSDKs
    export COMPRESS_PNG_FILES\=YES
    export CONFIGURATION\=Release
    export CONFIGURATION_BUILD_DIR\=/Users/gumclaw/work/gp2974-device/ios/build/dd/Build/Products/Release-iphoneos/hermes-engine
    export CONFIGURATION_TEMP_DIR\=/Users/gumclaw/work/gp2974-device/ios/build/dd/Build/Intermediates.noindex/Pods.build/Release-iphoneos
    export COPYING_PRESERVES_HFS_DATA\=NO
    export COPY_HEADERS_RUN_UNIFDEF\=NO
    export COPY_PHASE_STRIP\=NO
    export CORRESPONDING_SIMULATOR_PLATFORM_DIR\=/Applications/Xcode.app/Contents/Developer/Platforms/iPhoneSimulator.platform
    export CORRESPONDING_SIMULATOR_PLATFORM_NAME\=iphonesimulator
    export CORRESPONDING_SIMULATOR_SDK_DIR\=/Applications/Xcode.app/Contents/Developer/Platforms/iPhoneSimulator.platform/Developer/SDKs/iPhoneSimulator27.0.sdk
    export CORRESPONDING_SIMULATOR_SDK_NAME\=iphonesimulator27.0
    export CP\=/bin/cp
    export CREATE_INFOPLIST_SECTION_IN_BINARY\=NO
    export CURRENT_ARCH\=undefined_arch
    export CURRENT_VARIANT\=normal
    export DEAD_CODE_STRIPPING\=YES
    export DEBUGGING_SYMBOLS\=YES
    export DEBUG_INFORMATION_FORMAT\=dwarf-with-dsym
    export DEBUG_INFORMATION_VERSION\=compiler-default
    export DEFAULT_COMPILER\=com.apple.compilers.llvm.clang.1_0
    export DEFAULT_DEXT_INSTALL_PATH\=/System/Library/DriverExtensions
    export DEFAULT_KEXT_INSTALL_PATH\=/System/Library/Extensions
    export DEFINES_MODULE\=NO
    export DEPLOYMENT_LOCATION\=NO
    export DEPLOYMENT_POSTPROCESSING\=NO
    export DEPLOYMENT_TARGET_SETTING_NAME\=IPHONEOS_DEPLOYMENT_TARGET
    export DEPLOYMENT_TARGET_SUGGESTED_VALUES\=15.0\ 15.1\ 15.2\ 15.3\ 15.4\ 15.5\ 15.6\ 16.0\ 16.1\ 16.2\ 16.3\ 16.4\ 16.5\ 16.6\ 17.0\ 17.1\ 17.2\ 17.3\ 17.4\ 17.5\ 17.6\ 18.0\ 18.1\ 18.2\ 18.3\ 18.4\ 18.5\ 18.6\ 26.0\ 26.2\ 26.3\ 26.4\ 26.5\ 26.6\ 27.0
    export DERIVED_FILES_DIR\=/Users/gumclaw/work/gp2974-device/ios/build/dd/Build/Intermediates.noindex/Pods.build/Release-iphoneos/hermes-engine.build/DerivedSources
    export DERIVED_FILE_DIR\=/Users/gumclaw/work/gp2974-device/ios/build/dd/Build/Intermediates.noindex/Pods.build/Release-iphoneos/hermes-engine.build/DerivedSources
    export DERIVED_SOURCES_DIR\=/Users/gumclaw/work/gp2974-device/ios/build/dd/Build/Intermediates.noindex/Pods.build/Release-iphoneos/hermes-engine.build/DerivedSources
    export DERIVE_MACCATALYST_PRODUCT_BUNDLE_IDENTIFIER\=NO
    export DEVELOPER_APPLICATIONS_DIR\=/Applications/Xcode.app/Contents/Developer/Applications
    export DEVELOPER_BIN_DIR\=/Applications/Xcode.app/Contents/Developer/usr/bin
    export DEVELOPER_DIR\=/Applications/Xcode.app/Contents/Developer
    export DEVELOPER_FRAMEWORKS_DIR\=/Applications/Xcode.app/Contents/Developer/Library/Frameworks
    export DEVELOPER_FRAMEWORKS_DIR_QUOTED\=/Applications/Xcode.app/Contents/Developer/Library/Frameworks
    export DEVELOPER_LIBRARY_DIR\=/Applications/Xcode.app/Contents/Developer/Library
    export DEVELOPER_SDK_DIR\=/Applications/Xcode.app/Contents/Developer/Platforms/MacOSX.platform/Developer/SDKs
    export DEVELOPER_TOOLS_DIR\=/Applications/Xcode.app/Contents/Developer/Tools
    export DEVELOPER_USR_DIR\=/Applications/Xcode.app/Contents/Developer/usr
    export DEVELOPMENT_LANGUAGE\=en
    export DEVELOPMENT_TEAM\=66LJACJ2U7
    export DIAGNOSE_MISSING_TARGET_DEPENDENCIES\=YES
    export DIFF\=/usr/bin/diff
    export DONT_GENERATE_INFOPLIST_FILE\=NO
    export DSTROOT\=/tmp/Pods.dst
    export DT_TOOLCHAIN_DIR\=/Applications/Xcode.app/Contents/Developer/Toolchains/XcodeDefault.xctoolchain
    export DWARF_DSYM_FILE_NAME\=.dSYM
    export DWARF_DSYM_FILE_SHOULD_ACCOMPANY_PRODUCT\=NO
    export DWARF_DSYM_FOLDER_PATH\=/Users/gumclaw/work/gp2974-device/ios/build/dd/Build/Products/Release-iphoneos/hermes-engine
    export DYNAMIC_LIBRARY_EXTENSION\=dylib
    export EAGER_COMPILATION_ALLOW_SCRIPTS\=NO
    export EAGER_LINKING\=NO
    export EFFECTIVE_PLATFORM_NAME\=-iphoneos
    export EFFECTIVE_SWIFT_VERSION\=5
    export EMBEDDED_CONTENT_CONTAINS_SWIFT\=NO
    export EMBEDDED_PROFILE_NAME\=embedded.mobileprovision
    export EMBED_ASSET_PACKS_IN_PRODUCT_BUNDLE\=NO
    export ENABLE_APP_SANDBOX\=NO
    export ENABLE_CODE_COVERAGE\=YES
    export ENABLE_COHORT_ARCHS\=YES
    export ENABLE_CPLUSPLUS_BOUNDS_SAFE_BUFFERS\=NO
    export ENABLE_C_BOUNDS_SAFETY\=NO
    export ENABLE_DEBUG_DYLIB\=NO
    export ENABLE_DEFAULT_HEADER_SEARCH_PATHS\=YES
    export ENABLE_DEFAULT_SEARCH_PATHS\=YES
    export ENABLE_ENHANCED_SECURITY\=NO
    export ENABLE_HARDENED_RUNTIME\=NO
    export ENABLE_HARDWARE_CHECKED_POINTER_ARITHMETIC_SLICE\=NO
    export ENABLE_HEADER_DEPENDENCIES\=YES
    export ENABLE_INCOMING_NETWORK_CONNECTIONS\=NO
    export ENABLE_NS_ASSERTIONS\=NO
    export ENABLE_ON_DEMAND_RESOURCES\=NO
    export ENABLE_OUTGOING_NETWORK_CONNECTIONS\=NO
    export ENABLE_POINTER_AUTHENTICATION\=NO
    export ENABLE_PREVIEWS\=NO
    export ENABLE_RESOURCE_ACCESS_AUDIO_INPUT\=NO
    export ENABLE_RESOURCE_ACCESS_BLUETOOTH\=NO
    export ENABLE_RESOURCE_ACCESS_CALENDARS\=NO
    export ENABLE_RESOURCE_ACCESS_CAMERA\=NO
    export ENABLE_RESOURCE_ACCESS_CONTACTS\=NO
    export ENABLE_RESOURCE_ACCESS_LOCATION\=NO
    export ENABLE_RESOURCE_ACCESS_PHOTO_LIBRARY\=NO
    export ENABLE_RESOURCE_ACCESS_PRINTING\=NO
    export ENABLE_RESOURCE_ACCESS_USB\=NO
    export ENABLE_SDK_IMPORTS\=NO
    export ENABLE_SECURITY_COMPILER_WARNINGS\=NO
    export ENABLE_STRICT_OBJC_MSGSEND\=YES
    export ENABLE_TESTABILITY\=NO
    export ENABLE_TESTING_SEARCH_PATHS\=NO
    export ENABLE_USER_SCRIPT_SANDBOXING\=NO
    export ENABLE_XOJIT_PREVIEWS\=NO
    export ENFORCE_VALID_ARCHS\=YES
    export ENTITLEMENTS_DESTINATION\=Signature
    export ENTITLEMENTS_REQUIRED\=YES
    export EXCLUDED_INSTALLSRC_SUBDIRECTORY_PATTERNS\=.DS_Store\ .svn\ .git\ .hg\ CVS
    export EXCLUDED_RECURSIVE_SEARCH_PATH_SUBDIRECTORIES\=\*.nib\ \*.lproj\ \*.framework\ \*.gch\ \*.xcode\*\ \*.xcassets\ \*.icon\ \(\*\)\ .DS_Store\ CVS\ .svn\ .git\ .hg\ \*.pbproj\ \*.pbxproj
    export FILE_LIST\=/Users/gumclaw/work/gp2974-device/ios/build/dd/Build/Intermediates.noindex/Pods.build/Release-iphoneos/hermes-engine.build/Objects/LinkFileList
    export FIXED_FILES_DIR\=/Users/gumclaw/work/gp2974-device/ios/build/dd/Build/Intermediates.noindex/Pods.build/Release-iphoneos/hermes-engine.build/FixedFiles
    export FRAMEWORK_SEARCH_PATHS\=\ \"/Users/gumclaw/work/gp2974-device/ios/Pods/hermes-engine/destroot/Library/Frameworks/universal\"\ \"/Users/gumclaw/work/gp2974-device/ios/build/dd/Build/Products/Release-iphoneos/XCFrameworkIntermediates/hermes-engine/Pre-built\"
    export FRAMEWORK_VERSION\=A
    export FUSE_BUILD_PHASES\=YES
    export FUSE_BUILD_SCRIPT_PHASES\=NO
    export GCC3_VERSION\=3.3
    export GCC_C_LANGUAGE_STANDARD\=gnu11
    export GCC_NO_COMMON_BLOCKS\=YES
    export GCC_PFE_FILE_C_DIALECTS\=c\ objective-c\ c++\ objective-c++
    export GCC_PREPROCESSOR_DEFINITIONS\=POD_CONFIGURATION_RELEASE\=1\ \ COCOAPODS\=1
    export GCC_THUMB_SUPPORT\=YES
    export GCC_TREAT_WARNINGS_AS_ERRORS\=NO
    export GCC_VERSION\=com.apple.compilers.llvm.clang.1_0
    export GCC_VERSION_IDENTIFIER\=com_apple_compilers_llvm_clang_1_0
    export GCC_WARN_64_TO_32_BIT_CONVERSION\=YES
    export GCC_WARN_ABOUT_RETURN_TYPE\=YES_ERROR
    export GCC_WARN_INHIBIT_ALL_WARNINGS\=YES
    export GCC_WARN_UNDECLARED_SELECTOR\=YES
    export GCC_WARN_UNINITIALIZED_AUTOS\=YES_AGGRESSIVE
    export GCC_WARN_UNUSED_FUNCTION\=YES
    export GCC_WARN_UNUSED_VARIABLE\=YES
    export GENERATED_MODULEMAP_DIR\=/Users/gumclaw/work/gp2974-device/ios/build/dd/Build/Intermediates.noindex/GeneratedModuleMaps-iphoneos
    export GENERATE_INFOPLIST_FILE\=NO
    export GENERATE_INTERMEDIATE_TEXT_BASED_STUBS\=YES
    export GENERATE_PKGINFO_FILE\=NO
    export GENERATE_PRELINK_OBJECT_FILE\=NO
    export GENERATE_PROFILING_CODE\=NO
    export GENERATE_TEXT_BASED_STUBS\=NO
    export GID\=20
    export GROUP\=staff
    export HEADERMAP_INCLUDES_FLAT_ENTRIES_FOR_TARGET_BEING_BUILT\=YES
    export HEADERMAP_INCLUDES_FRAMEWORK_ENTRIES_FOR_ALL_PRODUCT_TYPES\=YES
    export HEADERMAP_INCLUDES_FRAMEWORK_ENTRIES_FOR_TARGETS_NOT_BEING_BUILT\=YES
    export HEADERMAP_INCLUDES_NONPUBLIC_NONPRIVATE_HEADERS\=YES
    export HEADERMAP_INCLUDES_PROJECT_HEADERS\=YES
    export HEADERMAP_USES_FRAMEWORK_PREFIX_ENTRIES\=YES
    export HEADERMAP_USES_VFS\=NO
    export HEADER_SEARCH_PATHS\=\ \"/Users/gumclaw/work/gp2974-device/ios/Pods/Headers/Private\"\ \"/Users/gumclaw/work/gp2974-device/ios/Pods/Headers/Private/hermes-engine\"\ \"/Users/gumclaw/work/gp2974-device/ios/Pods/Headers/Public\"\ \"/Users/gumclaw/work/gp2974-device/ios/Pods/Headers/Public/hermes-engine\"
    export HOME\=/Users/gumclaw
    export HOST_ARCH\=arm64
    export HOST_PLATFORM\=macosx
    export ICONV\=/usr/bin/iconv
    export IMPLICIT_DEPENDENCY_DOMAIN\=default
    export INDEX_ENABLE_OPTIMIZATION_LEVEL_OVERRIDE\=YES
    export INDEX_STORE_COMPRESS\=NO
    export INDEX_STORE_ONLY_PROJECT_FILES\=NO
    export INFOPLIST_ENABLE_CFBUNDLEICONS_MERGE\=YES
    export INFOPLIST_EXPAND_BUILD_SETTINGS\=YES
    export INFOPLIST_OUTPUT_FORMAT\=binary
    export INFOPLIST_PREPROCESS\=NO
    export INLINE_PRIVATE_FRAMEWORKS\=NO
    export INSTALLAPI_IGNORE_SKIP_INSTALL\=YES
    export INSTALLHDRS_COPY_PHASE\=NO
    export INSTALLHDRS_SCRIPT_PHASE\=NO
    export INSTALL_DIR\=/tmp/Pods.dst
    export INSTALL_GROUP\=staff
    export INSTALL_MODE_FLAG\=u+w,go-w,a+rX
    export INSTALL_OWNER\=gumclaw
    export INSTALL_ROOT\=/tmp/Pods.dst
    export IPHONEOS_DEPLOYMENT_TARGET\=16.2
    export IS_UNOPTIMIZED_BUILD\=NO
    export JAVAC_DEFAULT_FLAGS\=-J-Xms64m\ -J-XX:NewSize\=4M\ -J-Dfile.encoding\=UTF8
    export JAVA_APP_STUB\=/System/Library/Frameworks/JavaVM.framework/Resources/MacOS/JavaApplicationStub
    export JAVA_ARCHIVE_CLASSES\=YES
    export JAVA_ARCHIVE_TYPE\=JAR
    export JAVA_COMPILER\=/usr/bin/javac
    export JAVA_FRAMEWORK_RESOURCES_DIRS\=Resources
    export JAVA_JAR_FLAGS\=cv
    export JAVA_SOURCE_SUBDIR\=.
    export JAVA_USE_DEPENDENCIES\=YES
    export JAVA_ZIP_FLAGS\=-urg
    export JIKES_DEFAULT_FLAGS\=+E\ +OLDCSO
    export KASAN_CFLAGS_CLASSIC\=-DKASAN\=1\ -DKASAN_CLASSIC\=1\ -fsanitize\=address\ -mllvm\ -asan-globals-live-support\ -mllvm\ -asan-force-dynamic-shadow
    export KASAN_CFLAGS_TBI\=-DKASAN\=1\ -DKASAN_TBI\=1\ -fsanitize\=kernel-hwaddress\ -mllvm\ -hwasan-recover\=0\ -mllvm\ -hwasan-instrument-atomics\=0\ -mllvm\ -hwasan-instrument-stack\=1\ -mllvm\ -hwasan-generate-tags-with-calls\=1\ -mllvm\ -hwasan-instrument-with-calls\=1\ -mllvm\ -hwasan-use-short-granules\=0\ -mllvm\ -hwasan-memory-access-callback-prefix\=__asan_
    export KASAN_DEFAULT_CFLAGS\=-DKASAN\=1\ -DKASAN_CLASSIC\=1\ -fsanitize\=address\ -mllvm\ -asan-globals-live-support\ -mllvm\ -asan-force-dynamic-shadow
    export KEEP_PRIVATE_EXTERNS\=NO
    export LD_DEPENDENCY_INFO_FILE\=/Users/gumclaw/work/gp2974-device/ios/build/dd/Build/Intermediates.noindex/Pods.build/Release-iphoneos/hermes-engine.build/Objects-normal/undefined_arch/hermes-engine_dependency_info.dat
    export LD_EXPORT_SYMBOLS\=YES
    export LD_GENERATE_MAP_FILE\=NO
    export LD_MAP_FILE_PATH\=/Users/gumclaw/work/gp2974-device/ios/build/dd/Build/Intermediates.noindex/Pods.build/Release-iphoneos/hermes-engine.build/hermes-engine-LinkMap-normal-undefined_arch.txt
    export LD_NO_PIE\=NO
    export LD_QUOTE_LINKER_ARGUMENTS_FOR_COMPILER_DRIVER\=YES
    export LD_RUNPATH_SEARCH_PATHS\=\ @executable_path/Frameworks
    export LD_SHARED_CACHE_ELIGIBLE\=Automatic
    export LD_WARN_DUPLICATE_LIBRARIES\=NO
    export LD_WARN_UNUSED_DYLIBS\=NO
    export LEGACY_DEVELOPER_DIR\=/Applications/Xcode.app/Contents/PlugIns/Xcode3Core.ideplugin/Contents/SharedSupport/Developer
    export LEX\=lex
    export LIBRARY_DEXT_INSTALL_PATH\=/Library/DriverExtensions
    export LIBRARY_FLAG_NOSPACE\=YES
    export LIBRARY_KEXT_INSTALL_PATH\=/Library/Extensions
    export LINKER_DISPLAYS_MANGLED_NAMES\=NO
    export LINK_FILE_LIST_normal_arm64\=/Users/gumclaw/work/gp2974-device/ios/build/dd/Build/Intermediates.noindex/Pods.build/Release-iphoneos/hermes-engine.build/Objects-normal/arm64/hermes-engine.LinkFileList
    export LINK_OBJC_RUNTIME\=YES
    export LINK_WITH_STANDARD_LIBRARIES\=YES
    export LLVM_TARGET_TRIPLE_OS_VERSION\=ios16.2
    export LLVM_TARGET_TRIPLE_VENDOR\=apple
    export LM_AUX_CONST_METADATA_LIST_PATH_normal_arm64\=/Users/gumclaw/work/gp2974-device/ios/build/dd/Build/Intermediates.noindex/Pods.build/Release-iphoneos/hermes-engine.build/Objects-normal/arm64/hermes-engine.SwiftConstValuesFileList
    export LOCALIZATION_EXPORT_SUPPORTED\=YES
    export LOCALIZATION_PREFERS_STRING_CATALOGS\=NO
    export LOCALIZED_STRING_CODE_COMMENTS\=NO
    export LOCALIZED_STRING_MACRO_NAMES\=NSLocalizedString\ CFCopyLocalizedString
    export LOCALIZED_STRING_SWIFTUI_SUPPORT\=YES
    export LOCAL_ADMIN_APPS_DIR\=/Applications/Utilities
    export LOCAL_APPS_DIR\=/Applications
    export LOCAL_DEVELOPER_DIR\=/Library/Developer
    export LOCAL_LIBRARY_DIR\=/Library
    export LOCROOT\=/Users/gumclaw/work/gp2974-device/ios/Pods
    export LOCSYMROOT\=/Users/gumclaw/work/gp2974-device/ios/Pods
    export MAC_OS_X_PRODUCT_BUILD_VERSION\=26A428
    export MAC_OS_X_VERSION_ACTUAL\=270000
    export MAC_OS_X_VERSION_MAJOR\=270000
    export MAC_OS_X_VERSION_MINOR\=270000
    export MAKE_MERGEABLE\=NO
    export MERGEABLE_LIBRARY\=NO
    export MERGED_BINARY_TYPE\=none
    export MERGE_LINKED_LIBRARIES\=NO
    export METAL_LIBRARY_FILE_BASE\=default
    export METAL_LIBRARY_OUTPUT_DIR\=/Users/gumclaw/work/gp2974-device/ios/build/dd/Build/Products/Release-iphoneos/hermes-engine/
    export MODULE_CACHE_DIR\=/Users/gumclaw/work/gp2974-device/ios/build/dd/ModuleCache.noindex
    export MTL_ENABLE_DEBUG_INFO\=NO
    export MTL_FAST_MATH\=YES
    export NATIVE_ARCH\=arm64
    export NATIVE_ARCH_32_BIT\=arm
    export NATIVE_ARCH_64_BIT\=arm64
    export NATIVE_ARCH_ACTUAL\=arm64
    export NO_COMMON\=YES
    export OBJECT_FILE_DIR\=/Users/gumclaw/work/gp2974-device/ios/build/dd/Build/Intermediates.noindex/Pods.build/Release-iphoneos/hermes-engine.build/Objects
    export OBJECT_FILE_DIR_normal\=/Users/gumclaw/work/gp2974-device/ios/build/dd/Build/Intermediates.noindex/Pods.build/Release-iphoneos/hermes-engine.build/Objects-normal
    export OBJROOT\=/Users/gumclaw/work/gp2974-device/ios/build/dd/Build/Intermediates.noindex
    export ONLY_ACTIVE_ARCH\=NO
    export ONLY_ARCH\=arm64
    export OS\=MACOS
    export OSAC\=/usr/bin/osacompile
    export OTHER_CFLAGS\=\ -DNDEBUG
    export OTHER_CODE_SIGN_FLAGS\=--keychain\ /Users/gumclaw/Library/Keychains/gumclaw-signing.keychain-db
    export OTHER_CPLUSPLUSFLAGS\=\ -DNDEBUG\ -DNDEBUG
    export PASCAL_STRINGS\=YES
    export PATH\=/Applications/Xcode.app/Contents/SharedFrameworks/SwiftBuild.framework/Versions/A/PlugIns/SWBBuildService.bundle/Contents/PlugIns/SWBUniversalPlatformPlugin.bundle/Contents/Frameworks/SWBUniversalPlatform.framework/Resources:/Applications/Xcode.app/Contents/Developer/Toolchains/XcodeDefault.xctoolchain/usr/bin:/Applications/Xcode.app/Contents/Developer/Toolchains/XcodeDefault.xctoolchain/usr/local/bin:/Applications/Xcode.app/Contents/Developer/Toolchains/XcodeDefault.xctoolchain/usr/libexec:/Applications/Xcode.app/Contents/Developer/Platforms/iPhoneOS.platform/usr/bin:/Applications/Xcode.app/Contents/Developer/Platforms/iPhoneOS.platform/usr/local/bin:/Applications/Xcode.app/Contents/Developer/Platforms/iPhoneOS.platform/Developer/usr/bin:/Applications/Xcode.app/Contents/Developer/Platforms/iPhoneOS.platform/Developer/usr/local/bin:/Applications/Xcode.app/Contents/Developer/usr/bin:/Applications/Xcode.app/Contents/Developer/usr/local/bin:/Users/gumclaw/.gusto/bin:/Users/gumclaw/.npm-global/bin:/Users/gumclaw/.rbenv/shims:/Users/gumclaw/.nodenv/shims:/Users/gumclaw/.local/bin:/opt/homebrew/bin:/usr/local/bin:/System/Cryptexes/App/usr/bin:/usr/bin:/bin:/usr/sbin:/sbin:/var/run/com.apple.security.cryptexd/codex.system/bootstrap/usr/local/bin:/var/run/com.apple.security.cryptexd/codex.system/bootstrap/usr/bin:/var/run/com.apple.security.cryptexd/codex.system/bootstrap/usr/appleinternal/bin:/opt/pkg/env/active/bin:/opt/pmk/env/global/bin:/opt/X11/bin:/Library/Apple/usr/bin:/usr/local/MacGPG2/bin:/Library/Frameworks/Mono.framework/Versions/Current/Commands:/Applications/Postgres.app/Contents/Versions/latest/bin:/var/folders/b8/m3wdk1md2zx4zcr6xhkd2k2m0000gq/T/.tmpilcVkY:/Users/gumclaw/bin:/opt/homebrew/sbin:/Users/gumclaw/.maestro/bin
    export PATH_PREFIXES_EXCLUDED_FROM_HEADER_DEPENDENCIES\=/usr/include\ /usr/local/include\ /System/Library/Frameworks\ /System/Library/PrivateFrameworks\ /Applications/Xcode.app/Contents/Developer/Headers\ /Applications/Xcode.app/Contents/Developer/SDKs\ /Applications/Xcode.app/Contents/Developer/Platforms
    export PER_ARCH_MODULE_FILE_DIR\=/Users/gumclaw/work/gp2974-device/ios/build/dd/Build/Intermediates.noindex/Pods.build/Release-iphoneos/hermes-engine.build/Objects-normal/undefined_arch
    export PER_ARCH_OBJECT_FILE_DIR\=/Users/gumclaw/work/gp2974-device/ios/build/dd/Build/Intermediates.noindex/Pods.build/Release-iphoneos/hermes-engine.build/Objects-normal/undefined_arch
    export PER_VARIANT_OBJECT_FILE_DIR\=/Users/gumclaw/work/gp2974-device/ios/build/dd/Build/Intermediates.noindex/Pods.build/Release-iphoneos/hermes-engine.build/Objects-normal
    export PKGINFO_FILE_PATH\=/Users/gumclaw/work/gp2974-device/ios/build/dd/Build/Intermediates.noindex/Pods.build/Release-iphoneos/hermes-engine.build/PkgInfo
    export PLATFORM_DEVELOPER_APPLICATIONS_DIR\=/Applications/Xcode.app/Contents/Developer/Platforms/iPhoneOS.platform/Developer/Applications
    export PLATFORM_DEVELOPER_BIN_DIR\=/Applications/Xcode.app/Contents/Developer/Platforms/iPhoneOS.platform/Developer/usr/bin
    export PLATFORM_DEVELOPER_LIBRARY_DIR\=/Applications/Xcode.app/Contents/Developer/Platforms/iPhoneOS.platform/Developer/Library
    export PLATFORM_DEVELOPER_SDK_DIR\=/Applications/Xcode.app/Contents/Developer/Platforms/iPhoneOS.platform/Developer/SDKs
    export PLATFORM_DEVELOPER_TOOLS_DIR\=/Applications/Xcode.app/Contents/Developer/Platforms/iPhoneOS.platform/Developer/Tools
    export PLATFORM_DEVELOPER_USR_DIR\=/Applications/Xcode.app/Contents/Developer/Platforms/iPhoneOS.platform/Developer/usr
    export PLATFORM_DIR\=/Applications/Xcode.app/Contents/Developer/Platforms/iPhoneOS.platform
    export PLATFORM_DISPLAY_NAME\=iOS
    export PLATFORM_FAMILY_NAME\=iOS
    export PLATFORM_NAME\=iphoneos
    export PLATFORM_PREFERRED_ARCH\=arm64
    export PLATFORM_PRODUCT_BUILD_VERSION\=24A430
    export PLATFORM_REQUIRES_SWIFT_AUTOLINK_EXTRACT\=NO
    export PLATFORM_REQUIRES_SWIFT_MODULEWRAP\=NO
    export PLATFORM_USES_DSYMS\=YES
    export PLIST_FILE_OUTPUT_FORMAT\=binary
    export PODS_BUILD_DIR\=/Users/gumclaw/work/gp2974-device/ios/build/dd/Build/Products
    export PODS_CONFIGURATION_BUILD_DIR\=/Users/gumclaw/work/gp2974-device/ios/build/dd/Build/Products/Release-iphoneos
    export PODS_DEVELOPMENT_LANGUAGE\=en
    export PODS_ROOT\=/Users/gumclaw/work/gp2974-device/ios/Pods
    export PODS_TARGET_SRCROOT\=/Users/gumclaw/work/gp2974-device/ios/Pods/hermes-engine
    export PODS_XCFRAMEWORKS_BUILD_DIR\=/Users/gumclaw/work/gp2974-device/ios/build/dd/Build/Products/Release-iphoneos/XCFrameworkIntermediates
    export PRECOMPS_INCLUDE_HEADERS_FROM_BUILT_PRODUCTS_DIR\=YES
    export PRECOMP_DESTINATION_DIR\=/Users/gumclaw/work/gp2974-device/ios/build/dd/Build/Intermediates.noindex/Pods.build/Release-iphoneos/hermes-engine.build/PrefixHeaders
    export PRELINK_DEPENDENCY_INFO_FILE\=/Users/gumclaw/work/gp2974-device/ios/build/dd/Build/Intermediates.noindex/Pods.build/Release-iphoneos/hermes-engine.build/Objects-normal/undefined_arch/hermes-engine_prelink_dependency_info.dat
    export PROCESSED_INFOPLIST_PATH\=/Users/gumclaw/work/gp2974-device/ios/build/dd/Build/Intermediates.noindex/Pods.build/Release-iphoneos/hermes-engine.build/Objects-normal/undefined_arch/Processed-Info.plist
    export PRODUCT_BUNDLE_IDENTIFIER\=org.cocoapods.hermes-engine
    export PRODUCT_MODULE_NAME\=hermes_engine
    export PRODUCT_NAME\=hermes-engine
    export PRODUCT_SETTINGS_PATH\=
    export PROFILING_CODE\=NO
    export PROJECT\=Pods
    export PROJECT_DERIVED_FILE_DIR\=/Users/gumclaw/work/gp2974-device/ios/build/dd/Build/Intermediates.noindex/Pods.build/DerivedSources
    export PROJECT_DIR\=/Users/gumclaw/work/gp2974-device/ios/Pods
    export PROJECT_FILE_PATH\=/Users/gumclaw/work/gp2974-device/ios/Pods/Pods.xcodeproj
    export PROJECT_GUID\=8699adb1dd336b26511df848a716bd42
    export PROJECT_NAME\=Pods
    export PROJECT_TEMP_DIR\=/Users/gumclaw/work/gp2974-device/ios/build/dd/Build/Intermediates.noindex/Pods.build
    export PROJECT_TEMP_ROOT\=/Users/gumclaw/work/gp2974-device/ios/build/dd/Build/Intermediates.noindex
    export REACT_NATIVE_PATH\=/Users/gumclaw/work/gp2974-device/ios/Pods/../../node_modules/react-native
    export RECOMMENDED_IPHONEOS_DEPLOYMENT_TARGET\=17.0
    export RECURSIVE_SEARCH_PATHS_FOLLOW_SYMLINKS\=YES
    export REMOVE_CVS_FROM_RESOURCES\=YES
    export REMOVE_GIT_FROM_RESOURCES\=YES
    export REMOVE_HEADERS_FROM_EMBEDDED_BUNDLES\=YES
    export REMOVE_HG_FROM_RESOURCES\=YES
    export REMOVE_STATIC_EXECUTABLES_FROM_EMBEDDED_BUNDLES\=YES
    export REMOVE_SVN_FROM_RESOURCES\=YES
    export RESCHEDULE_INDEPENDENT_HEADERS_PHASES\=YES
    export REZ_COLLECTOR_DIR\=/Users/gumclaw/work/gp2974-device/ios/build/dd/Build/Intermediates.noindex/Pods.build/Release-iphoneos/hermes-engine.build/ResourceManagerResources
    export REZ_OBJECTS_DIR\=/Users/gumclaw/work/gp2974-device/ios/build/dd/Build/Intermediates.noindex/Pods.build/Release-iphoneos/hermes-engine.build/ResourceManagerResources/Objects
    export RPATH_ORIGIN\=@loader_path
    export RUNTIME_EXCEPTION_ALLOW_DYLD_ENVIRONMENT_VARIABLES\=NO
    export RUNTIME_EXCEPTION_ALLOW_JIT\=NO
    export RUNTIME_EXCEPTION_ALLOW_UNSIGNED_EXECUTABLE_MEMORY\=NO
    export RUNTIME_EXCEPTION_DEBUGGING_TOOL\=NO
    export RUNTIME_EXCEPTION_DISABLE_EXECUTABLE_PAGE_PROTECTION\=NO
    export RUNTIME_EXCEPTION_DISABLE_LIBRARY_VALIDATION\=NO
    export SCANNING_PCM_KEEP_CACHE_DIRECTORY\=YES
    export SCAN_ALL_SOURCE_FILES_FOR_INCLUDES\=NO
    export SCRIPT_INPUT_FILE_COUNT\=0
    export SCRIPT_INPUT_FILE_LIST_COUNT\=0
    export SCRIPT_OUTPUT_FILE_COUNT\=0
    export SCRIPT_OUTPUT_FILE_LIST_COUNT\=0
    export SDKROOT\=/Applications/Xcode.app/Contents/Developer/Platforms/iPhoneOS.platform/Developer/SDKs/iPhoneOS27.0.sdk
    export SDK_DIR\=/Applications/Xcode.app/Contents/Developer/Platforms/iPhoneOS.platform/Developer/SDKs/iPhoneOS27.0.sdk
    export SDK_DIR_iphoneos\=/Applications/Xcode.app/Contents/Developer/Platforms/iPhoneOS.platform/Developer/SDKs/iPhoneOS27.0.sdk
    export SDK_DIR_iphoneos27_0\=/Applications/Xcode.app/Contents/Developer/Platforms/iPhoneOS.platform/Developer/SDKs/iPhoneOS27.0.sdk
    export SDK_NAME\=iphoneos27.0
    export SDK_NAMES\=iphoneos27.0
    export SDK_PRODUCT_BUILD_VERSION\=24A430
    export SDK_STAT_CACHE_DIR\=/Users/gumclaw/work/gp2974-device/ios/build/dd
    export SDK_STAT_CACHE_ENABLE\=YES
    export SDK_STAT_CACHE_PATH\=/Users/gumclaw/work/gp2974-device/ios/build/dd/SDKStatCaches.noindex/iphoneos27.0-24A430-6c78b3cbc238196c85e1bf6c792c5915.sdkstatcache
    export SDK_VERSION\=27.0
    export SDK_VERSION_ACTUAL\=270000
    export SDK_VERSION_MAJOR\=270000
    export SDK_VERSION_MINOR\=270000
    export SED\=/usr/bin/sed
    export SEPARATE_STRIP\=NO
    export SEPARATE_SYMBOL_EDIT\=NO
    export SET_DIR_MODE_OWNER_GROUP\=YES
    export SET_FILE_MODE_OWNER_GROUP\=NO
    export SHALLOW_BUNDLE\=NO
    export SHARED_DERIVED_FILE_DIR\=/Users/gumclaw/work/gp2974-device/ios/build/dd/Build/Products/Release-iphoneos/hermes-engine/DerivedSources
    export SHARED_PRECOMPS_DIR\=/Users/gumclaw/work/gp2974-device/ios/build/dd/Build/Intermediates.noindex/PrecompiledHeaders
    export SKIP_COPYING_TEST_FRAMEWORKS\=YES
    export SKIP_INSTALL\=YES
    export SKIP_MERGEABLE_LIBRARY_BUNDLE_HOOK\=NO
    export SOURCE_ROOT\=/Users/gumclaw/work/gp2974-device/ios/Pods
    export SRCROOT\=/Users/gumclaw/work/gp2974-device/ios/Pods
    export STRINGSDATA_DIR\=/Users/gumclaw/work/gp2974-device/ios/build/dd/Build/Intermediates.noindex/Pods.build/Release-iphoneos/hermes-engine.build/Objects-normal/undefined_arch
    export STRINGSDATA_ROOT\=/Users/gumclaw/work/gp2974-device/ios/build/dd/Build/Intermediates.noindex/Pods.build/Release-iphoneos/hermes-engine.build
    export STRINGS_FILE_INFOPLIST_RENAME\=YES
    export STRINGS_FILE_OUTPUT_ENCODING\=binary
    export STRING_CATALOG_GENERATE_SYMBOLS\=NO
    export STRIP_BITCODE_FROM_COPIED_FILES\=YES
    export STRIP_INSTALLED_PRODUCT\=NO
    export STRIP_STYLE\=all
    export STRIP_SWIFT_SYMBOLS\=YES
    export SUPPORTED_DEVICE_FAMILIES\=1,2
    export SUPPORTED_PLATFORMS\=iphoneos\ iphonesimulator
    export SUPPORTS_MACCATALYST\=YES
    export SUPPORTS_MAC_DESIGNED_FOR_IPHONE_IPAD\=YES
    export SUPPORTS_TEXT_BASED_API\=NO
    export SUPPORTS_XR_DESIGNED_FOR_IPHONE_IPAD\=YES
    export SUPPRESS_WARNINGS\=NO
    export SWIFTC_PASS_SDKROOT\=YES
    export SWIFTC_PASS_SYSROOT\=NO
    export SWIFT_COLOR_DIAGNOSTICS\=NO
    export SWIFT_COMPILATION_MODE\=wholemodule
    export SWIFT_EMIT_CONST_VALUE_PROTOCOLS\=AnyResolverProviding\ AppEntity\ AppEnum\ AppExtension\ AppIntent\ AppIntentsPackage\ AppShortcutProviding\ AppShortcutsProvider\ AppUnionValue\ AppUnionValueCasesProviding\ DynamicOptionsProvider\ EntityQuery\ ExtensionPointDefining\ IntentValueQuery\ Resolver\ TransientEntity\ _AssistantIntentsProvider\ _GenerativeFunctionExtractable\ _IntentValueRepresentable
    export SWIFT_EMIT_LOC_STRINGS\=NO
    export SWIFT_ENABLE_EXPLICIT_MODULES\=NO
    export SWIFT_OPTIMIZATION_LEVEL\=-O
    export SWIFT_PLATFORM_TARGET_PREFIX\=ios
    export SWIFT_RESPONSE_FILE_PATH_normal_arm64\=/Users/gumclaw/work/gp2974-device/ios/build/dd/Build/Intermediates.noindex/Pods.build/Release-iphoneos/hermes-engine.build/Objects-normal/arm64/hermes-engine.SwiftFileList
    export SWIFT_VERSION\=5.0
    export SYMROOT\=/Users/gumclaw/work/gp2974-device/ios/build/dd/Build/Products
    export SYSROOT\=/Applications/Xcode.app/Contents/Developer/Platforms/iPhoneOS.platform/Developer/SDKs/iPhoneOS27.0.sdk
    export SYSTEM_ADMIN_APPS_DIR\=/Applications/Utilities
    export SYSTEM_APPS_DIR\=/Applications
    export SYSTEM_CORE_SERVICES_DIR\=/System/Library/CoreServices
    export SYSTEM_DEMOS_DIR\=/Applications/Extras
    export SYSTEM_DEVELOPER_APPS_DIR\=/Applications/Xcode.app/Contents/Developer/Applications
    export SYSTEM_DEVELOPER_BIN_DIR\=/Applications/Xcode.app/Contents/Developer/usr/bin
    export SYSTEM_DEVELOPER_DEMOS_DIR\=/Applications/Xcode.app/Contents/Developer/Applications/Utilities/Built\ Examples
    export SYSTEM_DEVELOPER_DIR\=/Applications/Xcode.app/Contents/Developer
    export SYSTEM_DEVELOPER_DOC_DIR\=/Applications/Xcode.app/Contents/Developer/ADC\ Reference\ Library
    export SYSTEM_DEVELOPER_GRAPHICS_TOOLS_DIR\=/Applications/Xcode.app/Contents/Developer/Applications/Graphics\ Tools
    export SYSTEM_DEVELOPER_JAVA_TOOLS_DIR\=/Applications/Xcode.app/Contents/Developer/Applications/Java\ Tools
    export SYSTEM_DEVELOPER_PERFORMANCE_TOOLS_DIR\=/Applications/Xcode.app/Contents/Developer/Applications/Performance\ Tools
    export SYSTEM_DEVELOPER_RELEASENOTES_DIR\=/Applications/Xcode.app/Contents/Developer/ADC\ Reference\ Library/releasenotes
    export SYSTEM_DEVELOPER_TOOLS\=/Applications/Xcode.app/Contents/Developer/Tools
    export SYSTEM_DEVELOPER_TOOLS_DOC_DIR\=/Applications/Xcode.app/Contents/Developer/ADC\ Reference\ Library/documentation/DeveloperTools
    export SYSTEM_DEVELOPER_TOOLS_RELEASENOTES_DIR\=/Applications/Xcode.app/Contents/Developer/ADC\ Reference\ Library/releasenotes/DeveloperTools
    export SYSTEM_DEVELOPER_USR_DIR\=/Applications/Xcode.app/Contents/Developer/usr
    export SYSTEM_DEVELOPER_UTILITIES_DIR\=/Applications/Xcode.app/Contents/Developer/Applications/Utilities
    export SYSTEM_DEXT_INSTALL_PATH\=/System/Library/DriverExtensions
    export SYSTEM_DOCUMENTATION_DIR\=/Library/Documentation
    export SYSTEM_KEXT_INSTALL_PATH\=/System/Library/Extensions
    export SYSTEM_LIBRARY_DIR\=/System/Library
    export TAPI_DEMANGLE\=YES
    export TAPI_ENABLE_PROJECT_HEADERS\=NO
    export TAPI_LANGUAGE\=objective-c
    export TAPI_LANGUAGE_STANDARD\=compiler-default
    export TAPI_USE_SRCROOT\=YES
    export TAPI_VERIFY_MODE\=Pedantic
    export TARGETED_DEVICE_FAMILY\=1,2
    export TARGETNAME\=hermes-engine
    export TARGET_BUILD_DIR\=/Users/gumclaw/work/gp2974-device/ios/build/dd/Build/Products/Release-iphoneos/hermes-engine
    export TARGET_DEVICE_IDENTIFIER\=00008150-000E3C2A0C85401C
    export TARGET_DEVICE_MODEL\=iPhone18,3
    export TARGET_DEVICE_OS_VERSION\=26.4.2
    export TARGET_DEVICE_PLATFORM_NAME\=iphoneos
    export TARGET_NAME\=hermes-engine
    export TARGET_TEMP_DIR\=/Users/gumclaw/work/gp2974-device/ios/build/dd/Build/Intermediates.noindex/Pods.build/Release-iphoneos/hermes-engine.build
    export TEMP_DIR\=/Users/gumclaw/work/gp2974-device/ios/build/dd/Build/Intermediates.noindex/Pods.build/Release-iphoneos/hermes-engine.build
    export TEMP_FILES_DIR\=/Users/gumclaw/work/gp2974-device/ios/build/dd/Build/Intermediates.noindex/Pods.build/Release-iphoneos/hermes-engine.build
    export TEMP_FILE_DIR\=/Users/gumclaw/work/gp2974-device/ios/build/dd/Build/Intermediates.noindex/Pods.build/Release-iphoneos/hermes-engine.build
    export TEMP_ROOT\=/Users/gumclaw/work/gp2974-device/ios/build/dd/Build/Intermediates.noindex
    export TEMP_SANDBOX_DIR\=/Users/gumclaw/work/gp2974-device/ios/build/dd/Build/Intermediates.noindex/TemporaryTaskSandboxes
    export TEST_FRAMEWORK_SEARCH_PATHS\=\ /Applications/Xcode.app/Contents/Developer/Platforms/iPhoneOS.platform/Developer/Library/Frameworks\ /Applications/Xcode.app/Contents/Developer/Platforms/iPhoneOS.platform/Developer/SDKs/iPhoneOS27.0.sdk/Developer/Library/Frameworks
    export TEST_LIBRARY_SEARCH_PATHS\=\ /Applications/Xcode.app/Contents/Developer/Platforms/iPhoneOS.platform/Developer/usr/lib
    export TOOLCHAINS\=com.apple.dt.toolchain.XcodeDefault
    export TOOLCHAIN_DIR\=/Applications/Xcode.app/Contents/Developer/Toolchains/XcodeDefault.xctoolchain
    export TREAT_MISSING_BASELINES_AS_TEST_FAILURES\=NO
    export TREAT_MISSING_SCRIPT_PHASE_OUTPUTS_AS_ERRORS\=NO
    export UID\=503
    export UNINSTALLED_PRODUCTS_DIR\=/Users/gumclaw/work/gp2974-device/ios/build/dd/Build/Intermediates.noindex/UninstalledProducts
    export UNSTRIPPED_PRODUCT\=NO
    export USER\=gumclaw
    export USER_APPS_DIR\=/Users/gumclaw/Applications
    export USER_LIBRARY_DIR\=/Users/gumclaw/Library
    export USE_DYNAMIC_NO_PIC\=YES
    export USE_HEADERMAP\=YES
    export USE_HEADER_SYMLINKS\=NO
    export USE_HERMES\=true
    export USE_RECURSIVE_SCRIPT_INPUTS_IN_SCRIPT_PHASES\=YES
    export VALIDATE_DEVELOPMENT_ASSET_PATHS\=YES_ERROR
    export VALIDATE_PRODUCT\=YES
    export VALID_ARCHS\=arm64\ arm64e\ arm64e.x1\ armv7\ armv7s
    export VERBOSE_PBXCP\=NO
    export VERSION_INFO_BUILDER\=gumclaw
    export VERSION_INFO_FILE\=hermes-engine_vers.c
    export VERSION_INFO_STRING\=\"@\(\#\)PROGRAM:hermes-engine\ \ PROJECT:Pods-\"
    export WORKSPACE_DIR\=/Users/gumclaw/work/gp2974-device/ios
    export WRAP_ASSET_PACKS_IN_SEPARATE_DIRECTORIES\=NO
    export XCODE_APP_SUPPORT_DIR\=/Applications/Xcode.app/Contents/Developer/Library/Xcode
    export XCODE_PRODUCT_BUILD_VERSION\=27A266a
    export XCODE_VERSION_ACTUAL\=2700
    export XCODE_VERSION_MAJOR\=2700
    export XCODE_VERSION_MINOR\=2700
    export XPCSERVICES_FOLDER_PATH\=/XPCServices
    export YACC\=yacc
    export _DISCOVER_COMMAND_LINE_LINKER_INPUTS\=YES
    export _DISCOVER_COMMAND_LINE_LINKER_INPUTS_INCLUDE_WL\=YES
    export _LD_MULTIARCH\=YES
    export _SWIFT_EXPLICIT_MODULES_ALLOW_CXX_INTEROP\=NO
    export __ARCHS__\=arm64
    export __DIAGNOSE_DEPRECATED_ARCHS\=YES
    export __DIAGNOSE_INVALID_DEPLOYMENT_TARGET_AS_ERROR\=YES
    export __ORIGINAL_SDK_DEFINED_LLVM_TARGET_TRIPLE_SYS\=ios
    export arch\=undefined_arch
    export variant\=normal
    /bin/sh -c /Users/gumclaw/work/gp2974-device/ios/build/dd/Build/Intermediates.noindex/Pods.build/Release-iphoneos/hermes-engine.build/Script-46EB2E00032130.sh
Node found at: /Users/gumclaw/.nodenv/versions/22.22.2/bin/node
Found .last_build_configuration file
Same config of the previous build. No need to replace Hermes engine

note: Run script build phase '[CP-User] [RNDeps] Replace React Native Dependencies for the right configuration, if needed' will be run during every build because the option to run the script phase "Based on dependency analysis" is unchecked. (in target 'ReactNativeDependencies' from project 'Pods')
PhaseScriptExecution [CP-User]\ [RNDeps]\ Replace\ React\ Native\ Dependencies\ for\ the\ right\ configuration,\ if\ needed /Users/gumclaw/work/gp2974-device/ios/build/dd/Build/Intermediates.noindex/Pods.build/Release-iphoneos/ReactNativeDependencies.build/Script-46EB2E00032110.sh (in target 'ReactNativeDependencies' from project 'Pods')
    cd /Users/gumclaw/work/gp2974-device/ios/Pods
    export ACTION\=build
    export AD_HOC_CODE_SIGNING_ALLOWED\=NO
    export ALLOW_BUILD_REQUEST_OVERRIDES\=NO
    export ALLOW_TARGET_PLATFORM_SPECIALIZATION\=NO
    export ALTERNATE_GROUP\=staff
    export ALTERNATE_MODE\=u+w,go-w,a+rX
    export ALTERNATE_OWNER\=gumclaw
    export ALTERNATIVE_DISTRIBUTION_WEB\=NO
    export ALWAYS_EMBED_SWIFT_STANDARD_LIBRARIES\=NO
    export ALWAYS_SEARCH_USER_PATHS\=NO
    export ALWAYS_USE_SEPARATE_HEADERMAPS\=NO
    export ANDROID_DEPLOYMENT_TARGET\=21.0
    export APPLICATION_EXTENSION_API_ONLY\=YES
    export APPLY_RULES_IN_COPY_FILES\=NO
    export APPLY_RULES_IN_COPY_HEADERS\=NO
    export APP_SHORTCUTS_ENABLE_FLEXIBLE_MATCHING\=YES
    export ARCHS\=arm64
    export ARCHS_BASE\=arm64
    export ARCHS_STANDARD\=arm64
    export ARCHS_STANDARD_32_64_BIT\=armv7\ arm64
    export ARCHS_STANDARD_32_BIT\=armv7
    export ARCHS_STANDARD_64_BIT\=arm64
    export ARCHS_STANDARD_INCLUDING_64_BIT\=arm64
    export ARCHS_UNIVERSAL_IPHONE_OS\=armv7\ arm64
    export ARCH_COHORT_arm64e\=arm64e\ arm64e.x1
    export ASSETCATALOG_COMPILER_APPICON_NAME\=AppIcon
    export ASSETCATALOG_COMPILER_GLOBAL_ACCENT_COLOR_NAME\=AccentColor
    export ASSETCATALOG_FILTER_FOR_DEVICE_MODEL\=iPhone18,3
    export ASSETCATALOG_FILTER_FOR_DEVICE_OS_VERSION\=26.4.2
    export ASSETCATALOG_FILTER_FOR_THINNING_DEVICE_CONFIGURATION\=iPhone18,3
    export AUTOMATICALLY_MERGE_DEPENDENCIES\=NO
    export AUTOMATION_APPLE_EVENTS\=NO
    export AVAILABLE_PLATFORMS\=android\ appletvos\ appletvsimulator\ driverkit\ freebsd\ iphoneos\ iphonesimulator\ linux\ macosx\ none\ openbsd\ qnx\ staticlinux\ watchos\ watchsimulator\ webassembly\ xros\ xrsimulator
    export BUILD_ACTIVE_RESOURCES_ONLY\=YES
    export BUILD_COMPONENTS\=headers\ build
    export BUILD_DIR\=/Users/gumclaw/work/gp2974-device/ios/build/dd/Build/Products
    export BUILD_LIBRARY_FOR_DISTRIBUTION\=NO
    export BUILD_ONLY_KNOWN_LOCALIZATIONS\=NO
    export BUILD_ROOT\=/Users/gumclaw/work/gp2974-device/ios/build/dd/Build/Products
    export BUILD_STYLE\=
    export BUILD_VARIANTS\=normal
    export BUILT_PRODUCTS_DIR\=/Users/gumclaw/work/gp2974-device/ios/build/dd/Build/Products/Release-iphoneos/ReactNativeDependencies
    export BUNDLE_CONTENTS_FOLDER_PATH_deep\=Contents/
    export BUNDLE_EXECUTABLE_FOLDER_NAME_deep\=MacOS
    export BUNDLE_EXTENSIONS_FOLDER_PATH\=Extensions
    export BUNDLE_FORMAT\=shallow
    export BUNDLE_FRAMEWORKS_FOLDER_PATH\=Frameworks
    export BUNDLE_PLUGINS_FOLDER_PATH\=PlugIns
    export BUNDLE_PRIVATE_HEADERS_FOLDER_PATH\=PrivateHeaders
    export BUNDLE_PUBLIC_HEADERS_FOLDER_PATH\=Headers
    export CACHE_ROOT\=/var/folders/b8/m3wdk1md2zx4zcr6xhkd2k2m0000gq/C/com.apple.DeveloperTools/27.0-27A266a/Xcode
    export CCHROOT\=/var/folders/b8/m3wdk1md2zx4zcr6xhkd2k2m0000gq/C/com.apple.DeveloperTools/27.0-27A266a/Xcode
    export CHMOD\=/bin/chmod
    export CHOWN\=chown
    export CLANG_ANALYZER_LOCALIZABILITY_NONLOCALIZED\=YES
    export CLANG_ANALYZER_NONNULL\=YES
    export CLANG_ANALYZER_NUMBER_OBJECT_CONVERSION\=YES_AGGRESSIVE
    export CLANG_CACHE_FINE_GRAINED_OUTPUTS\=YES
    export CLANG_CXX_LANGUAGE_STANDARD\=c++20
    export CLANG_CXX_LIBRARY\=libc++
    export CLANG_ENABLE_EXPLICIT_MODULES\=YES
    export CLANG_ENABLE_MODULES\=YES
    export CLANG_ENABLE_OBJC_ARC\=YES
    export CLANG_ENABLE_OBJC_WEAK\=NO
    export CLANG_MODULES_BUILD_SESSION_FILE\=/Users/gumclaw/work/gp2974-device/ios/build/dd/ModuleCache.noindex/Session.modulevalidation
    export CLANG_WARN_BLOCK_CAPTURE_AUTORELEASING\=YES
    export CLANG_WARN_BOOL_CONVERSION\=YES
    export CLANG_WARN_COMMA\=YES
    export CLANG_WARN_CONSTANT_CONVERSION\=YES
    export CLANG_WARN_DEPRECATED_OBJC_IMPLEMENTATIONS\=YES
    export CLANG_WARN_DIRECT_OBJC_ISA_USAGE\=YES_ERROR
    export CLANG_WARN_DOCUMENTATION_COMMENTS\=YES
    export CLANG_WARN_EMPTY_BODY\=YES
    export CLANG_WARN_ENUM_CONVERSION\=YES
    export CLANG_WARN_INFINITE_RECURSION\=YES
    export CLANG_WARN_INT_CONVERSION\=YES
    export CLANG_WARN_NON_LITERAL_NULL_CONVERSION\=YES
    export CLANG_WARN_OBJC_IMPLICIT_RETAIN_SELF\=YES
    export CLANG_WARN_OBJC_LITERAL_CONVERSION\=YES
    export CLANG_WARN_OBJC_ROOT_CLASS\=YES_ERROR
    export CLANG_WARN_QUOTED_INCLUDE_IN_FRAMEWORK_HEADER\=NO
    export CLANG_WARN_RANGE_LOOP_ANALYSIS\=YES
    export CLANG_WARN_STRICT_PROTOTYPES\=YES
    export CLANG_WARN_SUSPICIOUS_MOVE\=YES
    export CLANG_WARN_UNGUARDED_AVAILABILITY\=YES_AGGRESSIVE
    export CLANG_WARN_UNREACHABLE_CODE\=YES
    export CLANG_WARN__DUPLICATE_METHOD_MATCH\=YES
    export CLASS_FILE_DIR\=/Users/gumclaw/work/gp2974-device/ios/build/dd/Build/Intermediates.noindex/Pods.build/Release-iphoneos/ReactNativeDependencies.build/JavaClasses
    export CLEAN_PRECOMPS\=YES
    export CLONE_HEADERS\=NO
    export CODESIGNING_FOLDER_PATH\=/Users/gumclaw/work/gp2974-device/ios/build/dd/Build/Products/Release-iphoneos/ReactNativeDependencies/
    export CODE_SIGNING_ALLOWED\=NO
    export CODE_SIGNING_REQUIRED\=YES
    export CODE_SIGN_CONTEXT_CLASS\=XCiPhoneOSCodeSignContext
    export CODE_SIGN_IDENTITY\=Apple\ Development
    export CODE_SIGN_INJECT_BASE_ENTITLEMENTS\=YES
    export COLOR_DIAGNOSTICS\=NO
    export COMBINE_HIDPI_IMAGES\=NO
    export COMPILATION_CACHE_CAS_PATH\=/Users/gumclaw/work/gp2974-device/ios/build/dd/CompilationCache.noindex
    export COMPILATION_CACHE_KEEP_CAS_DIRECTORY\=YES
    export COMPILER_INDEX_STORE_ENABLE\=Default
    export COMPOSITE_SDK_DIRS\=/Users/gumclaw/work/gp2974-device/ios/build/dd/Build/Intermediates.noindex/CompositeSDKs
    export COMPRESS_PNG_FILES\=YES
    export CONFIGURATION\=Release
    export CONFIGURATION_BUILD_DIR\=/Users/gumclaw/work/gp2974-device/ios/build/dd/Build/Products/Release-iphoneos/ReactNativeDependencies
    export CONFIGURATION_TEMP_DIR\=/Users/gumclaw/work/gp2974-device/ios/build/dd/Build/Intermediates.noindex/Pods.build/Release-iphoneos
    export COPYING_PRESERVES_HFS_DATA\=NO
    export COPY_HEADERS_RUN_UNIFDEF\=NO
    export COPY_PHASE_STRIP\=NO
    export CORRESPONDING_SIMULATOR_PLATFORM_DIR\=/Applications/Xcode.app/Contents/Developer/Platforms/iPhoneSimulator.platform
    export CORRESPONDING_SIMULATOR_PLATFORM_NAME\=iphonesimulator
    export CORRESPONDING_SIMULATOR_SDK_DIR\=/Applications/Xcode.app/Contents/Developer/Platforms/iPhoneSimulator.platform/Developer/SDKs/iPhoneSimulator27.0.sdk
    export CORRESPONDING_SIMULATOR_SDK_NAME\=iphonesimulator27.0
    export CP\=/bin/cp
    export CREATE_INFOPLIST_SECTION_IN_BINARY\=NO
    export CURRENT_ARCH\=undefined_arch
    export CURRENT_VARIANT\=normal
    export DEAD_CODE_STRIPPING\=YES
    export DEBUGGING_SYMBOLS\=YES
    export DEBUG_INFORMATION_FORMAT\=dwarf-with-dsym
    export DEBUG_INFORMATION_VERSION\=compiler-default
    export DEFAULT_COMPILER\=com.apple.compilers.llvm.clang.1_0
    export DEFAULT_DEXT_INSTALL_PATH\=/System/Library/DriverExtensions
    export DEFAULT_KEXT_INSTALL_PATH\=/System/Library/Extensions
    export DEFINES_MODULE\=NO
    export DEPLOYMENT_LOCATION\=NO
    export DEPLOYMENT_POSTPROCESSING\=NO
    export DEPLOYMENT_TARGET_SETTING_NAME\=IPHONEOS_DEPLOYMENT_TARGET
    export DEPLOYMENT_TARGET_SUGGESTED_VALUES\=15.0\ 15.1\ 15.2\ 15.3\ 15.4\ 15.5\ 15.6\ 16.0\ 16.1\ 16.2\ 16.3\ 16.4\ 16.5\ 16.6\ 17.0\ 17.1\ 17.2\ 17.3\ 17.4\ 17.5\ 17.6\ 18.0\ 18.1\ 18.2\ 18.3\ 18.4\ 18.5\ 18.6\ 26.0\ 26.2\ 26.3\ 26.4\ 26.5\ 26.6\ 27.0
    export DERIVED_FILES_DIR\=/Users/gumclaw/work/gp2974-device/ios/build/dd/Build/Intermediates.noindex/Pods.build/Release-iphoneos/ReactNativeDependencies.build/DerivedSources
    export DERIVED_FILE_DIR\=/Users/gumclaw/work/gp2974-device/ios/build/dd/Build/Intermediates.noindex/Pods.build/Release-iphoneos/ReactNativeDependencies.build/DerivedSources
    export DERIVED_SOURCES_DIR\=/Users/gumclaw/work/gp2974-device/ios/build/dd/Build/Intermediates.noindex/Pods.build/Release-iphoneos/ReactNativeDependencies.build/DerivedSources
    export DERIVE_MACCATALYST_PRODUCT_BUNDLE_IDENTIFIER\=NO
    export DEVELOPER_APPLICATIONS_DIR\=/Applications/Xcode.app/Contents/Developer/Applications
    export DEVELOPER_BIN_DIR\=/Applications/Xcode.app/Contents/Developer/usr/bin
    export DEVELOPER_DIR\=/Applications/Xcode.app/Contents/Developer
    export DEVELOPER_FRAMEWORKS_DIR\=/Applications/Xcode.app/Contents/Developer/Library/Frameworks
    export DEVELOPER_FRAMEWORKS_DIR_QUOTED\=/Applications/Xcode.app/Contents/Developer/Library/Frameworks
    export DEVELOPER_LIBRARY_DIR\=/Applications/Xcode.app/Contents/Developer/Library
    export DEVELOPER_SDK_DIR\=/Applications/Xcode.app/Contents/Developer/Platforms/MacOSX.platform/Developer/SDKs
    export DEVELOPER_TOOLS_DIR\=/Applications/Xcode.app/Contents/Developer/Tools
    export DEVELOPER_USR_DIR\=/Applications/Xcode.app/Contents/Developer/usr
    export DEVELOPMENT_LANGUAGE\=en
    export DEVELOPMENT_TEAM\=66LJACJ2U7
    export DIAGNOSE_MISSING_TARGET_DEPENDENCIES\=YES
    export DIFF\=/usr/bin/diff
    export DONT_GENERATE_INFOPLIST_FILE\=NO
    export DSTROOT\=/tmp/Pods.dst
    export DT_TOOLCHAIN_DIR\=/Applications/Xcode.app/Contents/Developer/Toolchains/XcodeDefault.xctoolchain
    export DWARF_DSYM_FILE_NAME\=.dSYM
    export DWARF_DSYM_FILE_SHOULD_ACCOMPANY_PRODUCT\=NO
    export DWARF_DSYM_FOLDER_PATH\=/Users/gumclaw/work/gp2974-device/ios/build/dd/Build/Products/Release-iphoneos/ReactNativeDependencies
    export DYNAMIC_LIBRARY_EXTENSION\=dylib
    export EAGER_COMPILATION_ALLOW_SCRIPTS\=NO
    export EAGER_LINKING\=NO
    export EFFECTIVE_PLATFORM_NAME\=-iphoneos
    export EFFECTIVE_SWIFT_VERSION\=5
    export EMBEDDED_CONTENT_CONTAINS_SWIFT\=NO
    export EMBEDDED_PROFILE_NAME\=embedded.mobileprovision
    export EMBED_ASSET_PACKS_IN_PRODUCT_BUNDLE\=NO
    export ENABLE_APP_SANDBOX\=NO
    export ENABLE_CODE_COVERAGE\=YES
    export ENABLE_COHORT_ARCHS\=YES
    export ENABLE_CPLUSPLUS_BOUNDS_SAFE_BUFFERS\=NO
    export ENABLE_C_BOUNDS_SAFETY\=NO
    export ENABLE_DEBUG_DYLIB\=NO
    export ENABLE_DEFAULT_HEADER_SEARCH_PATHS\=YES
    export ENABLE_DEFAULT_SEARCH_PATHS\=YES
    export ENABLE_ENHANCED_SECURITY\=NO
    export ENABLE_HARDENED_RUNTIME\=NO
    export ENABLE_HARDWARE_CHECKED_POINTER_ARITHMETIC_SLICE\=NO
    export ENABLE_HEADER_DEPENDENCIES\=YES
    export ENABLE_INCOMING_NETWORK_CONNECTIONS\=NO
    export ENABLE_NS_ASSERTIONS\=NO
    export ENABLE_ON_DEMAND_RESOURCES\=NO
    export ENABLE_OUTGOING_NETWORK_CONNECTIONS\=NO
    export ENABLE_POINTER_AUTHENTICATION\=NO
    export ENABLE_PREVIEWS\=NO
    export ENABLE_RESOURCE_ACCESS_AUDIO_INPUT\=NO
    export ENABLE_RESOURCE_ACCESS_BLUETOOTH\=NO
    export ENABLE_RESOURCE_ACCESS_CALENDARS\=NO
    export ENABLE_RESOURCE_ACCESS_CAMERA\=NO
    export ENABLE_RESOURCE_ACCESS_CONTACTS\=NO
    export ENABLE_RESOURCE_ACCESS_LOCATION\=NO
    export ENABLE_RESOURCE_ACCESS_PHOTO_LIBRARY\=NO
    export ENABLE_RESOURCE_ACCESS_PRINTING\=NO
    export ENABLE_RESOURCE_ACCESS_USB\=NO
    export ENABLE_SDK_IMPORTS\=NO
    export ENABLE_SECURITY_COMPILER_WARNINGS\=NO
    export ENABLE_STRICT_OBJC_MSGSEND\=YES
    export ENABLE_TESTABILITY\=NO
    export ENABLE_TESTING_SEARCH_PATHS\=NO
    export ENABLE_USER_SCRIPT_SANDBOXING\=NO
    export ENABLE_XOJIT_PREVIEWS\=NO
    export ENFORCE_VALID_ARCHS\=YES
    export ENTITLEMENTS_DESTINATION\=Signature
    export ENTITLEMENTS_REQUIRED\=YES
    export EXCLUDED_INSTALLSRC_SUBDIRECTORY_PATTERNS\=.DS_Store\ .svn\ .git\ .hg\ CVS
    export EXCLUDED_RECURSIVE_SEARCH_PATH_SUBDIRECTORIES\=\*.nib\ \*.lproj\ \*.framework\ \*.gch\ \*.xcode\*\ \*.xcassets\ \*.icon\ \(\*\)\ .DS_Store\ CVS\ .svn\ .git\ .hg\ \*.pbproj\ \*.pbxproj
    export FILE_LIST\=/Users/gumclaw/work/gp2974-device/ios/build/dd/Build/Intermediates.noindex/Pods.build/Release-iphoneos/ReactNativeDependencies.build/Objects/LinkFileList
    export FIXED_FILES_DIR\=/Users/gumclaw/work/gp2974-device/ios/build/dd/Build/Intermediates.noindex/Pods.build/Release-iphoneos/ReactNativeDependencies.build/FixedFiles
    export FRAMEWORK_SEARCH_PATHS\=\ \"/Users/gumclaw/work/gp2974-device/ios/Pods/ReactNativeDependencies/framework/packages/react-native\"\ \"/Users/gumclaw/work/gp2974-device/ios/build/dd/Build/Products/Release-iphoneos/XCFrameworkIntermediates/ReactNativeDependencies\"
    export FRAMEWORK_VERSION\=A
    export FUSE_BUILD_PHASES\=YES
    export FUSE_BUILD_SCRIPT_PHASES\=NO
    export GCC3_VERSION\=3.3
    export GCC_C_LANGUAGE_STANDARD\=gnu11
    export GCC_NO_COMMON_BLOCKS\=YES
    export GCC_PFE_FILE_C_DIALECTS\=c\ objective-c\ c++\ objective-c++
    export GCC_PREPROCESSOR_DEFINITIONS\=POD_CONFIGURATION_RELEASE\=1\ \ COCOAPODS\=1
    export GCC_THUMB_SUPPORT\=YES
    export GCC_TREAT_WARNINGS_AS_ERRORS\=NO
    export GCC_VERSION\=com.apple.compilers.llvm.clang.1_0
    export GCC_VERSION_IDENTIFIER\=com_apple_compilers_llvm_clang_1_0
    export GCC_WARN_64_TO_32_BIT_CONVERSION\=YES
    export GCC_WARN_ABOUT_RETURN_TYPE\=YES_ERROR
    export GCC_WARN_UNDECLARED_SELECTOR\=YES
    export GCC_WARN_UNINITIALIZED_AUTOS\=YES_AGGRESSIVE
    export GCC_WARN_UNUSED_FUNCTION\=YES
    export GCC_WARN_UNUSED_VARIABLE\=YES
    export GENERATED_MODULEMAP_DIR\=/Users/gumclaw/work/gp2974-device/ios/build/dd/Build/Intermediates.noindex/GeneratedModuleMaps-iphoneos
    export GENERATE_INFOPLIST_FILE\=NO
    export GENERATE_INTERMEDIATE_TEXT_BASED_STUBS\=YES
    export GENERATE_PKGINFO_FILE\=NO
    export GENERATE_PRELINK_OBJECT_FILE\=NO
    export GENERATE_PROFILING_CODE\=NO
    export GENERATE_TEXT_BASED_STUBS\=NO
    export GID\=20
    export GROUP\=staff
    export HEADERMAP_INCLUDES_FLAT_ENTRIES_FOR_TARGET_BEING_BUILT\=YES
    export HEADERMAP_INCLUDES_FRAMEWORK_ENTRIES_FOR_ALL_PRODUCT_TYPES\=YES
    export HEADERMAP_INCLUDES_FRAMEWORK_ENTRIES_FOR_TARGETS_NOT_BEING_BUILT\=YES
    export HEADERMAP_INCLUDES_NONPUBLIC_NONPRIVATE_HEADERS\=YES
    export HEADERMAP_INCLUDES_PROJECT_HEADERS\=YES
    export HEADERMAP_USES_FRAMEWORK_PREFIX_ENTRIES\=YES
    export HEADERMAP_USES_VFS\=NO
    export HEADER_SEARCH_PATHS\=\ \"/Users/gumclaw/work/gp2974-device/ios/Pods/Headers/Private\"\ \"/Users/gumclaw/work/gp2974-device/ios/Pods/Headers/Private/ReactNativeDependencies\"\ \"/Users/gumclaw/work/gp2974-device/ios/Pods/Headers/Public\"\ \"/Users/gumclaw/work/gp2974-device/ios/Pods/Headers/Public/ReactNativeDependencies\"
    export HOME\=/Users/gumclaw
    export HOST_ARCH\=arm64
    export HOST_PLATFORM\=macosx
    export ICONV\=/usr/bin/iconv
    export IMPLICIT_DEPENDENCY_DOMAIN\=default
    export INDEX_ENABLE_OPTIMIZATION_LEVEL_OVERRIDE\=YES
    export INDEX_STORE_COMPRESS\=NO
    export INDEX_STORE_ONLY_PROJECT_FILES\=NO
    export INFOPLIST_ENABLE_CFBUNDLEICONS_MERGE\=YES
    export INFOPLIST_EXPAND_BUILD_SETTINGS\=YES
    export INFOPLIST_OUTPUT_FORMAT\=binary
    export INFOPLIST_PREPROCESS\=NO
    export INLINE_PRIVATE_FRAMEWORKS\=NO
    export INSTALLAPI_IGNORE_SKIP_INSTALL\=YES
    export INSTALLHDRS_COPY_PHASE\=NO
    export INSTALLHDRS_SCRIPT_PHASE\=NO
    export INSTALL_DIR\=/tmp/Pods.dst
    export INSTALL_GROUP\=staff
    export INSTALL_MODE_FLAG\=u+w,go-w,a+rX
    export INSTALL_OWNER\=gumclaw
    export INSTALL_ROOT\=/tmp/Pods.dst
    export IPHONEOS_DEPLOYMENT_TARGET\=16.2
    export IS_UNOPTIMIZED_BUILD\=NO
    export JAVAC_DEFAULT_FLAGS\=-J-Xms64m\ -J-XX:NewSize\=4M\ -J-Dfile.encoding\=UTF8
    export JAVA_APP_STUB\=/System/Library/Frameworks/JavaVM.framework/Resources/MacOS/JavaApplicationStub
    export JAVA_ARCHIVE_CLASSES\=YES
    export JAVA_ARCHIVE_TYPE\=JAR
    export JAVA_COMPILER\=/usr/bin/javac
    export JAVA_FRAMEWORK_RESOURCES_DIRS\=Resources
    export JAVA_JAR_FLAGS\=cv
    export JAVA_SOURCE_SUBDIR\=.
    export JAVA_USE_DEPENDENCIES\=YES
    export JAVA_ZIP_FLAGS\=-urg
    export JIKES_DEFAULT_FLAGS\=+E\ +OLDCSO
    export KASAN_CFLAGS_CLASSIC\=-DKASAN\=1\ -DKASAN_CLASSIC\=1\ -fsanitize\=address\ -mllvm\ -asan-globals-live-support\ -mllvm\ -asan-force-dynamic-shadow
    export KASAN_CFLAGS_TBI\=-DKASAN\=1\ -DKASAN_TBI\=1\ -fsanitize\=kernel-hwaddress\ -mllvm\ -hwasan-recover\=0\ -mllvm\ -hwasan-instrument-atomics\=0\ -mllvm\ -hwasan-instrument-stack\=1\ -mllvm\ -hwasan-generate-tags-with-calls\=1\ -mllvm\ -hwasan-instrument-with-calls\=1\ -mllvm\ -hwasan-use-short-granules\=0\ -mllvm\ -hwasan-memory-access-callback-prefix\=__asan_
    export KASAN_DEFAULT_CFLAGS\=-DKASAN\=1\ -DKASAN_CLASSIC\=1\ -fsanitize\=address\ -mllvm\ -asan-globals-live-support\ -mllvm\ -asan-force-dynamic-shadow
    export KEEP_PRIVATE_EXTERNS\=NO
    export LD_DEPENDENCY_INFO_FILE\=/Users/gumclaw/work/gp2974-device/ios/build/dd/Build/Intermediates.noindex/Pods.build/Release-iphoneos/ReactNativeDependencies.build/Objects-normal/undefined_arch/ReactNativeDependencies_dependency_info.dat
    export LD_EXPORT_SYMBOLS\=YES
    export LD_GENERATE_MAP_FILE\=NO
    export LD_MAP_FILE_PATH\=/Users/gumclaw/work/gp2974-device/ios/build/dd/Build/Intermediates.noindex/Pods.build/Release-iphoneos/ReactNativeDependencies.build/ReactNativeDependencies-LinkMap-normal-undefined_arch.txt
    export LD_NO_PIE\=NO
    export LD_QUOTE_LINKER_ARGUMENTS_FOR_COMPILER_DRIVER\=YES
    export LD_RUNPATH_SEARCH_PATHS\=\ @executable_path/Frameworks
    export LD_SHARED_CACHE_ELIGIBLE\=Automatic
    export LD_WARN_DUPLICATE_LIBRARIES\=NO
    export LD_WARN_UNUSED_DYLIBS\=NO
    export LEGACY_DEVELOPER_DIR\=/Applications/Xcode.app/Contents/PlugIns/Xcode3Core.ideplugin/Contents/SharedSupport/Developer
    export LEX\=lex
    export LIBRARY_DEXT_INSTALL_PATH\=/Library/DriverExtensions
    export LIBRARY_FLAG_NOSPACE\=YES
    export LIBRARY_KEXT_INSTALL_PATH\=/Library/Extensions
    export LINKER_DISPLAYS_MANGLED_NAMES\=NO
    export LINK_FILE_LIST_normal_arm64\=/Users/gumclaw/work/gp2974-device/ios/build/dd/Build/Intermediates.noindex/Pods.build/Release-iphoneos/ReactNativeDependencies.build/Objects-normal/arm64/ReactNativeDependencies.LinkFileList
    export LINK_OBJC_RUNTIME\=YES
    export LINK_WITH_STANDARD_LIBRARIES\=YES
    export LLVM_TARGET_TRIPLE_OS_VERSION\=ios16.2
    export LLVM_TARGET_TRIPLE_VENDOR\=apple
    export LM_AUX_CONST_METADATA_LIST_PATH_normal_arm64\=/Users/gumclaw/work/gp2974-device/ios/build/dd/Build/Intermediates.noindex/Pods.build/Release-iphoneos/ReactNativeDependencies.build/Objects-normal/arm64/ReactNativeDependencies.SwiftConstValuesFileList
    export LOCALIZATION_EXPORT_SUPPORTED\=YES
    export LOCALIZATION_PREFERS_STRING_CATALOGS\=NO
    export LOCALIZED_STRING_CODE_COMMENTS\=NO
    export LOCALIZED_STRING_MACRO_NAMES\=NSLocalizedString\ CFCopyLocalizedString
    export LOCALIZED_STRING_SWIFTUI_SUPPORT\=YES
    export LOCAL_ADMIN_APPS_DIR\=/Applications/Utilities
    export LOCAL_APPS_DIR\=/Applications
    export LOCAL_DEVELOPER_DIR\=/Library/Developer
    export LOCAL_LIBRARY_DIR\=/Library
    export LOCROOT\=/Users/gumclaw/work/gp2974-device/ios/Pods
    export LOCSYMROOT\=/Users/gumclaw/work/gp2974-device/ios/Pods
    export MAC_OS_X_PRODUCT_BUILD_VERSION\=26A428
    export MAC_OS_X_VERSION_ACTUAL\=270000
    export MAC_OS_X_VERSION_MAJOR\=270000
    export MAC_OS_X_VERSION_MINOR\=270000
    export MAKE_MERGEABLE\=NO
    export MERGEABLE_LIBRARY\=NO
    export MERGED_BINARY_TYPE\=none
    export MERGE_LINKED_LIBRARIES\=NO
    export METAL_LIBRARY_FILE_BASE\=default
    export METAL_LIBRARY_OUTPUT_DIR\=/Users/gumclaw/work/gp2974-device/ios/build/dd/Build/Products/Release-iphoneos/ReactNativeDependencies/
    export MODULE_CACHE_DIR\=/Users/gumclaw/work/gp2974-device/ios/build/dd/ModuleCache.noindex
    export MTL_ENABLE_DEBUG_INFO\=NO
    export MTL_FAST_MATH\=YES
    export NATIVE_ARCH\=arm64
    export NATIVE_ARCH_32_BIT\=arm
    export NATIVE_ARCH_64_BIT\=arm64
    export NATIVE_ARCH_ACTUAL\=arm64
    export NO_COMMON\=YES
    export OBJECT_FILE_DIR\=/Users/gumclaw/work/gp2974-device/ios/build/dd/Build/Intermediates.noindex/Pods.build/Release-iphoneos/ReactNativeDependencies.build/Objects
    export OBJECT_FILE_DIR_normal\=/Users/gumclaw/work/gp2974-device/ios/build/dd/Build/Intermediates.noindex/Pods.build/Release-iphoneos/ReactNativeDependencies.build/Objects-normal
    export OBJROOT\=/Users/gumclaw/work/gp2974-device/ios/build/dd/Build/Intermediates.noindex
    export ONLY_ACTIVE_ARCH\=NO
    export ONLY_ARCH\=arm64
    export OS\=MACOS
    export OSAC\=/usr/bin/osacompile
    export OTHER_CFLAGS\=\ -DNDEBUG
    export OTHER_CODE_SIGN_FLAGS\=--keychain\ /Users/gumclaw/Library/Keychains/gumclaw-signing.keychain-db
    export OTHER_CPLUSPLUSFLAGS\=\ -DNDEBUG\ -DNDEBUG
    export PASCAL_STRINGS\=YES
    export PATH\=/Applications/Xcode.app/Contents/SharedFrameworks/SwiftBuild.framework/Versions/A/PlugIns/SWBBuildService.bundle/Contents/PlugIns/SWBUniversalPlatformPlugin.bundle/Contents/Frameworks/SWBUniversalPlatform.framework/Resources:/Applications/Xcode.app/Contents/Developer/Toolchains/XcodeDefault.xctoolchain/usr/bin:/Applications/Xcode.app/Contents/Developer/Toolchains/XcodeDefault.xctoolchain/usr/local/bin:/Applications/Xcode.app/Contents/Developer/Toolchains/XcodeDefault.xctoolchain/usr/libexec:/Applications/Xcode.app/Contents/Developer/Platforms/iPhoneOS.platform/usr/bin:/Applications/Xcode.app/Contents/Developer/Platforms/iPhoneOS.platform/usr/local/bin:/Applications/Xcode.app/Contents/Developer/Platforms/iPhoneOS.platform/Developer/usr/bin:/Applications/Xcode.app/Contents/Developer/Platforms/iPhoneOS.platform/Developer/usr/local/bin:/Applications/Xcode.app/Contents/Developer/usr/bin:/Applications/Xcode.app/Contents/Developer/usr/local/bin:/Users/gumclaw/.gusto/bin:/Users/gumclaw/.npm-global/bin:/Users/gumclaw/.rbenv/shims:/Users/gumclaw/.nodenv/shims:/Users/gumclaw/.local/bin:/opt/homebrew/bin:/usr/local/bin:/System/Cryptexes/App/usr/bin:/usr/bin:/bin:/usr/sbin:/sbin:/var/run/com.apple.security.cryptexd/codex.system/bootstrap/usr/local/bin:/var/run/com.apple.security.cryptexd/codex.system/bootstrap/usr/bin:/var/run/com.apple.security.cryptexd/codex.system/bootstrap/usr/appleinternal/bin:/opt/pkg/env/active/bin:/opt/pmk/env/global/bin:/opt/X11/bin:/Library/Apple/usr/bin:/usr/local/MacGPG2/bin:/Library/Frameworks/Mono.framework/Versions/Current/Commands:/Applications/Postgres.app/Contents/Versions/latest/bin:/var/folders/b8/m3wdk1md2zx4zcr6xhkd2k2m0000gq/T/.tmpilcVkY:/Users/gumclaw/bin:/opt/homebrew/sbin:/Users/gumclaw/.maestro/bin
    export PATH_PREFIXES_EXCLUDED_FROM_HEADER_DEPENDENCIES\=/usr/include\ /usr/local/include\ /System/Library/Frameworks\ /System/Library/PrivateFrameworks\ /Applications/Xcode.app/Contents/Developer/Headers\ /Applications/Xcode.app/Contents/Developer/SDKs\ /Applications/Xcode.app/Contents/Developer/Platforms
    export PER_ARCH_MODULE_FILE_DIR\=/Users/gumclaw/work/gp2974-device/ios/build/dd/Build/Intermediates.noindex/Pods.build/Release-iphoneos/ReactNativeDependencies.build/Objects-normal/undefined_arch
    export PER_ARCH_OBJECT_FILE_DIR\=/Users/gumclaw/work/gp2974-device/ios/build/dd/Build/Intermediates.noindex/Pods.build/Release-iphoneos/ReactNativeDependencies.build/Objects-normal/undefined_arch
    export PER_VARIANT_OBJECT_FILE_DIR\=/Users/gumclaw/work/gp2974-device/ios/build/dd/Build/Intermediates.noindex/Pods.build/Release-iphoneos/ReactNativeDependencies.build/Objects-normal
    export PKGINFO_FILE_PATH\=/Users/gumclaw/work/gp2974-device/ios/build/dd/Build/Intermediates.noindex/Pods.build/Release-iphoneos/ReactNativeDependencies.build/PkgInfo
    export PLATFORM_DEVELOPER_APPLICATIONS_DIR\=/Applications/Xcode.app/Contents/Developer/Platforms/iPhoneOS.platform/Developer/Applications
    export PLATFORM_DEVELOPER_BIN_DIR\=/Applications/Xcode.app/Contents/Developer/Platforms/iPhoneOS.platform/Developer/usr/bin
    export PLATFORM_DEVELOPER_LIBRARY_DIR\=/Applications/Xcode.app/Contents/Developer/Platforms/iPhoneOS.platform/Developer/Library
    export PLATFORM_DEVELOPER_SDK_DIR\=/Applications/Xcode.app/Contents/Developer/Platforms/iPhoneOS.platform/Developer/SDKs
    export PLATFORM_DEVELOPER_TOOLS_DIR\=/Applications/Xcode.app/Contents/Developer/Platforms/iPhoneOS.platform/Developer/Tools
    export PLATFORM_DEVELOPER_USR_DIR\=/Applications/Xcode.app/Contents/Developer/Platforms/iPhoneOS.platform/Developer/usr
    export PLATFORM_DIR\=/Applications/Xcode.app/Contents/Developer/Platforms/iPhoneOS.platform
    export PLATFORM_DISPLAY_NAME\=iOS
    export PLATFORM_FAMILY_NAME\=iOS
    export PLATFORM_NAME\=iphoneos
    export PLATFORM_PREFERRED_ARCH\=arm64
    export PLATFORM_PRODUCT_BUILD_VERSION\=24A430
    export PLATFORM_REQUIRES_SWIFT_AUTOLINK_EXTRACT\=NO
    export PLATFORM_REQUIRES_SWIFT_MODULEWRAP\=NO
    export PLATFORM_USES_DSYMS\=YES
    export PLIST_FILE_OUTPUT_FORMAT\=binary
    export PODS_BUILD_DIR\=/Users/gumclaw/work/gp2974-device/ios/build/dd/Build/Products
    export PODS_CONFIGURATION_BUILD_DIR\=/Users/gumclaw/work/gp2974-device/ios/build/dd/Build/Products/Release-iphoneos
    export PODS_DEVELOPMENT_LANGUAGE\=en
    export PODS_ROOT\=/Users/gumclaw/work/gp2974-device/ios/Pods
    export PODS_TARGET_SRCROOT\=/Users/gumclaw/work/gp2974-device/ios/Pods/ReactNativeDependencies
    export PODS_XCFRAMEWORKS_BUILD_DIR\=/Users/gumclaw/work/gp2974-device/ios/build/dd/Build/Products/Release-iphoneos/XCFrameworkIntermediates
    export PRECOMPS_INCLUDE_HEADERS_FROM_BUILT_PRODUCTS_DIR\=YES
    export PRECOMP_DESTINATION_DIR\=/Users/gumclaw/work/gp2974-device/ios/build/dd/Build/Intermediates.noindex/Pods.build/Release-iphoneos/ReactNativeDependencies.build/PrefixHeaders
    export PRELINK_DEPENDENCY_INFO_FILE\=/Users/gumclaw/work/gp2974-device/ios/build/dd/Build/Intermediates.noindex/Pods.build/Release-iphoneos/ReactNativeDependencies.build/Objects-normal/undefined_arch/ReactNativeDependencies_prelink_dependency_info.dat
    export PROCESSED_INFOPLIST_PATH\=/Users/gumclaw/work/gp2974-device/ios/build/dd/Build/Intermediates.noindex/Pods.build/Release-iphoneos/ReactNativeDependencies.build/Objects-normal/undefined_arch/Processed-Info.plist
    export PRODUCT_BUNDLE_IDENTIFIER\=org.cocoapods.ReactNativeDependencies
    export PRODUCT_MODULE_NAME\=ReactNativeDependencies
    export PRODUCT_NAME\=ReactNativeDependencies
    export PRODUCT_SETTINGS_PATH\=
    export PROFILING_CODE\=NO
    export PROJECT\=Pods
    export PROJECT_DERIVED_FILE_DIR\=/Users/gumclaw/work/gp2974-device/ios/build/dd/Build/Intermediates.noindex/Pods.build/DerivedSources
    export PROJECT_DIR\=/Users/gumclaw/work/gp2974-device/ios/Pods
    export PROJECT_FILE_PATH\=/Users/gumclaw/work/gp2974-device/ios/Pods/Pods.xcodeproj
    export PROJECT_GUID\=8699adb1dd336b26511df848a716bd42
    export PROJECT_NAME\=Pods
    export PROJECT_TEMP_DIR\=/Users/gumclaw/work/gp2974-device/ios/build/dd/Build/Intermediates.noindex/Pods.build
    export PROJECT_TEMP_ROOT\=/Users/gumclaw/work/gp2974-device/ios/build/dd/Build/Intermediates.noindex
    export REACT_NATIVE_PATH\=/Users/gumclaw/work/gp2974-device/ios/Pods/../../node_modules/react-native
    export RECOMMENDED_IPHONEOS_DEPLOYMENT_TARGET\=17.0
    export RECURSIVE_SEARCH_PATHS_FOLLOW_SYMLINKS\=YES
    export REMOVE_CVS_FROM_RESOURCES\=YES
    export REMOVE_GIT_FROM_RESOURCES\=YES
    export REMOVE_HEADERS_FROM_EMBEDDED_BUNDLES\=YES
    export REMOVE_HG_FROM_RESOURCES\=YES
    export REMOVE_STATIC_EXECUTABLES_FROM_EMBEDDED_BUNDLES\=YES
    export REMOVE_SVN_FROM_RESOURCES\=YES
    export RESCHEDULE_INDEPENDENT_HEADERS_PHASES\=YES
    export REZ_COLLECTOR_DIR\=/Users/gumclaw/work/gp2974-device/ios/build/dd/Build/Intermediates.noindex/Pods.build/Release-iphoneos/ReactNativeDependencies.build/ResourceManagerResources
    export REZ_OBJECTS_DIR\=/Users/gumclaw/work/gp2974-device/ios/build/dd/Build/Intermediates.noindex/Pods.build/Release-iphoneos/ReactNativeDependencies.build/ResourceManagerResources/Objects
    export RPATH_ORIGIN\=@loader_path
    export RUNTIME_EXCEPTION_ALLOW_DYLD_ENVIRONMENT_VARIABLES\=NO
    export RUNTIME_EXCEPTION_ALLOW_JIT\=NO
    export RUNTIME_EXCEPTION_ALLOW_UNSIGNED_EXECUTABLE_MEMORY\=NO
    export RUNTIME_EXCEPTION_DEBUGGING_TOOL\=NO
    export RUNTIME_EXCEPTION_DISABLE_EXECUTABLE_PAGE_PROTECTION\=NO
    export RUNTIME_EXCEPTION_DISABLE_LIBRARY_VALIDATION\=NO
    export SCANNING_PCM_KEEP_CACHE_DIRECTORY\=YES
    export SCAN_ALL_SOURCE_FILES_FOR_INCLUDES\=NO
    export SCRIPT_INPUT_FILE_COUNT\=0
    export SCRIPT_INPUT_FILE_LIST_COUNT\=0
    export SCRIPT_OUTPUT_FILE_COUNT\=0
    export SCRIPT_OUTPUT_FILE_LIST_COUNT\=0
    export SDKROOT\=/Applications/Xcode.app/Contents/Developer/Platforms/iPhoneOS.platform/Developer/SDKs/iPhoneOS27.0.sdk
    export SDK_DIR\=/Applications/Xcode.app/Contents/Developer/Platforms/iPhoneOS.platform/Developer/SDKs/iPhoneOS27.0.sdk
    export SDK_DIR_iphoneos\=/Applications/Xcode.app/Contents/Developer/Platforms/iPhoneOS.platform/Developer/SDKs/iPhoneOS27.0.sdk
    export SDK_DIR_iphoneos27_0\=/Applications/Xcode.app/Contents/Developer/Platforms/iPhoneOS.platform/Developer/SDKs/iPhoneOS27.0.sdk
    export SDK_NAME\=iphoneos27.0
    export SDK_NAMES\=iphoneos27.0
    export SDK_PRODUCT_BUILD_VERSION\=24A430
    export SDK_STAT_CACHE_DIR\=/Users/gumclaw/work/gp2974-device/ios/build/dd
    export SDK_STAT_CACHE_ENABLE\=YES
    export SDK_STAT_CACHE_PATH\=/Users/gumclaw/work/gp2974-device/ios/build/dd/SDKStatCaches.noindex/iphoneos27.0-24A430-6c78b3cbc238196c85e1bf6c792c5915.sdkstatcache
    export SDK_VERSION\=27.0
    export SDK_VERSION_ACTUAL\=270000
    export SDK_VERSION_MAJOR\=270000
    export SDK_VERSION_MINOR\=270000
    export SED\=/usr/bin/sed
    export SEPARATE_STRIP\=NO
    export SEPARATE_SYMBOL_EDIT\=NO
    export SET_DIR_MODE_OWNER_GROUP\=YES
    export SET_FILE_MODE_OWNER_GROUP\=NO
    export SHALLOW_BUNDLE\=NO
    export SHARED_DERIVED_FILE_DIR\=/Users/gumclaw/work/gp2974-device/ios/build/dd/Build/Products/Release-iphoneos/ReactNativeDependencies/DerivedSources
    export SHARED_PRECOMPS_DIR\=/Users/gumclaw/work/gp2974-device/ios/build/dd/Build/Intermediates.noindex/PrecompiledHeaders
    export SKIP_COPYING_TEST_FRAMEWORKS\=YES
    export SKIP_INSTALL\=YES
    export SKIP_MERGEABLE_LIBRARY_BUNDLE_HOOK\=NO
    export SOURCE_ROOT\=/Users/gumclaw/work/gp2974-device/ios/Pods
    export SRCROOT\=/Users/gumclaw/work/gp2974-device/ios/Pods
    export STRINGSDATA_DIR\=/Users/gumclaw/work/gp2974-device/ios/build/dd/Build/Intermediates.noindex/Pods.build/Release-iphoneos/ReactNativeDependencies.build/Objects-normal/undefined_arch
    export STRINGSDATA_ROOT\=/Users/gumclaw/work/gp2974-device/ios/build/dd/Build/Intermediates.noindex/Pods.build/Release-iphoneos/ReactNativeDependencies.build
    export STRINGS_FILE_INFOPLIST_RENAME\=YES
    export STRINGS_FILE_OUTPUT_ENCODING\=binary
    export STRING_CATALOG_GENERATE_SYMBOLS\=NO
    export STRIP_BITCODE_FROM_COPIED_FILES\=YES
    export STRIP_INSTALLED_PRODUCT\=NO
    export STRIP_STYLE\=all
    export STRIP_SWIFT_SYMBOLS\=YES
    export SUPPORTED_DEVICE_FAMILIES\=1,2
    export SUPPORTED_PLATFORMS\=iphoneos\ iphonesimulator
    export SUPPORTS_MACCATALYST\=YES
    export SUPPORTS_MAC_DESIGNED_FOR_IPHONE_IPAD\=YES
    export SUPPORTS_TEXT_BASED_API\=NO
    export SUPPORTS_XR_DESIGNED_FOR_IPHONE_IPAD\=YES
    export SUPPRESS_WARNINGS\=NO
    export SWIFTC_PASS_SDKROOT\=YES
    export SWIFTC_PASS_SYSROOT\=NO
    export SWIFT_COLOR_DIAGNOSTICS\=NO
    export SWIFT_COMPILATION_MODE\=wholemodule
    export SWIFT_EMIT_CONST_VALUE_PROTOCOLS\=AnyResolverProviding\ AppEntity\ AppEnum\ AppExtension\ AppIntent\ AppIntentsPackage\ AppShortcutProviding\ AppShortcutsProvider\ AppUnionValue\ AppUnionValueCasesProviding\ DynamicOptionsProvider\ EntityQuery\ ExtensionPointDefining\ IntentValueQuery\ Resolver\ TransientEntity\ _AssistantIntentsProvider\ _GenerativeFunctionExtractable\ _IntentValueRepresentable
    export SWIFT_EMIT_LOC_STRINGS\=NO
    export SWIFT_ENABLE_EXPLICIT_MODULES\=NO
    export SWIFT_OPTIMIZATION_LEVEL\=-O
    export SWIFT_PLATFORM_TARGET_PREFIX\=ios
    export SWIFT_RESPONSE_FILE_PATH_normal_arm64\=/Users/gumclaw/work/gp2974-device/ios/build/dd/Build/Intermediates.noindex/Pods.build/Release-iphoneos/ReactNativeDependencies.build/Objects-normal/arm64/ReactNativeDependencies.SwiftFileList
    export SWIFT_VERSION\=5.0
    export SYMROOT\=/Users/gumclaw/work/gp2974-device/ios/build/dd/Build/Products
    export SYSROOT\=/Applications/Xcode.app/Contents/Developer/Platforms/iPhoneOS.platform/Developer/SDKs/iPhoneOS27.0.sdk
    export SYSTEM_ADMIN_APPS_DIR\=/Applications/Utilities
    export SYSTEM_APPS_DIR\=/Applications
    export SYSTEM_CORE_SERVICES_DIR\=/System/Library/CoreServices
    export SYSTEM_DEMOS_DIR\=/Applications/Extras
    export SYSTEM_DEVELOPER_APPS_DIR\=/Applications/Xcode.app/Contents/Developer/Applications
    export SYSTEM_DEVELOPER_BIN_DIR\=/Applications/Xcode.app/Contents/Developer/usr/bin
    export SYSTEM_DEVELOPER_DEMOS_DIR\=/Applications/Xcode.app/Contents/Developer/Applications/Utilities/Built\ Examples
    export SYSTEM_DEVELOPER_DIR\=/Applications/Xcode.app/Contents/Developer
    export SYSTEM_DEVELOPER_DOC_DIR\=/Applications/Xcode.app/Contents/Developer/ADC\ Reference\ Library
    export SYSTEM_DEVELOPER_GRAPHICS_TOOLS_DIR\=/Applications/Xcode.app/Contents/Developer/Applications/Graphics\ Tools
    export SYSTEM_DEVELOPER_JAVA_TOOLS_DIR\=/Applications/Xcode.app/Contents/Developer/Applications/Java\ Tools
    export SYSTEM_DEVELOPER_PERFORMANCE_TOOLS_DIR\=/Applications/Xcode.app/Contents/Developer/Applications/Performance\ Tools
    export SYSTEM_DEVELOPER_RELEASENOTES_DIR\=/Applications/Xcode.app/Contents/Developer/ADC\ Reference\ Library/releasenotes
    export SYSTEM_DEVELOPER_TOOLS\=/Applications/Xcode.app/Contents/Developer/Tools
    export SYSTEM_DEVELOPER_TOOLS_DOC_DIR\=/Applications/Xcode.app/Contents/Developer/ADC\ Reference\ Library/documentation/DeveloperTools
    export SYSTEM_DEVELOPER_TOOLS_RELEASENOTES_DIR\=/Applications/Xcode.app/Contents/Developer/ADC\ Reference\ Library/releasenotes/DeveloperTools
    export SYSTEM_DEVELOPER_USR_DIR\=/Applications/Xcode.app/Contents/Developer/usr
    export SYSTEM_DEVELOPER_UTILITIES_DIR\=/Applications/Xcode.app/Contents/Developer/Applications/Utilities
    export SYSTEM_DEXT_INSTALL_PATH\=/System/Library/DriverExtensions
    export SYSTEM_DOCUMENTATION_DIR\=/Library/Documentation
    export SYSTEM_KEXT_INSTALL_PATH\=/System/Library/Extensions
    export SYSTEM_LIBRARY_DIR\=/System/Library
    export TAPI_DEMANGLE\=YES
    export TAPI_ENABLE_PROJECT_HEADERS\=NO
    export TAPI_LANGUAGE\=objective-c
    export TAPI_LANGUAGE_STANDARD\=compiler-default
    export TAPI_USE_SRCROOT\=YES
    export TAPI_VERIFY_MODE\=Pedantic
    export TARGETED_DEVICE_FAMILY\=1,2
    export TARGETNAME\=ReactNativeDependencies
    export TARGET_BUILD_DIR\=/Users/gumclaw/work/gp2974-device/ios/build/dd/Build/Products/Release-iphoneos/ReactNativeDependencies
    export TARGET_DEVICE_IDENTIFIER\=00008150-000E3C2A0C85401C
    export TARGET_DEVICE_MODEL\=iPhone18,3
    export TARGET_DEVICE_OS_VERSION\=26.4.2
    export TARGET_DEVICE_PLATFORM_NAME\=iphoneos
    export TARGET_NAME\=ReactNativeDependencies
    export TARGET_TEMP_DIR\=/Users/gumclaw/work/gp2974-device/ios/build/dd/Build/Intermediates.noindex/Pods.build/Release-iphoneos/ReactNativeDependencies.build
    export TEMP_DIR\=/Users/gumclaw/work/gp2974-device/ios/build/dd/Build/Intermediates.noindex/Pods.build/Release-iphoneos/ReactNativeDependencies.build
    export TEMP_FILES_DIR\=/Users/gumclaw/work/gp2974-device/ios/build/dd/Build/Intermediates.noindex/Pods.build/Release-iphoneos/ReactNativeDependencies.build
    export TEMP_FILE_DIR\=/Users/gumclaw/work/gp2974-device/ios/build/dd/Build/Intermediates.noindex/Pods.build/Release-iphoneos/ReactNativeDependencies.build
    export TEMP_ROOT\=/Users/gumclaw/work/gp2974-device/ios/build/dd/Build/Intermediates.noindex
    export TEMP_SANDBOX_DIR\=/Users/gumclaw/work/gp2974-device/ios/build/dd/Build/Intermediates.noindex/TemporaryTaskSandboxes
    export TEST_FRAMEWORK_SEARCH_PATHS\=\ /Applications/Xcode.app/Contents/Developer/Platforms/iPhoneOS.platform/Developer/Library/Frameworks\ /Applications/Xcode.app/Contents/Developer/Platforms/iPhoneOS.platform/Developer/SDKs/iPhoneOS27.0.sdk/Developer/Library/Frameworks
    export TEST_LIBRARY_SEARCH_PATHS\=\ /Applications/Xcode.app/Contents/Developer/Platforms/iPhoneOS.platform/Developer/usr/lib
    export TOOLCHAINS\=com.apple.dt.toolchain.XcodeDefault
    export TOOLCHAIN_DIR\=/Applications/Xcode.app/Contents/Developer/Toolchains/XcodeDefault.xctoolchain
    export TREAT_MISSING_BASELINES_AS_TEST_FAILURES\=NO
    export TREAT_MISSING_SCRIPT_PHASE_OUTPUTS_AS_ERRORS\=NO
    export UID\=503
    export UNINSTALLED_PRODUCTS_DIR\=/Users/gumclaw/work/gp2974-device/ios/build/dd/Build/Intermediates.noindex/UninstalledProducts
    export UNSTRIPPED_PRODUCT\=NO
    export USER\=gumclaw
    export USER_APPS_DIR\=/Users/gumclaw/Applications
    export USER_LIBRARY_DIR\=/Users/gumclaw/Library
    export USE_DYNAMIC_NO_PIC\=YES
    export USE_HEADERMAP\=YES
    export USE_HEADER_SYMLINKS\=NO
    export USE_HERMES\=true
    export USE_RECURSIVE_SCRIPT_INPUTS_IN_SCRIPT_PHASES\=YES
    export VALIDATE_DEVELOPMENT_ASSET_PATHS\=YES_ERROR
    export VALIDATE_PRODUCT\=YES
    export VALID_ARCHS\=arm64\ arm64e\ arm64e.x1\ armv7\ armv7s
    export VERBOSE_PBXCP\=NO
    export VERSION_INFO_BUILDER\=gumclaw
    export VERSION_INFO_FILE\=ReactNativeDependencies_vers.c
    export VERSION_INFO_STRING\=\"@\(\#\)PROGRAM:ReactNativeDependencies\ \ PROJECT:Pods-\"
    export WORKSPACE_DIR\=/Users/gumclaw/work/gp2974-device/ios
    export WRAP_ASSET_PACKS_IN_SEPARATE_DIRECTORIES\=NO
    export XCODE_APP_SUPPORT_DIR\=/Applications/Xcode.app/Contents/Developer/Library/Xcode
    export XCODE_PRODUCT_BUILD_VERSION\=27A266a
    export XCODE_VERSION_ACTUAL\=2700
    export XCODE_VERSION_MAJOR\=2700
    export XCODE_VERSION_MINOR\=2700
    export XPCSERVICES_FOLDER_PATH\=/XPCServices
    export YACC\=yacc
    export _DISCOVER_COMMAND_LINE_LINKER_INPUTS\=YES
    export _DISCOVER_COMMAND_LINE_LINKER_INPUTS_INCLUDE_WL\=YES
    export _LD_MULTIARCH\=YES
    export _SWIFT_EXPLICIT_MODULES_ALLOW_CXX_INTEROP\=NO
    export __ARCHS__\=arm64
    export __DIAGNOSE_DEPRECATED_ARCHS\=YES
    export __DIAGNOSE_INVALID_DEPLOYMENT_TARGET_AS_ERROR\=YES
    export __ORIGINAL_SDK_DEFINED_LLVM_TARGET_TRIPLE_SYS\=ios
    export arch\=undefined_arch
    export variant\=normal
    /bin/sh -c /Users/gumclaw/work/gp2974-device/ios/build/dd/Build/Intermediates.noindex/Pods.build/Release-iphoneos/ReactNativeDependencies.build/Script-46EB2E00032110.sh
Node found at: /Users/gumclaw/.nodenv/versions/22.22.2/bin/node
Found ReactNativeDependencies/.last_build_configuration file
Same config of the previous build. No need to replace RNDeps

note: Run script build phase '[CP-User] [RNDeps] Replace React Native Core for the right configuration, if needed' will be run during every build because the option to run the script phase "Based on dependency analysis" is unchecked. (in target 'React-Core-prebuilt' from project 'Pods')
PhaseScriptExecution [CP-User]\ [RNDeps]\ Replace\ React\ Native\ Core\ for\ the\ right\ configuration,\ if\ needed /Users/gumclaw/work/gp2974-device/ios/build/dd/Build/Intermediates.noindex/Pods.build/Release-iphoneos/React-Core-prebuilt.build/Script-46EB2E000320D0.sh (in target 'React-Core-prebuilt' from project 'Pods')
    cd /Users/gumclaw/work/gp2974-device/ios/Pods
    export ACTION\=build
    export AD_HOC_CODE_SIGNING_ALLOWED\=NO
    export ALLOW_BUILD_REQUEST_OVERRIDES\=NO
    export ALLOW_TARGET_PLATFORM_SPECIALIZATION\=NO
    export ALTERNATE_GROUP\=staff
    export ALTERNATE_MODE\=u+w,go-w,a+rX
    export ALTERNATE_OWNER\=gumclaw
    export ALTERNATIVE_DISTRIBUTION_WEB\=NO
    export ALWAYS_EMBED_SWIFT_STANDARD_LIBRARIES\=NO
    export ALWAYS_SEARCH_USER_PATHS\=NO
    export ALWAYS_USE_SEPARATE_HEADERMAPS\=NO
    export ANDROID_DEPLOYMENT_TARGET\=21.0
    export APPLICATION_EXTENSION_API_ONLY\=No
    export APPLY_RULES_IN_COPY_FILES\=NO
    export APPLY_RULES_IN_COPY_HEADERS\=NO
    export APP_SHORTCUTS_ENABLE_FLEXIBLE_MATCHING\=YES
    export ARCHS\=arm64
    export ARCHS_BASE\=arm64
    export ARCHS_STANDARD\=arm64
    export ARCHS_STANDARD_32_64_BIT\=armv7\ arm64
    export ARCHS_STANDARD_32_BIT\=armv7
    export ARCHS_STANDARD_64_BIT\=arm64
    export ARCHS_STANDARD_INCLUDING_64_BIT\=arm64
    export ARCHS_UNIVERSAL_IPHONE_OS\=armv7\ arm64
    export ARCH_COHORT_arm64e\=arm64e\ arm64e.x1
    export ASSETCATALOG_COMPILER_APPICON_NAME\=AppIcon
    export ASSETCATALOG_COMPILER_GLOBAL_ACCENT_COLOR_NAME\=AccentColor
    export ASSETCATALOG_FILTER_FOR_DEVICE_MODEL\=iPhone18,3
    export ASSETCATALOG_FILTER_FOR_DEVICE_OS_VERSION\=26.4.2
    export ASSETCATALOG_FILTER_FOR_THINNING_DEVICE_CONFIGURATION\=iPhone18,3
    export AUTOMATICALLY_MERGE_DEPENDENCIES\=NO
    export AUTOMATION_APPLE_EVENTS\=NO
    export AVAILABLE_PLATFORMS\=android\ appletvos\ appletvsimulator\ driverkit\ freebsd\ iphoneos\ iphonesimulator\ linux\ macosx\ none\ openbsd\ qnx\ staticlinux\ watchos\ watchsimulator\ webassembly\ xros\ xrsimulator
    export BUILD_ACTIVE_RESOURCES_ONLY\=YES
    export BUILD_COMPONENTS\=headers\ build
    export BUILD_DIR\=/Users/gumclaw/work/gp2974-device/ios/build/dd/Build/Products
    export BUILD_LIBRARY_FOR_DISTRIBUTION\=NO
    export BUILD_ONLY_KNOWN_LOCALIZATIONS\=NO
    export BUILD_ROOT\=/Users/gumclaw/work/gp2974-device/ios/build/dd/Build/Products
    export BUILD_STYLE\=
    export BUILD_VARIANTS\=normal
    export BUILT_PRODUCTS_DIR\=/Users/gumclaw/work/gp2974-device/ios/build/dd/Build/Products/Release-iphoneos/React-Core-prebuilt
    export BUNDLE_CONTENTS_FOLDER_PATH_deep\=Contents/
    export BUNDLE_EXECUTABLE_FOLDER_NAME_deep\=MacOS
    export BUNDLE_EXTENSIONS_FOLDER_PATH\=Extensions
    export BUNDLE_FORMAT\=shallow
    export BUNDLE_FRAMEWORKS_FOLDER_PATH\=Frameworks
    export BUNDLE_PLUGINS_FOLDER_PATH\=PlugIns
    export BUNDLE_PRIVATE_HEADERS_FOLDER_PATH\=PrivateHeaders
    export BUNDLE_PUBLIC_HEADERS_FOLDER_PATH\=Headers
    export CACHE_ROOT\=/var/folders/b8/m3wdk1md2zx4zcr6xhkd2k2m0000gq/C/com.apple.DeveloperTools/27.0-27A266a/Xcode
    export CCHROOT\=/var/folders/b8/m3wdk1md2zx4zcr6xhkd2k2m0000gq/C/com.apple.DeveloperTools/27.0-27A266a/Xcode
    export CHMOD\=/bin/chmod
    export CHOWN\=chown
    export CLANG_ANALYZER_LOCALIZABILITY_NONLOCALIZED\=YES
    export CLANG_ANALYZER_NONNULL\=YES
    export CLANG_ANALYZER_NUMBER_OBJECT_CONVERSION\=YES_AGGRESSIVE
    export CLANG_CACHE_FINE_GRAINED_OUTPUTS\=YES
    export CLANG_CXX_LANGUAGE_STANDARD\=c++20
    export CLANG_CXX_LIBRARY\=libc++
    export CLANG_ENABLE_EXPLICIT_MODULES\=YES
    export CLANG_ENABLE_MODULES\=YES
    export CLANG_ENABLE_OBJC_ARC\=YES
    export CLANG_ENABLE_OBJC_WEAK\=NO
    export CLANG_MODULES_BUILD_SESSION_FILE\=/Users/gumclaw/work/gp2974-device/ios/build/dd/ModuleCache.noindex/Session.modulevalidation
    export CLANG_WARN_BLOCK_CAPTURE_AUTORELEASING\=YES
    export CLANG_WARN_BOOL_CONVERSION\=YES
    export CLANG_WARN_COMMA\=YES
    export CLANG_WARN_CONSTANT_CONVERSION\=YES
    export CLANG_WARN_DEPRECATED_OBJC_IMPLEMENTATIONS\=YES
    export CLANG_WARN_DIRECT_OBJC_ISA_USAGE\=YES_ERROR
    export CLANG_WARN_DOCUMENTATION_COMMENTS\=YES
    export CLANG_WARN_EMPTY_BODY\=YES
    export CLANG_WARN_ENUM_CONVERSION\=YES
    export CLANG_WARN_INFINITE_RECURSION\=YES
    export CLANG_WARN_INT_CONVERSION\=YES
    export CLANG_WARN_NON_LITERAL_NULL_CONVERSION\=YES
    export CLANG_WARN_OBJC_IMPLICIT_RETAIN_SELF\=YES
    export CLANG_WARN_OBJC_LITERAL_CONVERSION\=YES
    export CLANG_WARN_OBJC_ROOT_CLASS\=YES_ERROR
    export CLANG_WARN_QUOTED_INCLUDE_IN_FRAMEWORK_HEADER\=NO
    export CLANG_WARN_RANGE_LOOP_ANALYSIS\=YES
    export CLANG_WARN_STRICT_PROTOTYPES\=YES
    export CLANG_WARN_SUSPICIOUS_MOVE\=YES
    export CLANG_WARN_UNGUARDED_AVAILABILITY\=YES_AGGRESSIVE
    export CLANG_WARN_UNREACHABLE_CODE\=YES
    export CLANG_WARN__DUPLICATE_METHOD_MATCH\=YES
    export CLASS_FILE_DIR\=/Users/gumclaw/work/gp2974-device/ios/build/dd/Build/Intermediates.noindex/Pods.build/Release-iphoneos/React-Core-prebuilt.build/JavaClasses
    export CLEAN_PRECOMPS\=YES
    export CLONE_HEADERS\=NO
    export CODESIGNING_FOLDER_PATH\=/Users/gumclaw/work/gp2974-device/ios/build/dd/Build/Products/Release-iphoneos/React-Core-prebuilt/
    export CODE_SIGNING_ALLOWED\=NO
    export CODE_SIGNING_REQUIRED\=YES
    export CODE_SIGN_CONTEXT_CLASS\=XCiPhoneOSCodeSignContext
    export CODE_SIGN_IDENTITY\=Apple\ Development
    export CODE_SIGN_INJECT_BASE_ENTITLEMENTS\=YES
    export COLOR_DIAGNOSTICS\=NO
    export COMBINE_HIDPI_IMAGES\=NO
    export COMPILATION_CACHE_CAS_PATH\=/Users/gumclaw/work/gp2974-device/ios/build/dd/CompilationCache.noindex
    export COMPILATION_CACHE_KEEP_CAS_DIRECTORY\=YES
    export COMPILER_INDEX_STORE_ENABLE\=Default
    export COMPOSITE_SDK_DIRS\=/Users/gumclaw/work/gp2974-device/ios/build/dd/Build/Intermediates.noindex/CompositeSDKs
    export COMPRESS_PNG_FILES\=YES
    export CONFIGURATION\=Release
    export CONFIGURATION_BUILD_DIR\=/Users/gumclaw/work/gp2974-device/ios/build/dd/Build/Products/Release-iphoneos/React-Core-prebuilt
    export CONFIGURATION_TEMP_DIR\=/Users/gumclaw/work/gp2974-device/ios/build/dd/Build/Intermediates.noindex/Pods.build/Release-iphoneos
    export COPYING_PRESERVES_HFS_DATA\=NO
    export COPY_HEADERS_RUN_UNIFDEF\=NO
    export COPY_PHASE_STRIP\=NO
    export CORRESPONDING_SIMULATOR_PLATFORM_DIR\=/Applications/Xcode.app/Contents/Developer/Platforms/iPhoneSimulator.platform
    export CORRESPONDING_SIMULATOR_PLATFORM_NAME\=iphonesimulator
    export CORRESPONDING_SIMULATOR_SDK_DIR\=/Applications/Xcode.app/Contents/Developer/Platforms/iPhoneSimulator.platform/Developer/SDKs/iPhoneSimulator27.0.sdk
    export CORRESPONDING_SIMULATOR_SDK_NAME\=iphonesimulator27.0
    export CP\=/bin/cp
    export CREATE_INFOPLIST_SECTION_IN_BINARY\=NO
    export CURRENT_ARCH\=undefined_arch
    export CURRENT_VARIANT\=normal
    export DEAD_CODE_STRIPPING\=YES
    export DEBUGGING_SYMBOLS\=YES
    export DEBUG_INFORMATION_FORMAT\=dwarf-with-dsym
    export DEBUG_INFORMATION_VERSION\=compiler-default
    export DEFAULT_COMPILER\=com.apple.compilers.llvm.clang.1_0
    export DEFAULT_DEXT_INSTALL_PATH\=/System/Library/DriverExtensions
    export DEFAULT_KEXT_INSTALL_PATH\=/System/Library/Extensions
    export DEFINES_MODULE\=NO
    export DEPLOYMENT_LOCATION\=NO
    export DEPLOYMENT_POSTPROCESSING\=NO
    export DEPLOYMENT_TARGET_SETTING_NAME\=IPHONEOS_DEPLOYMENT_TARGET
    export DEPLOYMENT_TARGET_SUGGESTED_VALUES\=15.0\ 15.1\ 15.2\ 15.3\ 15.4\ 15.5\ 15.6\ 16.0\ 16.1\ 16.2\ 16.3\ 16.4\ 16.5\ 16.6\ 17.0\ 17.1\ 17.2\ 17.3\ 17.4\ 17.5\ 17.6\ 18.0\ 18.1\ 18.2\ 18.3\ 18.4\ 18.5\ 18.6\ 26.0\ 26.2\ 26.3\ 26.4\ 26.5\ 26.6\ 27.0
    export DERIVED_FILES_DIR\=/Users/gumclaw/work/gp2974-device/ios/build/dd/Build/Intermediates.noindex/Pods.build/Release-iphoneos/React-Core-prebuilt.build/DerivedSources
    export DERIVED_FILE_DIR\=/Users/gumclaw/work/gp2974-device/ios/build/dd/Build/Intermediates.noindex/Pods.build/Release-iphoneos/React-Core-prebuilt.build/DerivedSources
    export DERIVED_SOURCES_DIR\=/Users/gumclaw/work/gp2974-device/ios/build/dd/Build/Intermediates.noindex/Pods.build/Release-iphoneos/React-Core-prebuilt.build/DerivedSources
    export DERIVE_MACCATALYST_PRODUCT_BUNDLE_IDENTIFIER\=NO
    export DEVELOPER_APPLICATIONS_DIR\=/Applications/Xcode.app/Contents/Developer/Applications
    export DEVELOPER_BIN_DIR\=/Applications/Xcode.app/Contents/Developer/usr/bin
    export DEVELOPER_DIR\=/Applications/Xcode.app/Contents/Developer
    export DEVELOPER_FRAMEWORKS_DIR\=/Applications/Xcode.app/Contents/Developer/Library/Frameworks
    export DEVELOPER_FRAMEWORKS_DIR_QUOTED\=/Applications/Xcode.app/Contents/Developer/Library/Frameworks
    export DEVELOPER_LIBRARY_DIR\=/Applications/Xcode.app/Contents/Developer/Library
    export DEVELOPER_SDK_DIR\=/Applications/Xcode.app/Contents/Developer/Platforms/MacOSX.platform/Developer/SDKs
    export DEVELOPER_TOOLS_DIR\=/Applications/Xcode.app/Contents/Developer/Tools
    export DEVELOPER_USR_DIR\=/Applications/Xcode.app/Contents/Developer/usr
    export DEVELOPMENT_LANGUAGE\=en
    export DEVELOPMENT_TEAM\=66LJACJ2U7
    export DIAGNOSE_MISSING_TARGET_DEPENDENCIES\=YES
    export DIFF\=/usr/bin/diff
    export DONT_GENERATE_INFOPLIST_FILE\=NO
    export DSTROOT\=/tmp/Pods.dst
    export DT_TOOLCHAIN_DIR\=/Applications/Xcode.app/Contents/Developer/Toolchains/XcodeDefault.xctoolchain
    export DWARF_DSYM_FILE_NAME\=.dSYM
    export DWARF_DSYM_FILE_SHOULD_ACCOMPANY_PRODUCT\=NO
    export DWARF_DSYM_FOLDER_PATH\=/Users/gumclaw/work/gp2974-device/ios/build/dd/Build/Products/Release-iphoneos/React-Core-prebuilt
    export DYNAMIC_LIBRARY_EXTENSION\=dylib
    export EAGER_COMPILATION_ALLOW_SCRIPTS\=NO
    export EAGER_LINKING\=NO
    export EFFECTIVE_PLATFORM_NAME\=-iphoneos
    export EFFECTIVE_SWIFT_VERSION\=5
    export EMBEDDED_CONTENT_CONTAINS_SWIFT\=NO
    export EMBEDDED_PROFILE_NAME\=embedded.mobileprovision
    export EMBED_ASSET_PACKS_IN_PRODUCT_BUNDLE\=NO
    export ENABLE_APP_SANDBOX\=NO
    export ENABLE_CODE_COVERAGE\=YES
    export ENABLE_COHORT_ARCHS\=YES
    export ENABLE_CPLUSPLUS_BOUNDS_SAFE_BUFFERS\=NO
    export ENABLE_C_BOUNDS_SAFETY\=NO
    export ENABLE_DEBUG_DYLIB\=NO
    export ENABLE_DEFAULT_HEADER_SEARCH_PATHS\=YES
    export ENABLE_DEFAULT_SEARCH_PATHS\=YES
    export ENABLE_ENHANCED_SECURITY\=NO
    export ENABLE_HARDENED_RUNTIME\=NO
    export ENABLE_HARDWARE_CHECKED_POINTER_ARITHMETIC_SLICE\=NO
    export ENABLE_HEADER_DEPENDENCIES\=YES
    export ENABLE_INCOMING_NETWORK_CONNECTIONS\=NO
    export ENABLE_NS_ASSERTIONS\=NO
    export ENABLE_ON_DEMAND_RESOURCES\=NO
    export ENABLE_OUTGOING_NETWORK_CONNECTIONS\=NO
    export ENABLE_POINTER_AUTHENTICATION\=NO
    export ENABLE_PREVIEWS\=NO
    export ENABLE_RESOURCE_ACCESS_AUDIO_INPUT\=NO
    export ENABLE_RESOURCE_ACCESS_BLUETOOTH\=NO
    export ENABLE_RESOURCE_ACCESS_CALENDARS\=NO
    export ENABLE_RESOURCE_ACCESS_CAMERA\=NO
    export ENABLE_RESOURCE_ACCESS_CONTACTS\=NO
    export ENABLE_RESOURCE_ACCESS_LOCATION\=NO
    export ENABLE_RESOURCE_ACCESS_PHOTO_LIBRARY\=NO
    export ENABLE_RESOURCE_ACCESS_PRINTING\=NO
    export ENABLE_RESOURCE_ACCESS_USB\=NO
    export ENABLE_SDK_IMPORTS\=NO
    export ENABLE_SECURITY_COMPILER_WARNINGS\=NO
    export ENABLE_STRICT_OBJC_MSGSEND\=YES
    export ENABLE_TESTABILITY\=NO
    export ENABLE_TESTING_SEARCH_PATHS\=NO
    export ENABLE_USER_SCRIPT_SANDBOXING\=NO
    export ENABLE_XOJIT_PREVIEWS\=NO
    export ENFORCE_VALID_ARCHS\=YES
    export ENTITLEMENTS_DESTINATION\=Signature
    export ENTITLEMENTS_REQUIRED\=YES
    export EXCLUDED_INSTALLSRC_SUBDIRECTORY_PATTERNS\=.DS_Store\ .svn\ .git\ .hg\ CVS
    export EXCLUDED_RECURSIVE_SEARCH_PATH_SUBDIRECTORIES\=\*.nib\ \*.lproj\ \*.framework\ \*.gch\ \*.xcode\*\ \*.xcassets\ \*.icon\ \(\*\)\ .DS_Store\ CVS\ .svn\ .git\ .hg\ \*.pbproj\ \*.pbxproj
    export FILE_LIST\=/Users/gumclaw/work/gp2974-device/ios/build/dd/Build/Intermediates.noindex/Pods.build/Release-iphoneos/React-Core-prebuilt.build/Objects/LinkFileList
    export FIXED_FILES_DIR\=/Users/gumclaw/work/gp2974-device/ios/build/dd/Build/Intermediates.noindex/Pods.build/Release-iphoneos/React-Core-prebuilt.build/FixedFiles
    export FRAMEWORK_SEARCH_PATHS\=\ \"/Users/gumclaw/work/gp2974-device/ios/Pods/React-Core-prebuilt\"\ \"/Users/gumclaw/work/gp2974-device/ios/Pods/ReactNativeDependencies/framework/packages/react-native\"\ \"/Users/gumclaw/work/gp2974-device/ios/build/dd/Build/Products/Release-iphoneos/XCFrameworkIntermediates/React-Core-prebuilt\"\ \"/Users/gumclaw/work/gp2974-device/ios/build/dd/Build/Products/Release-iphoneos/XCFrameworkIntermediates/ReactNativeDependencies\"
    export FRAMEWORK_VERSION\=A
    export FUSE_BUILD_PHASES\=YES
    export FUSE_BUILD_SCRIPT_PHASES\=NO
    export GCC3_VERSION\=3.3
    export GCC_C_LANGUAGE_STANDARD\=gnu11
    export GCC_NO_COMMON_BLOCKS\=YES
    export GCC_PFE_FILE_C_DIALECTS\=c\ objective-c\ c++\ objective-c++
    export GCC_PREPROCESSOR_DEFINITIONS\=POD_CONFIGURATION_RELEASE\=1\ \ COCOAPODS\=1
    export GCC_THUMB_SUPPORT\=YES
    export GCC_TREAT_WARNINGS_AS_ERRORS\=NO
    export GCC_VERSION\=com.apple.compilers.llvm.clang.1_0
    export GCC_VERSION_IDENTIFIER\=com_apple_compilers_llvm_clang_1_0
    export GCC_WARN_64_TO_32_BIT_CONVERSION\=YES
    export GCC_WARN_ABOUT_RETURN_TYPE\=YES_ERROR
    export GCC_WARN_UNDECLARED_SELECTOR\=YES
    export GCC_WARN_UNINITIALIZED_AUTOS\=YES_AGGRESSIVE
    export GCC_WARN_UNUSED_FUNCTION\=YES
    export GCC_WARN_UNUSED_VARIABLE\=YES
    export GENERATED_MODULEMAP_DIR\=/Users/gumclaw/work/gp2974-device/ios/build/dd/Build/Intermediates.noindex/GeneratedModuleMaps-iphoneos
    export GENERATE_INFOPLIST_FILE\=NO
    export GENERATE_INTERMEDIATE_TEXT_BASED_STUBS\=YES
    export GENERATE_PKGINFO_FILE\=NO
    export GENERATE_PRELINK_OBJECT_FILE\=NO
    export GENERATE_PROFILING_CODE\=NO
    export GENERATE_TEXT_BASED_STUBS\=NO
    export GID\=20
    export GROUP\=staff
    export HEADERMAP_INCLUDES_FLAT_ENTRIES_FOR_TARGET_BEING_BUILT\=YES
    export HEADERMAP_INCLUDES_FRAMEWORK_ENTRIES_FOR_ALL_PRODUCT_TYPES\=YES
    export HEADERMAP_INCLUDES_FRAMEWORK_ENTRIES_FOR_TARGETS_NOT_BEING_BUILT\=YES
    export HEADERMAP_INCLUDES_NONPUBLIC_NONPRIVATE_HEADERS\=YES
    export HEADERMAP_INCLUDES_PROJECT_HEADERS\=YES
    export HEADERMAP_USES_FRAMEWORK_PREFIX_ENTRIES\=YES
    export HEADERMAP_USES_VFS\=NO
    export HEADER_SEARCH_PATHS\=\ \"/Users/gumclaw/work/gp2974-device/ios/Pods/Headers/Private\"\ \"/Users/gumclaw/work/gp2974-device/ios/Pods/Headers/Private/React-Core-prebuilt\"\ \"/Users/gumclaw/work/gp2974-device/ios/Pods/Headers/Public\"\ \"/Users/gumclaw/work/gp2974-device/ios/Pods/Headers/Public/React-Core-prebuilt\"\ \"/Users/gumclaw/work/gp2974-device/ios/Pods/Headers/Public/ReactNativeDependencies\"\ /Users/gumclaw/work/gp2974-device/ios/Pods/ReactNativeDependencies
    export HOME\=/Users/gumclaw
    export HOST_ARCH\=arm64
    export HOST_PLATFORM\=macosx
    export ICONV\=/usr/bin/iconv
    export IMPLICIT_DEPENDENCY_DOMAIN\=default
    export INDEX_ENABLE_OPTIMIZATION_LEVEL_OVERRIDE\=YES
    export INDEX_STORE_COMPRESS\=NO
    export INDEX_STORE_ONLY_PROJECT_FILES\=NO
    export INFOPLIST_ENABLE_CFBUNDLEICONS_MERGE\=YES
    export INFOPLIST_EXPAND_BUILD_SETTINGS\=YES
    export INFOPLIST_OUTPUT_FORMAT\=binary
    export INFOPLIST_PREPROCESS\=NO
    export INLINE_PRIVATE_FRAMEWORKS\=NO
    export INSTALLAPI_IGNORE_SKIP_INSTALL\=YES
    export INSTALLHDRS_COPY_PHASE\=NO
    export INSTALLHDRS_SCRIPT_PHASE\=NO
    export INSTALL_DIR\=/tmp/Pods.dst
    export INSTALL_GROUP\=staff
    export INSTALL_MODE_FLAG\=u+w,go-w,a+rX
    export INSTALL_OWNER\=gumclaw
    export INSTALL_ROOT\=/tmp/Pods.dst
    export IPHONEOS_DEPLOYMENT_TARGET\=16.2
    export IS_UNOPTIMIZED_BUILD\=NO
    export JAVAC_DEFAULT_FLAGS\=-J-Xms64m\ -J-XX:NewSize\=4M\ -J-Dfile.encoding\=UTF8
    export JAVA_APP_STUB\=/System/Library/Frameworks/JavaVM.framework/Resources/MacOS/JavaApplicationStub
    export JAVA_ARCHIVE_CLASSES\=YES
    export JAVA_ARCHIVE_TYPE\=JAR
    export JAVA_COMPILER\=/usr/bin/javac
    export JAVA_FRAMEWORK_RESOURCES_DIRS\=Resources
    export JAVA_JAR_FLAGS\=cv
    export JAVA_SOURCE_SUBDIR\=.
    export JAVA_USE_DEPENDENCIES\=YES
    export JAVA_ZIP_FLAGS\=-urg
    export JIKES_DEFAULT_FLAGS\=+E\ +OLDCSO
    export KASAN_CFLAGS_CLASSIC\=-DKASAN\=1\ -DKASAN_CLASSIC\=1\ -fsanitize\=address\ -mllvm\ -asan-globals-live-support\ -mllvm\ -asan-force-dynamic-shadow
    export KASAN_CFLAGS_TBI\=-DKASAN\=1\ -DKASAN_TBI\=1\ -fsanitize\=kernel-hwaddress\ -mllvm\ -hwasan-recover\=0\ -mllvm\ -hwasan-instrument-atomics\=0\ -mllvm\ -hwasan-instrument-stack\=1\ -mllvm\ -hwasan-generate-tags-with-calls\=1\ -mllvm\ -hwasan-instrument-with-calls\=1\ -mllvm\ -hwasan-use-short-granules\=0\ -mllvm\ -hwasan-memory-access-callback-prefix\=__asan_
    export KASAN_DEFAULT_CFLAGS\=-DKASAN\=1\ -DKASAN_CLASSIC\=1\ -fsanitize\=address\ -mllvm\ -asan-globals-live-support\ -mllvm\ -asan-force-dynamic-shadow
    export KEEP_PRIVATE_EXTERNS\=NO
    export LD_DEPENDENCY_INFO_FILE\=/Users/gumclaw/work/gp2974-device/ios/build/dd/Build/Intermediates.noindex/Pods.build/Release-iphoneos/React-Core-prebuilt.build/Objects-normal/undefined_arch/React-Core-prebuilt_dependency_info.dat
    export LD_EXPORT_SYMBOLS\=YES
    export LD_GENERATE_MAP_FILE\=NO
    export LD_MAP_FILE_PATH\=/Users/gumclaw/work/gp2974-device/ios/build/dd/Build/Intermediates.noindex/Pods.build/Release-iphoneos/React-Core-prebuilt.build/React-Core-prebuilt-LinkMap-normal-undefined_arch.txt
    export LD_NO_PIE\=NO
    export LD_QUOTE_LINKER_ARGUMENTS_FOR_COMPILER_DRIVER\=YES
    export LD_RUNPATH_SEARCH_PATHS\=\ @executable_path/Frameworks
    export LD_SHARED_CACHE_ELIGIBLE\=Automatic
    export LD_WARN_DUPLICATE_LIBRARIES\=NO
    export LD_WARN_UNUSED_DYLIBS\=NO
    export LEGACY_DEVELOPER_DIR\=/Applications/Xcode.app/Contents/PlugIns/Xcode3Core.ideplugin/Contents/SharedSupport/Developer
    export LEX\=lex
    export LIBRARY_DEXT_INSTALL_PATH\=/Library/DriverExtensions
    export LIBRARY_FLAG_NOSPACE\=YES
    export LIBRARY_KEXT_INSTALL_PATH\=/Library/Extensions
    export LINKER_DISPLAYS_MANGLED_NAMES\=NO
    export LINK_FILE_LIST_normal_arm64\=/Users/gumclaw/work/gp2974-device/ios/build/dd/Build/Intermediates.noindex/Pods.build/Release-iphoneos/React-Core-prebuilt.build/Objects-normal/arm64/React-Core-prebuilt.LinkFileList
    export LINK_OBJC_RUNTIME\=YES
    export LINK_WITH_STANDARD_LIBRARIES\=YES
    export LLVM_TARGET_TRIPLE_OS_VERSION\=ios16.2
    export LLVM_TARGET_TRIPLE_VENDOR\=apple
    export LM_AUX_CONST_METADATA_LIST_PATH_normal_arm64\=/Users/gumclaw/work/gp2974-device/ios/build/dd/Build/Intermediates.noindex/Pods.build/Release-iphoneos/React-Core-prebuilt.build/Objects-normal/arm64/React-Core-prebuilt.SwiftConstValuesFileList
    export LOCALIZATION_EXPORT_SUPPORTED\=YES
    export LOCALIZATION_PREFERS_STRING_CATALOGS\=NO
    export LOCALIZED_STRING_CODE_COMMENTS\=NO
    export LOCALIZED_STRING_MACRO_NAMES\=NSLocalizedString\ CFCopyLocalizedString
    export LOCALIZED_STRING_SWIFTUI_SUPPORT\=YES
    export LOCAL_ADMIN_APPS_DIR\=/Applications/Utilities
    export LOCAL_APPS_DIR\=/Applications
    export LOCAL_DEVELOPER_DIR\=/Library/Developer
    export LOCAL_LIBRARY_DIR\=/Library
    export LOCROOT\=/Users/gumclaw/work/gp2974-device/ios/Pods
    export LOCSYMROOT\=/Users/gumclaw/work/gp2974-device/ios/Pods
    export MAC_OS_X_PRODUCT_BUILD_VERSION\=26A428
    export MAC_OS_X_VERSION_ACTUAL\=270000
    export MAC_OS_X_VERSION_MAJOR\=270000
    export MAC_OS_X_VERSION_MINOR\=270000
    export MAKE_MERGEABLE\=NO
    export MERGEABLE_LIBRARY\=NO
    export MERGED_BINARY_TYPE\=none
    export MERGE_LINKED_LIBRARIES\=NO
    export METAL_LIBRARY_FILE_BASE\=default
    export METAL_LIBRARY_OUTPUT_DIR\=/Users/gumclaw/work/gp2974-device/ios/build/dd/Build/Products/Release-iphoneos/React-Core-prebuilt/
    export MODULE_CACHE_DIR\=/Users/gumclaw/work/gp2974-device/ios/build/dd/ModuleCache.noindex
    export MTL_ENABLE_DEBUG_INFO\=NO
    export MTL_FAST_MATH\=YES
    export NATIVE_ARCH\=arm64
    export NATIVE_ARCH_32_BIT\=arm
    export NATIVE_ARCH_64_BIT\=arm64
    export NATIVE_ARCH_ACTUAL\=arm64
    export NO_COMMON\=YES
    export OBJECT_FILE_DIR\=/Users/gumclaw/work/gp2974-device/ios/build/dd/Build/Intermediates.noindex/Pods.build/Release-iphoneos/React-Core-prebuilt.build/Objects
    export OBJECT_FILE_DIR_normal\=/Users/gumclaw/work/gp2974-device/ios/build/dd/Build/Intermediates.noindex/Pods.build/Release-iphoneos/React-Core-prebuilt.build/Objects-normal
    export OBJROOT\=/Users/gumclaw/work/gp2974-device/ios/build/dd/Build/Intermediates.noindex
    export ONLY_ACTIVE_ARCH\=NO
    export ONLY_ARCH\=arm64
    export OS\=MACOS
    export OSAC\=/usr/bin/osacompile
    export OTHER_CFLAGS\=\ -DNDEBUG
    export OTHER_CODE_SIGN_FLAGS\=--keychain\ /Users/gumclaw/Library/Keychains/gumclaw-signing.keychain-db
    export OTHER_CPLUSPLUSFLAGS\=\ -DNDEBUG\ -DNDEBUG\ \ -DRCT_NEW_ARCH_ENABLED\=1\ 
    export PASCAL_STRINGS\=YES
    export PATH\=/Applications/Xcode.app/Contents/SharedFrameworks/SwiftBuild.framework/Versions/A/PlugIns/SWBBuildService.bundle/Contents/PlugIns/SWBUniversalPlatformPlugin.bundle/Contents/Frameworks/SWBUniversalPlatform.framework/Resources:/Applications/Xcode.app/Contents/Developer/Toolchains/XcodeDefault.xctoolchain/usr/bin:/Applications/Xcode.app/Contents/Developer/Toolchains/XcodeDefault.xctoolchain/usr/local/bin:/Applications/Xcode.app/Contents/Developer/Toolchains/XcodeDefault.xctoolchain/usr/libexec:/Applications/Xcode.app/Contents/Developer/Platforms/iPhoneOS.platform/usr/bin:/Applications/Xcode.app/Contents/Developer/Platforms/iPhoneOS.platform/usr/local/bin:/Applications/Xcode.app/Contents/Developer/Platforms/iPhoneOS.platform/Developer/usr/bin:/Applications/Xcode.app/Contents/Developer/Platforms/iPhoneOS.platform/Developer/usr/local/bin:/Applications/Xcode.app/Contents/Developer/usr/bin:/Applications/Xcode.app/Contents/Developer/usr/local/bin:/Users/gumclaw/.gusto/bin:/Users/gumclaw/.npm-global/bin:/Users/gumclaw/.rbenv/shims:/Users/gumclaw/.nodenv/shims:/Users/gumclaw/.local/bin:/opt/homebrew/bin:/usr/local/bin:/System/Cryptexes/App/usr/bin:/usr/bin:/bin:/usr/sbin:/sbin:/var/run/com.apple.security.cryptexd/codex.system/bootstrap/usr/local/bin:/var/run/com.apple.security.cryptexd/codex.system/bootstrap/usr/bin:/var/run/com.apple.security.cryptexd/codex.system/bootstrap/usr/appleinternal/bin:/opt/pkg/env/active/bin:/opt/pmk/env/global/bin:/opt/X11/bin:/Library/Apple/usr/bin:/usr/local/MacGPG2/bin:/Library/Frameworks/Mono.framework/Versions/Current/Commands:/Applications/Postgres.app/Contents/Versions/latest/bin:/var/folders/b8/m3wdk1md2zx4zcr6xhkd2k2m0000gq/T/.tmpilcVkY:/Users/gumclaw/bin:/opt/homebrew/sbin:/Users/gumclaw/.maestro/bin
    export PATH_PREFIXES_EXCLUDED_FROM_HEADER_DEPENDENCIES\=/usr/include\ /usr/local/include\ /System/Library/Frameworks\ /System/Library/PrivateFrameworks\ /Applications/Xcode.app/Contents/Developer/Headers\ /Applications/Xcode.app/Contents/Developer/SDKs\ /Applications/Xcode.app/Contents/Developer/Platforms
    export PER_ARCH_MODULE_FILE_DIR\=/Users/gumclaw/work/gp2974-device/ios/build/dd/Build/Intermediates.noindex/Pods.build/Release-iphoneos/React-Core-prebuilt.build/Objects-normal/undefined_arch
    export PER_ARCH_OBJECT_FILE_DIR\=/Users/gumclaw/work/gp2974-device/ios/build/dd/Build/Intermediates.noindex/Pods.build/Release-iphoneos/React-Core-prebuilt.build/Objects-normal/undefined_arch
    export PER_VARIANT_OBJECT_FILE_DIR\=/Users/gumclaw/work/gp2974-device/ios/build/dd/Build/Intermediates.noindex/Pods.build/Release-iphoneos/React-Core-prebuilt.build/Objects-normal
    export PKGINFO_FILE_PATH\=/Users/gumclaw/work/gp2974-device/ios/build/dd/Build/Intermediates.noindex/Pods.build/Release-iphoneos/React-Core-prebuilt.build/PkgInfo
    export PLATFORM_DEVELOPER_APPLICATIONS_DIR\=/Applications/Xcode.app/Contents/Developer/Platforms/iPhoneOS.platform/Developer/Applications
    export PLATFORM_DEVELOPER_BIN_DIR\=/Applications/Xcode.app/Contents/Developer/Platforms/iPhoneOS.platform/Developer/usr/bin
    export PLATFORM_DEVELOPER_LIBRARY_DIR\=/Applications/Xcode.app/Contents/Developer/Platforms/iPhoneOS.platform/Developer/Library
    export PLATFORM_DEVELOPER_SDK_DIR\=/Applications/Xcode.app/Contents/Developer/Platforms/iPhoneOS.platform/Developer/SDKs
    export PLATFORM_DEVELOPER_TOOLS_DIR\=/Applications/Xcode.app/Contents/Developer/Platforms/iPhoneOS.platform/Developer/Tools
    export PLATFORM_DEVELOPER_USR_DIR\=/Applications/Xcode.app/Contents/Developer/Platforms/iPhoneOS.platform/Developer/usr
    export PLATFORM_DIR\=/Applications/Xcode.app/Contents/Developer/Platforms/iPhoneOS.platform
    export PLATFORM_DISPLAY_NAME\=iOS
    export PLATFORM_FAMILY_NAME\=iOS
    export PLATFORM_NAME\=iphoneos
    export PLATFORM_PREFERRED_ARCH\=arm64
    export PLATFORM_PRODUCT_BUILD_VERSION\=24A430
    export PLATFORM_REQUIRES_SWIFT_AUTOLINK_EXTRACT\=NO
    export PLATFORM_REQUIRES_SWIFT_MODULEWRAP\=NO
    export PLATFORM_USES_DSYMS\=YES
    export PLIST_FILE_OUTPUT_FORMAT\=binary
    export PODS_BUILD_DIR\=/Users/gumclaw/work/gp2974-device/ios/build/dd/Build/Products
    export PODS_CONFIGURATION_BUILD_DIR\=/Users/gumclaw/work/gp2974-device/ios/build/dd/Build/Products/Release-iphoneos
    export PODS_DEVELOPMENT_LANGUAGE\=en
    export PODS_ROOT\=/Users/gumclaw/work/gp2974-device/ios/Pods
    export PODS_TARGET_SRCROOT\=/Users/gumclaw/work/gp2974-device/ios/Pods/React-Core-prebuilt
    export PODS_XCFRAMEWORKS_BUILD_DIR\=/Users/gumclaw/work/gp2974-device/ios/build/dd/Build/Products/Release-iphoneos/XCFrameworkIntermediates
    export PRECOMPS_INCLUDE_HEADERS_FROM_BUILT_PRODUCTS_DIR\=YES
    export PRECOMP_DESTINATION_DIR\=/Users/gumclaw/work/gp2974-device/ios/build/dd/Build/Intermediates.noindex/Pods.build/Release-iphoneos/React-Core-prebuilt.build/PrefixHeaders
    export PRELINK_DEPENDENCY_INFO_FILE\=/Users/gumclaw/work/gp2974-device/ios/build/dd/Build/Intermediates.noindex/Pods.build/Release-iphoneos/React-Core-prebuilt.build/Objects-normal/undefined_arch/React-Core-prebuilt_prelink_dependency_info.dat
    export PROCESSED_INFOPLIST_PATH\=/Users/gumclaw/work/gp2974-device/ios/build/dd/Build/Intermediates.noindex/Pods.build/Release-iphoneos/React-Core-prebuilt.build/Objects-normal/undefined_arch/Processed-Info.plist
    export PRODUCT_BUNDLE_IDENTIFIER\=org.cocoapods.React-Core-prebuilt
    export PRODUCT_MODULE_NAME\=React_Core_prebuilt
    export PRODUCT_NAME\=React-Core-prebuilt
    export PRODUCT_SETTINGS_PATH\=
    export PROFILING_CODE\=NO
    export PROJECT\=Pods
    export PROJECT_DERIVED_FILE_DIR\=/Users/gumclaw/work/gp2974-device/ios/build/dd/Build/Intermediates.noindex/Pods.build/DerivedSources
    export PROJECT_DIR\=/Users/gumclaw/work/gp2974-device/ios/Pods
    export PROJECT_FILE_PATH\=/Users/gumclaw/work/gp2974-device/ios/Pods/Pods.xcodeproj
    export PROJECT_GUID\=8699adb1dd336b26511df848a716bd42
    export PROJECT_NAME\=Pods
    export PROJECT_TEMP_DIR\=/Users/gumclaw/work/gp2974-device/ios/build/dd/Build/Intermediates.noindex/Pods.build
    export PROJECT_TEMP_ROOT\=/Users/gumclaw/work/gp2974-device/ios/build/dd/Build/Intermediates.noindex
    export REACT_NATIVE_PATH\=/Users/gumclaw/work/gp2974-device/ios/Pods/../../node_modules/react-native
    export RECOMMENDED_IPHONEOS_DEPLOYMENT_TARGET\=17.0
    export RECURSIVE_SEARCH_PATHS_FOLLOW_SYMLINKS\=YES
    export REMOVE_CVS_FROM_RESOURCES\=YES
    export REMOVE_GIT_FROM_RESOURCES\=YES
    export REMOVE_HEADERS_FROM_EMBEDDED_BUNDLES\=YES
    export REMOVE_HG_FROM_RESOURCES\=YES
    export REMOVE_STATIC_EXECUTABLES_FROM_EMBEDDED_BUNDLES\=YES
    export REMOVE_SVN_FROM_RESOURCES\=YES
    export RESCHEDULE_INDEPENDENT_HEADERS_PHASES\=YES
    export REZ_COLLECTOR_DIR\=/Users/gumclaw/work/gp2974-device/ios/build/dd/Build/Intermediates.noindex/Pods.build/Release-iphoneos/React-Core-prebuilt.build/ResourceManagerResources
    export REZ_OBJECTS_DIR\=/Users/gumclaw/work/gp2974-device/ios/build/dd/Build/Intermediates.noindex/Pods.build/Release-iphoneos/React-Core-prebuilt.build/ResourceManagerResources/Objects
    export RPATH_ORIGIN\=@loader_path
    export RUNTIME_EXCEPTION_ALLOW_DYLD_ENVIRONMENT_VARIABLES\=NO
    export RUNTIME_EXCEPTION_ALLOW_JIT\=NO
    export RUNTIME_EXCEPTION_ALLOW_UNSIGNED_EXECUTABLE_MEMORY\=NO
    export RUNTIME_EXCEPTION_DEBUGGING_TOOL\=NO
    export RUNTIME_EXCEPTION_DISABLE_EXECUTABLE_PAGE_PROTECTION\=NO
    export RUNTIME_EXCEPTION_DISABLE_LIBRARY_VALIDATION\=NO
    export SCANNING_PCM_KEEP_CACHE_DIRECTORY\=YES
    export SCAN_ALL_SOURCE_FILES_FOR_INCLUDES\=NO
    export SCRIPT_INPUT_FILE_COUNT\=0
    export SCRIPT_INPUT_FILE_LIST_COUNT\=0
    export SCRIPT_OUTPUT_FILE_COUNT\=0
    export SCRIPT_OUTPUT_FILE_LIST_COUNT\=0
    export SDKROOT\=/Applications/Xcode.app/Contents/Developer/Platforms/iPhoneOS.platform/Developer/SDKs/iPhoneOS27.0.sdk
    export SDK_DIR\=/Applications/Xcode.app/Contents/Developer/Platforms/iPhoneOS.platform/Developer/SDKs/iPhoneOS27.0.sdk
    export SDK_DIR_iphoneos\=/Applications/Xcode.app/Contents/Developer/Platforms/iPhoneOS.platform/Developer/SDKs/iPhoneOS27.0.sdk
    export SDK_DIR_iphoneos27_0\=/Applications/Xcode.app/Contents/Developer/Platforms/iPhoneOS.platform/Developer/SDKs/iPhoneOS27.0.sdk
    export SDK_NAME\=iphoneos27.0
    export SDK_NAMES\=iphoneos27.0
    export SDK_PRODUCT_BUILD_VERSION\=24A430
    export SDK_STAT_CACHE_DIR\=/Users/gumclaw/work/gp2974-device/ios/build/dd
    export SDK_STAT_CACHE_ENABLE\=YES
    export SDK_STAT_CACHE_PATH\=/Users/gumclaw/work/gp2974-device/ios/build/dd/SDKStatCaches.noindex/iphoneos27.0-24A430-6c78b3cbc238196c85e1bf6c792c5915.sdkstatcache
    export SDK_VERSION\=27.0
    export SDK_VERSION_ACTUAL\=270000
    export SDK_VERSION_MAJOR\=270000
    export SDK_VERSION_MINOR\=270000
    export SED\=/usr/bin/sed
    export SEPARATE_STRIP\=NO
    export SEPARATE_SYMBOL_EDIT\=NO
    export SET_DIR_MODE_OWNER_GROUP\=YES
    export SET_FILE_MODE_OWNER_GROUP\=NO
    export SHALLOW_BUNDLE\=NO
    export SHARED_DERIVED_FILE_DIR\=/Users/gumclaw/work/gp2974-device/ios/build/dd/Build/Products/Release-iphoneos/React-Core-prebuilt/DerivedSources
    export SHARED_PRECOMPS_DIR\=/Users/gumclaw/work/gp2974-device/ios/build/dd/Build/Intermediates.noindex/PrecompiledHeaders
    export SKIP_COPYING_TEST_FRAMEWORKS\=YES
    export SKIP_INSTALL\=YES
    export SKIP_MERGEABLE_LIBRARY_BUNDLE_HOOK\=NO
    export SOURCE_ROOT\=/Users/gumclaw/work/gp2974-device/ios/Pods
    export SRCROOT\=/Users/gumclaw/work/gp2974-device/ios/Pods
    export STRINGSDATA_DIR\=/Users/gumclaw/work/gp2974-device/ios/build/dd/Build/Intermediates.noindex/Pods.build/Release-iphoneos/React-Core-prebuilt.build/Objects-normal/undefined_arch
    export STRINGSDATA_ROOT\=/Users/gumclaw/work/gp2974-device/ios/build/dd/Build/Intermediates.noindex/Pods.build/Release-iphoneos/React-Core-prebuilt.build
    export STRINGS_FILE_INFOPLIST_RENAME\=YES
    export STRINGS_FILE_OUTPUT_ENCODING\=binary
    export STRING_CATALOG_GENERATE_SYMBOLS\=NO
    export STRIP_BITCODE_FROM_COPIED_FILES\=YES
    export STRIP_INSTALLED_PRODUCT\=NO
    export STRIP_STYLE\=all
    export STRIP_SWIFT_SYMBOLS\=YES
    export SUPPORTED_DEVICE_FAMILIES\=1,2
    export SUPPORTED_PLATFORMS\=iphoneos\ iphonesimulator
    export SUPPORTS_MACCATALYST\=YES
    export SUPPORTS_MAC_DESIGNED_FOR_IPHONE_IPAD\=YES
    export SUPPORTS_TEXT_BASED_API\=NO
    export SUPPORTS_XR_DESIGNED_FOR_IPHONE_IPAD\=YES
    export SUPPRESS_WARNINGS\=NO
    export SWIFTC_PASS_SDKROOT\=YES
    export SWIFTC_PASS_SYSROOT\=NO
    export SWIFT_COLOR_DIAGNOSTICS\=NO
    export SWIFT_COMPILATION_MODE\=wholemodule
    export SWIFT_EMIT_CONST_VALUE_PROTOCOLS\=AnyResolverProviding\ AppEntity\ AppEnum\ AppExtension\ AppIntent\ AppIntentsPackage\ AppShortcutProviding\ AppShortcutsProvider\ AppUnionValue\ AppUnionValueCasesProviding\ DynamicOptionsProvider\ EntityQuery\ ExtensionPointDefining\ IntentValueQuery\ Resolver\ TransientEntity\ _AssistantIntentsProvider\ _GenerativeFunctionExtractable\ _IntentValueRepresentable
    export SWIFT_EMIT_LOC_STRINGS\=NO
    export SWIFT_ENABLE_EXPLICIT_MODULES\=NO
    export SWIFT_OPTIMIZATION_LEVEL\=-O
    export SWIFT_PLATFORM_TARGET_PREFIX\=ios
    export SWIFT_RESPONSE_FILE_PATH_normal_arm64\=/Users/gumclaw/work/gp2974-device/ios/build/dd/Build/Intermediates.noindex/Pods.build/Release-iphoneos/React-Core-prebuilt.build/Objects-normal/arm64/React-Core-prebuilt.SwiftFileList
    export SWIFT_VERSION\=5.0
    export SYMROOT\=/Users/gumclaw/work/gp2974-device/ios/build/dd/Build/Products
    export SYSROOT\=/Applications/Xcode.app/Contents/Developer/Platforms/iPhoneOS.platform/Developer/SDKs/iPhoneOS27.0.sdk
    export SYSTEM_ADMIN_APPS_DIR\=/Applications/Utilities
    export SYSTEM_APPS_DIR\=/Applications
    export SYSTEM_CORE_SERVICES_DIR\=/System/Library/CoreServices
    export SYSTEM_DEMOS_DIR\=/Applications/Extras
    export SYSTEM_DEVELOPER_APPS_DIR\=/Applications/Xcode.app/Contents/Developer/Applications
    export SYSTEM_DEVELOPER_BIN_DIR\=/Applications/Xcode.app/Contents/Developer/usr/bin
    export SYSTEM_DEVELOPER_DEMOS_DIR\=/Applications/Xcode.app/Contents/Developer/Applications/Utilities/Built\ Examples
    export SYSTEM_DEVELOPER_DIR\=/Applications/Xcode.app/Contents/Developer
    export SYSTEM_DEVELOPER_DOC_DIR\=/Applications/Xcode.app/Contents/Developer/ADC\ Reference\ Library
    export SYSTEM_DEVELOPER_GRAPHICS_TOOLS_DIR\=/Applications/Xcode.app/Contents/Developer/Applications/Graphics\ Tools
    export SYSTEM_DEVELOPER_JAVA_TOOLS_DIR\=/Applications/Xcode.app/Contents/Developer/Applications/Java\ Tools
    export SYSTEM_DEVELOPER_PERFORMANCE_TOOLS_DIR\=/Applications/Xcode.app/Contents/Developer/Applications/Performance\ Tools
    export SYSTEM_DEVELOPER_RELEASENOTES_DIR\=/Applications/Xcode.app/Contents/Developer/ADC\ Reference\ Library/releasenotes
    export SYSTEM_DEVELOPER_TOOLS\=/Applications/Xcode.app/Contents/Developer/Tools
    export SYSTEM_DEVELOPER_TOOLS_DOC_DIR\=/Applications/Xcode.app/Contents/Developer/ADC\ Reference\ Library/documentation/DeveloperTools
    export SYSTEM_DEVELOPER_TOOLS_RELEASENOTES_DIR\=/Applications/Xcode.app/Contents/Developer/ADC\ Reference\ Library/releasenotes/DeveloperTools
    export SYSTEM_DEVELOPER_USR_DIR\=/Applications/Xcode.app/Contents/Developer/usr
    export SYSTEM_DEVELOPER_UTILITIES_DIR\=/Applications/Xcode.app/Contents/Developer/Applications/Utilities
    export SYSTEM_DEXT_INSTALL_PATH\=/System/Library/DriverExtensions
    export SYSTEM_DOCUMENTATION_DIR\=/Library/Documentation
    export SYSTEM_KEXT_INSTALL_PATH\=/System/Library/Extensions
    export SYSTEM_LIBRARY_DIR\=/System/Library
    export TAPI_DEMANGLE\=YES
    export TAPI_ENABLE_PROJECT_HEADERS\=NO
    export TAPI_LANGUAGE\=objective-c
    export TAPI_LANGUAGE_STANDARD\=compiler-default
    export TAPI_USE_SRCROOT\=YES
    export TAPI_VERIFY_MODE\=Pedantic
    export TARGETED_DEVICE_FAMILY\=1,2
    export TARGETNAME\=React-Core-prebuilt
    export TARGET_BUILD_DIR\=/Users/gumclaw/work/gp2974-device/ios/build/dd/Build/Products/Release-iphoneos/React-Core-prebuilt
    export TARGET_DEVICE_IDENTIFIER\=00008150-000E3C2A0C85401C
    export TARGET_DEVICE_MODEL\=iPhone18,3
    export TARGET_DEVICE_OS_VERSION\=26.4.2
    export TARGET_DEVICE_PLATFORM_NAME\=iphoneos
    export TARGET_NAME\=React-Core-prebuilt
    export TARGET_TEMP_DIR\=/Users/gumclaw/work/gp2974-device/ios/build/dd/Build/Intermediates.noindex/Pods.build/Release-iphoneos/React-Core-prebuilt.build
    export TEMP_DIR\=/Users/gumclaw/work/gp2974-device/ios/build/dd/Build/Intermediates.noindex/Pods.build/Release-iphoneos/React-Core-prebuilt.build
    export TEMP_FILES_DIR\=/Users/gumclaw/work/gp2974-device/ios/build/dd/Build/Intermediates.noindex/Pods.build/Release-iphoneos/React-Core-prebuilt.build
    export TEMP_FILE_DIR\=/Users/gumclaw/work/gp2974-device/ios/build/dd/Build/Intermediates.noindex/Pods.build/Release-iphoneos/React-Core-prebuilt.build
    export TEMP_ROOT\=/Users/gumclaw/work/gp2974-device/ios/build/dd/Build/Intermediates.noindex
    export TEMP_SANDBOX_DIR\=/Users/gumclaw/work/gp2974-device/ios/build/dd/Build/Intermediates.noindex/TemporaryTaskSandboxes
    export TEST_FRAMEWORK_SEARCH_PATHS\=\ /Applications/Xcode.app/Contents/Developer/Platforms/iPhoneOS.platform/Developer/Library/Frameworks\ /Applications/Xcode.app/Contents/Developer/Platforms/iPhoneOS.platform/Developer/SDKs/iPhoneOS27.0.sdk/Developer/Library/Frameworks
    export TEST_LIBRARY_SEARCH_PATHS\=\ /Applications/Xcode.app/Contents/Developer/Platforms/iPhoneOS.platform/Developer/usr/lib
    export TOOLCHAINS\=com.apple.dt.toolchain.XcodeDefault
    export TOOLCHAIN_DIR\=/Applications/Xcode.app/Contents/Developer/Toolchains/XcodeDefault.xctoolchain
    export TREAT_MISSING_BASELINES_AS_TEST_FAILURES\=NO
    export TREAT_MISSING_SCRIPT_PHASE_OUTPUTS_AS_ERRORS\=NO
    export UID\=503
    export UNINSTALLED_PRODUCTS_DIR\=/Users/gumclaw/work/gp2974-device/ios/build/dd/Build/Intermediates.noindex/UninstalledProducts
    export UNSTRIPPED_PRODUCT\=NO
    export USER\=gumclaw
    export USER_APPS_DIR\=/Users/gumclaw/Applications
    export USER_LIBRARY_DIR\=/Users/gumclaw/Library
    export USE_DYNAMIC_NO_PIC\=YES
    export USE_HEADERMAP\=YES
    export USE_HEADER_SYMLINKS\=NO
    export USE_HERMES\=true
    export USE_RECURSIVE_SCRIPT_INPUTS_IN_SCRIPT_PHASES\=YES
    export VALIDATE_DEVELOPMENT_ASSET_PATHS\=YES_ERROR
    export VALIDATE_PRODUCT\=YES
    export VALID_ARCHS\=arm64\ arm64e\ arm64e.x1\ armv7\ armv7s
    export VERBOSE_PBXCP\=NO
    export VERSION_INFO_BUILDER\=gumclaw
    export VERSION_INFO_FILE\=React-Core-prebuilt_vers.c
    export VERSION_INFO_STRING\=\"@\(\#\)PROGRAM:React-Core-prebuilt\ \ PROJECT:Pods-\"
    export WORKSPACE_DIR\=/Users/gumclaw/work/gp2974-device/ios
    export WRAP_ASSET_PACKS_IN_SEPARATE_DIRECTORIES\=NO
    export XCODE_APP_SUPPORT_DIR\=/Applications/Xcode.app/Contents/Developer/Library/Xcode
    export XCODE_PRODUCT_BUILD_VERSION\=27A266a
    export XCODE_VERSION_ACTUAL\=2700
    export XCODE_VERSION_MAJOR\=2700
    export XCODE_VERSION_MINOR\=2700
    export XPCSERVICES_FOLDER_PATH\=/XPCServices
    export YACC\=yacc
    export _DISCOVER_COMMAND_LINE_LINKER_INPUTS\=YES
    export _DISCOVER_COMMAND_LINE_LINKER_INPUTS_INCLUDE_WL\=YES
    export _LD_MULTIARCH\=YES
    export _SWIFT_EXPLICIT_MODULES_ALLOW_CXX_INTEROP\=NO
    export __ARCHS__\=arm64
    export __DIAGNOSE_DEPRECATED_ARCHS\=YES
    export __DIAGNOSE_INVALID_DEPLOYMENT_TARGET_AS_ERROR\=YES
    export __ORIGINAL_SDK_DEFINED_LLVM_TARGET_TRIPLE_SYS\=ios
    export arch\=undefined_arch
    export variant\=normal
    /bin/sh -c /Users/gumclaw/work/gp2974-device/ios/build/dd/Build/Intermediates.noindex/Pods.build/Release-iphoneos/React-Core-prebuilt.build/Script-46EB2E000320D0.sh
Node found at: /Users/gumclaw/.nodenv/versions/22.22.2/bin/node
Found React-Core-prebuilt/.last_build_configuration file
Same config of the previous build. No need to replace React-Core-prebuilt

ProcessInfoPlistFile /Users/gumclaw/work/gp2974-device/ios/build/dd/Build/Products/Release-iphoneos/React-Core/React-Core_privacy.bundle/Info.plist /Users/gumclaw/work/gp2974-device/ios/Pods/Target\ Support\ Files/React-Core/ResourceBundle-React-Core_privacy-React-Core-Info.plist (in target 'React-Core-React-Core_privacy' from project 'Pods')
    cd /Users/gumclaw/work/gp2974-device/ios/Pods
    builtin-infoPlistUtility /Users/gumclaw/work/gp2974-device/ios/Pods/Target\ Support\ Files/React-Core/ResourceBundle-React-Core_privacy-React-Core-Info.plist -producttype com.apple.product-type.bundle -expandbuildsettings -format binary -platform iphoneos -requiredArchitecture arm64 -o /Users/gumclaw/work/gp2974-device/ios/build/dd/Build/Products/Release-iphoneos/React-Core/React-Core_privacy.bundle/Info.plist

ClangStatCache /Applications/Xcode.app/Contents/Developer/Toolchains/XcodeDefault.xctoolchain/usr/bin/clang-stat-cache /Applications/Xcode.app/Contents/Developer/Platforms/iPhoneOS.platform/Developer/SDKs/iPhoneOS27.0.sdk /Users/gumclaw/work/gp2974-device/ios/build/dd/SDKStatCaches.noindex/iphoneos27.0-24A430-6c78b3cbc238196c85e1bf6c792c5915.sdkstatcache
    cd /Users/gumclaw/work/gp2974-device/ios
    /Applications/Xcode.app/Contents/Developer/Toolchains/XcodeDefault.xctoolchain/usr/bin/clang-stat-cache /Applications/Xcode.app/Contents/Developer/Platforms/iPhoneOS.platform/Developer/SDKs/iPhoneOS27.0.sdk -o /Users/gumclaw/work/gp2974-device/ios/build/dd/SDKStatCaches.noindex/iphoneos27.0-24A430-6c78b3cbc238196c85e1bf6c792c5915.sdkstatcache

ProcessInfoPlistFile /Users/gumclaw/work/gp2974-device/ios/build/dd/Build/Products/Release-iphoneos/React-cxxreact/React-cxxreact_privacy.bundle/Info.plist /Users/gumclaw/work/gp2974-device/ios/Pods/Target\ Support\ Files/React-cxxreact/ResourceBundle-React-cxxreact_privacy-React-cxxreact-Info.plist (in target 'React-cxxreact-React-cxxreact_privacy' from project 'Pods')
    cd /Users/gumclaw/work/gp2974-device/ios/Pods
    builtin-infoPlistUtility /Users/gumclaw/work/gp2974-device/ios/Pods/Target\ Support\ Files/React-cxxreact/ResourceBundle-React-cxxreact_privacy-React-cxxreact-Info.plist -producttype com.apple.product-type.bundle -expandbuildsettings -format binary -platform iphoneos -requiredArchitecture arm64 -o /Users/gumclaw/work/gp2974-device/ios/build/dd/Build/Products/Release-iphoneos/React-cxxreact/React-cxxreact_privacy.bundle/Info.plist

note: Run script build phase '[CP-User] [RN]Check FBReactNativeSpec' will be run during every build because the option to run the script phase "Based on dependency analysis" is unchecked. (in target 'React-RCTFBReactNativeSpec' from project 'Pods')
PhaseScriptExecution [CP-User]\ [RN]Check\ FBReactNativeSpec /Users/gumclaw/work/gp2974-device/ios/build/dd/Build/Intermediates.noindex/Pods.build/Release-iphoneos/React-RCTFBReactNativeSpec.build/Script-46EB2E000320E0.sh (in target 'React-RCTFBReactNativeSpec' from project 'Pods')
    cd /Users/gumclaw/work/gp2974-device/ios/Pods
    export ACTION\=build
    export AD_HOC_CODE_SIGNING_ALLOWED\=NO
    export ALLOW_BUILD_REQUEST_OVERRIDES\=NO
    export ALLOW_TARGET_PLATFORM_SPECIALIZATION\=NO
    export ALTERNATE_GROUP\=staff
    export ALTERNATE_MODE\=u+w,go-w,a+rX
    export ALTERNATE_OWNER\=gumclaw
    export ALTERNATIVE_DISTRIBUTION_WEB\=NO
    export ALWAYS_EMBED_SWIFT_STANDARD_LIBRARIES\=NO
    export ALWAYS_SEARCH_USER_PATHS\=NO
    export ALWAYS_USE_SEPARATE_HEADERMAPS\=NO
    export ANDROID_DEPLOYMENT_TARGET\=21.0
    export APPLICATION_EXTENSION_API_ONLY\=No
    export APPLY_RULES_IN_COPY_FILES\=NO
    export APPLY_RULES_IN_COPY_HEADERS\=NO
    export APP_SHORTCUTS_ENABLE_FLEXIBLE_MATCHING\=YES
    export ARCHS\=arm64
    export ARCHS_BASE\=arm64
    export ARCHS_STANDARD\=arm64
    export ARCHS_STANDARD_32_64_BIT\=armv7\ arm64
    export ARCHS_STANDARD_32_BIT\=armv7
    export ARCHS_STANDARD_64_BIT\=arm64
    export ARCHS_STANDARD_INCLUDING_64_BIT\=arm64
    export ARCHS_UNIVERSAL_IPHONE_OS\=armv7\ arm64
    export ARCH_COHORT_arm64e\=arm64e\ arm64e.x1
    export ASSETCATALOG_COMPILER_APPICON_NAME\=AppIcon
    export ASSETCATALOG_COMPILER_GLOBAL_ACCENT_COLOR_NAME\=AccentColor
    export ASSETCATALOG_FILTER_FOR_DEVICE_MODEL\=iPhone18,3
    export ASSETCATALOG_FILTER_FOR_DEVICE_OS_VERSION\=26.4.2
    export ASSETCATALOG_FILTER_FOR_THINNING_DEVICE_CONFIGURATION\=iPhone18,3
    export AUTOMATICALLY_MERGE_DEPENDENCIES\=NO
    export AUTOMATION_APPLE_EVENTS\=NO
    export AVAILABLE_PLATFORMS\=android\ appletvos\ appletvsimulator\ driverkit\ freebsd\ iphoneos\ iphonesimulator\ linux\ macosx\ none\ openbsd\ qnx\ staticlinux\ watchos\ watchsimulator\ webassembly\ xros\ xrsimulator
    export BUILD_ACTIVE_RESOURCES_ONLY\=YES
    export BUILD_COMPONENTS\=headers\ build
    export BUILD_DIR\=/Users/gumclaw/work/gp2974-device/ios/build/dd/Build/Products
    export BUILD_LIBRARY_FOR_DISTRIBUTION\=NO
    export BUILD_ONLY_KNOWN_LOCALIZATIONS\=NO
    export BUILD_ROOT\=/Users/gumclaw/work/gp2974-device/ios/build/dd/Build/Products
    export BUILD_STYLE\=
    export BUILD_VARIANTS\=normal
    export BUILT_PRODUCTS_DIR\=/Users/gumclaw/work/gp2974-device/ios/build/dd/Build/Products/Release-iphoneos/React-RCTFBReactNativeSpec
    export BUNDLE_CONTENTS_FOLDER_PATH_deep\=Contents/
    export BUNDLE_EXECUTABLE_FOLDER_NAME_deep\=MacOS
    export BUNDLE_EXTENSIONS_FOLDER_PATH\=Extensions
    export BUNDLE_FORMAT\=shallow
    export BUNDLE_FRAMEWORKS_FOLDER_PATH\=Frameworks
    export BUNDLE_PLUGINS_FOLDER_PATH\=PlugIns
    export BUNDLE_PRIVATE_HEADERS_FOLDER_PATH\=PrivateHeaders
    export BUNDLE_PUBLIC_HEADERS_FOLDER_PATH\=Headers
    export CACHE_ROOT\=/var/folders/b8/m3wdk1md2zx4zcr6xhkd2k2m0000gq/C/com.apple.DeveloperTools/27.0-27A266a/Xcode
    export CCHROOT\=/var/folders/b8/m3wdk1md2zx4zcr6xhkd2k2m0000gq/C/com.apple.DeveloperTools/27.0-27A266a/Xcode
    export CHMOD\=/bin/chmod
    export CHOWN\=chown
    export CLANG_ANALYZER_LOCALIZABILITY_NONLOCALIZED\=YES
    export CLANG_ANALYZER_NONNULL\=YES
    export CLANG_ANALYZER_NUMBER_OBJECT_CONVERSION\=YES_AGGRESSIVE
    export CLANG_CACHE_FINE_GRAINED_OUTPUTS\=YES
    export CLANG_CXX_LANGUAGE_STANDARD\=c++20
    export CLANG_CXX_LIBRARY\=libc++
    export CLANG_ENABLE_EXPLICIT_MODULES\=YES
    export CLANG_ENABLE_MODULES\=YES
    export CLANG_ENABLE_OBJC_ARC\=YES
    export CLANG_ENABLE_OBJC_WEAK\=NO
    export CLANG_MODULES_BUILD_SESSION_FILE\=/Users/gumclaw/work/gp2974-device/ios/build/dd/ModuleCache.noindex/Session.modulevalidation
    export CLANG_WARN_BLOCK_CAPTURE_AUTORELEASING\=YES
    export CLANG_WARN_BOOL_CONVERSION\=YES
    export CLANG_WARN_COMMA\=YES
    export CLANG_WARN_CONSTANT_CONVERSION\=YES
    export CLANG_WARN_DEPRECATED_OBJC_IMPLEMENTATIONS\=YES
    export CLANG_WARN_DIRECT_OBJC_ISA_USAGE\=YES_ERROR
    export CLANG_WARN_DOCUMENTATION_COMMENTS\=YES
    export CLANG_WARN_EMPTY_BODY\=YES
    export CLANG_WARN_ENUM_CONVERSION\=YES
    export CLANG_WARN_INFINITE_RECURSION\=YES
    export CLANG_WARN_INT_CONVERSION\=YES
    export CLANG_WARN_NON_LITERAL_NULL_CONVERSION\=YES
    export CLANG_WARN_OBJC_IMPLICIT_RETAIN_SELF\=YES
    export CLANG_WARN_OBJC_LITERAL_CONVERSION\=YES
    export CLANG_WARN_OBJC_ROOT_CLASS\=YES_ERROR
    export CLANG_WARN_QUOTED_INCLUDE_IN_FRAMEWORK_HEADER\=NO
    export CLANG_WARN_RANGE_LOOP_ANALYSIS\=YES
    export CLANG_WARN_STRICT_PROTOTYPES\=YES
    export CLANG_WARN_SUSPICIOUS_MOVE\=YES
    export CLANG_WARN_UNGUARDED_AVAILABILITY\=YES_AGGRESSIVE
    export CLANG_WARN_UNREACHABLE_CODE\=YES
    export CLANG_WARN__DUPLICATE_METHOD_MATCH\=YES
    export CLASS_FILE_DIR\=/Users/gumclaw/work/gp2974-device/ios/build/dd/Build/Intermediates.noindex/Pods.build/Release-iphoneos/React-RCTFBReactNativeSpec.build/JavaClasses
    export CLEAN_PRECOMPS\=YES
    export CLONE_HEADERS\=NO
    export CODESIGNING_FOLDER_PATH\=/Users/gumclaw/work/gp2974-device/ios/build/dd/Build/Products/Release-iphoneos/React-RCTFBReactNativeSpec/
    export CODE_SIGNING_ALLOWED\=NO
    export CODE_SIGNING_REQUIRED\=YES
    export CODE_SIGN_CONTEXT_CLASS\=XCiPhoneOSCodeSignContext
    export CODE_SIGN_IDENTITY\=Apple\ Development
    export CODE_SIGN_INJECT_BASE_ENTITLEMENTS\=YES
    export COLOR_DIAGNOSTICS\=NO
    export COMBINE_HIDPI_IMAGES\=NO
    export COMPILATION_CACHE_CAS_PATH\=/Users/gumclaw/work/gp2974-device/ios/build/dd/CompilationCache.noindex
    export COMPILATION_CACHE_KEEP_CAS_DIRECTORY\=YES
    export COMPILER_INDEX_STORE_ENABLE\=Default
    export COMPOSITE_SDK_DIRS\=/Users/gumclaw/work/gp2974-device/ios/build/dd/Build/Intermediates.noindex/CompositeSDKs
    export COMPRESS_PNG_FILES\=YES
    export CONFIGURATION\=Release
    export CONFIGURATION_BUILD_DIR\=/Users/gumclaw/work/gp2974-device/ios/build/dd/Build/Products/Release-iphoneos/React-RCTFBReactNativeSpec
    export CONFIGURATION_TEMP_DIR\=/Users/gumclaw/work/gp2974-device/ios/build/dd/Build/Intermediates.noindex/Pods.build/Release-iphoneos
    export COPYING_PRESERVES_HFS_DATA\=NO
    export COPY_HEADERS_RUN_UNIFDEF\=NO
    export COPY_PHASE_STRIP\=NO
    export CORRESPONDING_SIMULATOR_PLATFORM_DIR\=/Applications/Xcode.app/Contents/Developer/Platforms/iPhoneSimulator.platform
    export CORRESPONDING_SIMULATOR_PLATFORM_NAME\=iphonesimulator
    export CORRESPONDING_SIMULATOR_SDK_DIR\=/Applications/Xcode.app/Contents/Developer/Platforms/iPhoneSimulator.platform/Developer/SDKs/iPhoneSimulator27.0.sdk
    export CORRESPONDING_SIMULATOR_SDK_NAME\=iphonesimulator27.0
    export CP\=/bin/cp
    export CREATE_INFOPLIST_SECTION_IN_BINARY\=NO
    export CURRENT_ARCH\=undefined_arch
    export CURRENT_VARIANT\=normal
    export DEAD_CODE_STRIPPING\=YES
    export DEBUGGING_SYMBOLS\=YES
    export DEBUG_INFORMATION_FORMAT\=dwarf-with-dsym
    export DEBUG_INFORMATION_VERSION\=compiler-default
    export DEFAULT_COMPILER\=com.apple.compilers.llvm.clang.1_0
    export DEFAULT_DEXT_INSTALL_PATH\=/System/Library/DriverExtensions
    export DEFAULT_KEXT_INSTALL_PATH\=/System/Library/Extensions
    export DEFINES_MODULE\=NO
    export DEPLOYMENT_LOCATION\=NO
    export DEPLOYMENT_POSTPROCESSING\=NO
    export DEPLOYMENT_TARGET_SETTING_NAME\=IPHONEOS_DEPLOYMENT_TARGET
    export DEPLOYMENT_TARGET_SUGGESTED_VALUES\=15.0\ 15.1\ 15.2\ 15.3\ 15.4\ 15.5\ 15.6\ 16.0\ 16.1\ 16.2\ 16.3\ 16.4\ 16.5\ 16.6\ 17.0\ 17.1\ 17.2\ 17.3\ 17.4\ 17.5\ 17.6\ 18.0\ 18.1\ 18.2\ 18.3\ 18.4\ 18.5\ 18.6\ 26.0\ 26.2\ 26.3\ 26.4\ 26.5\ 26.6\ 27.0
    export DERIVED_FILES_DIR\=/Users/gumclaw/work/gp2974-device/ios/build/dd/Build/Intermediates.noindex/Pods.build/Release-iphoneos/React-RCTFBReactNativeSpec.build/DerivedSources
    export DERIVED_FILE_DIR\=/Users/gumclaw/work/gp2974-device/ios/build/dd/Build/Intermediates.noindex/Pods.build/Release-iphoneos/React-RCTFBReactNativeSpec.build/DerivedSources
    export DERIVED_SOURCES_DIR\=/Users/gumclaw/work/gp2974-device/ios/build/dd/Build/Intermediates.noindex/Pods.build/Release-iphoneos/React-RCTFBReactNativeSpec.build/DerivedSources
    export DERIVE_MACCATALYST_PRODUCT_BUNDLE_IDENTIFIER\=NO
    export DEVELOPER_APPLICATIONS_DIR\=/Applications/Xcode.app/Contents/Developer/Applications
    export DEVELOPER_BIN_DIR\=/Applications/Xcode.app/Contents/Developer/usr/bin
    export DEVELOPER_DIR\=/Applications/Xcode.app/Contents/Developer
    export DEVELOPER_FRAMEWORKS_DIR\=/Applications/Xcode.app/Contents/Developer/Library/Frameworks
    export DEVELOPER_FRAMEWORKS_DIR_QUOTED\=/Applications/Xcode.app/Contents/Developer/Library/Frameworks
    export DEVELOPER_LIBRARY_DIR\=/Applications/Xcode.app/Contents/Developer/Library
    export DEVELOPER_SDK_DIR\=/Applications/Xcode.app/Contents/Developer/Platforms/MacOSX.platform/Developer/SDKs
    export DEVELOPER_TOOLS_DIR\=/Applications/Xcode.app/Contents/Developer/Tools
    export DEVELOPER_USR_DIR\=/Applications/Xcode.app/Contents/Developer/usr
    export DEVELOPMENT_LANGUAGE\=en
    export DEVELOPMENT_TEAM\=66LJACJ2U7
    export DIAGNOSE_MISSING_TARGET_DEPENDENCIES\=YES
    export DIFF\=/usr/bin/diff
    export DONT_GENERATE_INFOPLIST_FILE\=NO
    export DSTROOT\=/tmp/Pods.dst
    export DT_TOOLCHAIN_DIR\=/Applications/Xcode.app/Contents/Developer/Toolchains/XcodeDefault.xctoolchain
    export DWARF_DSYM_FILE_NAME\=.dSYM
    export DWARF_DSYM_FILE_SHOULD_ACCOMPANY_PRODUCT\=NO
    export DWARF_DSYM_FOLDER_PATH\=/Users/gumclaw/work/gp2974-device/ios/build/dd/Build/Products/Release-iphoneos/React-RCTFBReactNativeSpec
    export DYNAMIC_LIBRARY_EXTENSION\=dylib
    export EAGER_COMPILATION_ALLOW_SCRIPTS\=NO
    export EAGER_LINKING\=NO
    export EFFECTIVE_PLATFORM_NAME\=-iphoneos
    export EFFECTIVE_SWIFT_VERSION\=5
    export EMBEDDED_CONTENT_CONTAINS_SWIFT\=NO
    export EMBEDDED_PROFILE_NAME\=embedded.mobileprovision
    export EMBED_ASSET_PACKS_IN_PRODUCT_BUNDLE\=NO
    export ENABLE_APP_SANDBOX\=NO
    export ENABLE_CODE_COVERAGE\=YES
    export ENABLE_COHORT_ARCHS\=YES
    export ENABLE_CPLUSPLUS_BOUNDS_SAFE_BUFFERS\=NO
    export ENABLE_C_BOUNDS_SAFETY\=NO
    export ENABLE_DEBUG_DYLIB\=NO
    export ENABLE_DEFAULT_HEADER_SEARCH_PATHS\=YES
    export ENABLE_DEFAULT_SEARCH_PATHS\=YES
    export ENABLE_ENHANCED_SECURITY\=NO
    export ENABLE_HARDENED_RUNTIME\=NO
    export ENABLE_HARDWARE_CHECKED_POINTER_ARITHMETIC_SLICE\=NO
    export ENABLE_HEADER_DEPENDENCIES\=YES
    export ENABLE_INCOMING_NETWORK_CONNECTIONS\=NO
    export ENABLE_NS_ASSERTIONS\=NO
    export ENABLE_ON_DEMAND_RESOURCES\=NO
    export ENABLE_OUTGOING_NETWORK_CONNECTIONS\=NO
    export ENABLE_POINTER_AUTHENTICATION\=NO
    export ENABLE_PREVIEWS\=NO
    export ENABLE_RESOURCE_ACCESS_AUDIO_INPUT\=NO
    export ENABLE_RESOURCE_ACCESS_BLUETOOTH\=NO
    export ENABLE_RESOURCE_ACCESS_CALENDARS\=NO
    export ENABLE_RESOURCE_ACCESS_CAMERA\=NO
    export ENABLE_RESOURCE_ACCESS_CONTACTS\=NO
    export ENABLE_RESOURCE_ACCESS_LOCATION\=NO
    export ENABLE_RESOURCE_ACCESS_PHOTO_LIBRARY\=NO
    export ENABLE_RESOURCE_ACCESS_PRINTING\=NO
    export ENABLE_RESOURCE_ACCESS_USB\=NO
    export ENABLE_SDK_IMPORTS\=NO
    export ENABLE_SECURITY_COMPILER_WARNINGS\=NO
    export ENABLE_STRICT_OBJC_MSGSEND\=YES
    export ENABLE_TESTABILITY\=NO
    export ENABLE_TESTING_SEARCH_PATHS\=NO
    export ENABLE_USER_SCRIPT_SANDBOXING\=NO
    export ENABLE_XOJIT_PREVIEWS\=NO
    export ENFORCE_VALID_ARCHS\=YES
    export ENTITLEMENTS_DESTINATION\=Signature
    export ENTITLEMENTS_REQUIRED\=YES
    export EXCLUDED_INSTALLSRC_SUBDIRECTORY_PATTERNS\=.DS_Store\ .svn\ .git\ .hg\ CVS
    export EXCLUDED_RECURSIVE_SEARCH_PATH_SUBDIRECTORIES\=\*.nib\ \*.lproj\ \*.framework\ \*.gch\ \*.xcode\*\ \*.xcassets\ \*.icon\ \(\*\)\ .DS_Store\ CVS\ .svn\ .git\ .hg\ \*.pbproj\ \*.pbxproj
    export FILE_LIST\=/Users/gumclaw/work/gp2974-device/ios/build/dd/Build/Intermediates.noindex/Pods.build/Release-iphoneos/React-RCTFBReactNativeSpec.build/Objects/LinkFileList
    export FIXED_FILES_DIR\=/Users/gumclaw/work/gp2974-device/ios/build/dd/Build/Intermediates.noindex/Pods.build/Release-iphoneos/React-RCTFBReactNativeSpec.build/FixedFiles
    export FRAMEWORK_SEARCH_PATHS\=\ \"/Users/gumclaw/work/gp2974-device/ios/Pods/React-Core-prebuilt\"\ \"/Users/gumclaw/work/gp2974-device/ios/Pods/ReactNativeDependencies/framework/packages/react-native\"\ \"/Users/gumclaw/work/gp2974-device/ios/Pods/hermes-engine/destroot/Library/Frameworks/universal\"\ \"/Users/gumclaw/work/gp2974-device/ios/build/dd/Build/Products/Release-iphoneos/XCFrameworkIntermediates/React-Core-prebuilt\"\ \"/Users/gumclaw/work/gp2974-device/ios/build/dd/Build/Products/Release-iphoneos/XCFrameworkIntermediates/ReactNativeDependencies\"\ \"/Users/gumclaw/work/gp2974-device/ios/build/dd/Build/Products/Release-iphoneos/XCFrameworkIntermediates/hermes-engine/Pre-built\"
    export FRAMEWORK_VERSION\=A
    export FUSE_BUILD_PHASES\=YES
    export FUSE_BUILD_SCRIPT_PHASES\=NO
    export GCC3_VERSION\=3.3
    export GCC_C_LANGUAGE_STANDARD\=gnu11
    export GCC_NO_COMMON_BLOCKS\=YES
    export GCC_PFE_FILE_C_DIALECTS\=c\ objective-c\ c++\ objective-c++
    export GCC_PREPROCESSOR_DEFINITIONS\=POD_CONFIGURATION_RELEASE\=1\ \ COCOAPODS\=1
    export GCC_THUMB_SUPPORT\=YES
    export GCC_TREAT_WARNINGS_AS_ERRORS\=NO
    export GCC_VERSION\=com.apple.compilers.llvm.clang.1_0
    export GCC_VERSION_IDENTIFIER\=com_apple_compilers_llvm_clang_1_0
    export GCC_WARN_64_TO_32_BIT_CONVERSION\=YES
    export GCC_WARN_ABOUT_RETURN_TYPE\=YES_ERROR
    export GCC_WARN_UNDECLARED_SELECTOR\=YES
    export GCC_WARN_UNINITIALIZED_AUTOS\=YES_AGGRESSIVE
    export GCC_WARN_UNUSED_FUNCTION\=YES
    export GCC_WARN_UNUSED_VARIABLE\=YES
    export GENERATED_MODULEMAP_DIR\=/Users/gumclaw/work/gp2974-device/ios/build/dd/Build/Intermediates.noindex/GeneratedModuleMaps-iphoneos
    export GENERATE_INFOPLIST_FILE\=NO
    export GENERATE_INTERMEDIATE_TEXT_BASED_STUBS\=YES
    export GENERATE_PKGINFO_FILE\=NO
    export GENERATE_PRELINK_OBJECT_FILE\=NO
    export GENERATE_PROFILING_CODE\=NO
    export GENERATE_TEXT_BASED_STUBS\=NO
    export GID\=20
    export GROUP\=staff
    export HEADERMAP_INCLUDES_FLAT_ENTRIES_FOR_TARGET_BEING_BUILT\=YES
    export HEADERMAP_INCLUDES_FRAMEWORK_ENTRIES_FOR_ALL_PRODUCT_TYPES\=YES
    export HEADERMAP_INCLUDES_FRAMEWORK_ENTRIES_FOR_TARGETS_NOT_BEING_BUILT\=YES
    export HEADERMAP_INCLUDES_NONPUBLIC_NONPRIVATE_HEADERS\=YES
    export HEADERMAP_INCLUDES_PROJECT_HEADERS\=YES
    export HEADERMAP_USES_FRAMEWORK_PREFIX_ENTRIES\=YES
    export HEADERMAP_USES_VFS\=NO
    export HEADER_SEARCH_PATHS\=\ \"/Users/gumclaw/work/gp2974-device/ios/Pods/Headers/Private\"\ \"/Users/gumclaw/work/gp2974-device/ios/Pods/Headers/Private/React-RCTFBReactNativeSpec\"\ \"/Users/gumclaw/work/gp2974-device/ios/Pods/Headers/Public\"\ \"/Users/gumclaw/work/gp2974-device/ios/Pods/Headers/Public/FBLazyVector\"\ \"/Users/gumclaw/work/gp2974-device/ios/Pods/Headers/Public/RCTDeprecation\"\ \"/Users/gumclaw/work/gp2974-device/ios/Pods/Headers/Public/RCTRequired\"\ \"/Users/gumclaw/work/gp2974-device/ios/Pods/Headers/Public/RCTTypeSafety\"\ \"/Users/gumclaw/work/gp2974-device/ios/Pods/Headers/Public/React-Core\"\ \"/Users/gumclaw/work/gp2974-device/ios/Pods/Headers/Public/React-Core-prebuilt\"\ \"/Users/gumclaw/work/gp2974-device/ios/Pods/Headers/Public/React-Fabric\"\ \"/Users/gumclaw/work/gp2974-device/ios/Pods/Headers/Public/React-NativeModulesApple\"\ \"/Users/gumclaw/work/gp2974-device/ios/Pods/Headers/Public/React-RCTFBReactNativeSpec\"\ \"/Users/gumclaw/work/gp2974-device/ios/Pods/Headers/Public/React-callinvoker\"\ \"/Users/gumclaw/work/gp2974-device/ios/Pods/Headers/Public/React-cxxreact\"\ \"/Users/gumclaw/work/gp2974-device/ios/Pods/Headers/Public/React-debug\"\ \"/Users/gumclaw/work/gp2974-device/ios/Pods/Headers/Public/React-featureflags\"\ \"/Users/gumclaw/work/gp2974-device/ios/Pods/Headers/Public/React-graphics\"\ \"/Users/gumclaw/work/gp2974-device/ios/Pods/Headers/Public/React-hermes\"\ \"/Users/gumclaw/work/gp2974-device/ios/Pods/Headers/Public/React-jsi\"\ \"/Users/gumclaw/work/gp2974-device/ios/Pods/Headers/Public/React-jsiexecutor\"\ \"/Users/gumclaw/work/gp2974-device/ios/Pods/Headers/Public/React-jsinspector\"\ \"/Users/gumclaw/work/gp2974-device/ios/Pods/Headers/Public/React-jsinspectorcdp\"\ \"/Users/gumclaw/work/gp2974-device/ios/Pods/Headers/Public/React-jsinspectornetwork\"\ \"/Users/gumclaw/work/gp2974-device/ios/Pods/Headers/Public/React-jsinspectortracing\"\ \"/Users/gumclaw/work/gp2974-device/ios/Pods/Headers/Public/React-jsitooling\"\ \"/Users/gumclaw/work/gp2974-device/ios/Pods/Headers/Public/React-logger\"\ \"/Users/gumclaw/work/gp2974-device/ios/Pods/Headers/Public/React-oscompat\"\ \"/Users/gumclaw/work/gp2974-device/ios/Pods/Headers/Public/React-perflogger\"\ \"/Users/gumclaw/work/gp2974-device/ios/Pods/Headers/Public/React-performancecdpmetrics\"\ \"/Users/gumclaw/work/gp2974-device/ios/Pods/Headers/Public/React-performancetimeline\"\ \"/Users/gumclaw/work/gp2974-device/ios/Pods/Headers/Public/React-rendererconsistency\"\ \"/Users/gumclaw/work/gp2974-device/ios/Pods/Headers/Public/React-renderercss\"\ \"/Users/gumclaw/work/gp2974-device/ios/Pods/Headers/Public/React-rendererdebug\"\ \"/Users/gumclaw/work/gp2974-device/ios/Pods/Headers/Public/React-runtimeexecutor\"\ \"/Users/gumclaw/work/gp2974-device/ios/Pods/Headers/Public/React-runtimescheduler\"\ \"/Users/gumclaw/work/gp2974-device/ios/Pods/Headers/Public/React-timing\"\ \"/Users/gumclaw/work/gp2974-device/ios/Pods/Headers/Public/React-utils\"\ \"/Users/gumclaw/work/gp2974-device/ios/Pods/Headers/Public/ReactCommon\"\ \"/Users/gumclaw/work/gp2974-device/ios/Pods/Headers/Public/ReactNativeDependencies\"\ \"/Users/gumclaw/work/gp2974-device/ios/Pods/Headers/Public/Yoga\"\ \"/Users/gumclaw/work/gp2974-device/ios/Pods/Headers/Public/hermes-engine\"\ \"/Users/gumclaw/work/gp2974-device/ios/Pods/../../node_modules/react-native/React/FBReactNativeSpec\"\ \"/Users/gumclaw/work/gp2974-device/ios/Pods/Headers/Private/Yoga\"\ \"/Users/gumclaw/work/gp2974-device/ios/Pods/ReactCommon\"\ \"/Users/gumclaw/work/gp2974-device/ios/Pods/ReactCommon/react/nativemodule/core\"\ \"/Users/gumclaw/work/gp2974-device/ios/Pods/ReactCommon\"\ \"/Users/gumclaw/work/gp2974-device/ios/Pods/ReactCommon/react/nativemodule/bridging\"\ \"/Users/gumclaw/work/gp2974-device/ios/Pods/../../node_modules/react-native/React/FBReactNativeSpec\"\ \"/Users/gumclaw/work/gp2974-device/ios/Pods/Headers/Private/Yoga\"\ \"/Users/gumclaw/work/gp2974-device/ios/Pods/ReactCommon\"\ \"/Users/gumclaw/work/gp2974-device/ios/Pods/ReactCommon/react/nativemodule/core\"\ \"/Users/gumclaw/work/gp2974-device/ios/Pods/ReactCommon\"\ \"/Users/gumclaw/work/gp2974-device/ios/Pods/ReactCommon/react/nativemodule/bridging\"\ \"/Users/gumclaw/work/gp2974-device/ios/Pods/React-featureflags\"\ \"/Users/gumclaw/work/gp2974-device/ios/Pods/React-debug\"\ \"/Users/gumclaw/work/gp2974-device/ios/Pods/React-rendererdebug\"\ \"/Users/gumclaw/work/gp2974-device/ios/Pods/React-utils\"\ \"/Users/gumclaw/work/gp2974-device/ios/Pods/React-graphics\"\ \"/Users/gumclaw/work/gp2974-device/ios/Pods/React-graphics/react/renderer/graphics/platform/ios\"\ \"/Users/gumclaw/work/gp2974-device/ios/Pods/React-Fabric\"\ \"/Users/gumclaw/work/gp2974-device/ios/Pods/React-Fabric/react/renderer/components/view/platform/cxx\"
    export HOME\=/Users/gumclaw
    export HOST_ARCH\=arm64
    export HOST_PLATFORM\=macosx
    export ICONV\=/usr/bin/iconv
    export IMPLICIT_DEPENDENCY_DOMAIN\=default
    export INDEX_ENABLE_OPTIMIZATION_LEVEL_OVERRIDE\=YES
    export INDEX_STORE_COMPRESS\=NO
    export INDEX_STORE_ONLY_PROJECT_FILES\=NO
    export INFOPLIST_ENABLE_CFBUNDLEICONS_MERGE\=YES
    export INFOPLIST_EXPAND_BUILD_SETTINGS\=YES
    export INFOPLIST_OUTPUT_FORMAT\=binary
    export INFOPLIST_PREPROCESS\=NO
    export INLINE_PRIVATE_FRAMEWORKS\=NO
    export INSTALLAPI_IGNORE_SKIP_INSTALL\=YES
    export INSTALLHDRS_COPY_PHASE\=NO
    export INSTALLHDRS_SCRIPT_PHASE\=NO
    export INSTALL_DIR\=/tmp/Pods.dst
    export INSTALL_GROUP\=staff
    export INSTALL_MODE_FLAG\=u+w,go-w,a+rX
    export INSTALL_OWNER\=gumclaw
    export INSTALL_ROOT\=/tmp/Pods.dst
    export IPHONEOS_DEPLOYMENT_TARGET\=16.2
    export IS_UNOPTIMIZED_BUILD\=NO
    export JAVAC_DEFAULT_FLAGS\=-J-Xms64m\ -J-XX:NewSize\=4M\ -J-Dfile.encoding\=UTF8
    export JAVA_APP_STUB\=/System/Library/Frameworks/JavaVM.framework/Resources/MacOS/JavaApplicationStub
    export JAVA_ARCHIVE_CLASSES\=YES
    export JAVA_ARCHIVE_TYPE\=JAR
    export JAVA_COMPILER\=/usr/bin/javac
    export JAVA_FRAMEWORK_RESOURCES_DIRS\=Resources
    export JAVA_JAR_FLAGS\=cv
    export JAVA_SOURCE_SUBDIR\=.
    export JAVA_USE_DEPENDENCIES\=YES
    export JAVA_ZIP_FLAGS\=-urg
    export JIKES_DEFAULT_FLAGS\=+E\ +OLDCSO
    export KASAN_CFLAGS_CLASSIC\=-DKASAN\=1\ -DKASAN_CLASSIC\=1\ -fsanitize\=address\ -mllvm\ -asan-globals-live-support\ -mllvm\ -asan-force-dynamic-shadow
    export KASAN_CFLAGS_TBI\=-DKASAN\=1\ -DKASAN_TBI\=1\ -fsanitize\=kernel-hwaddress\ -mllvm\ -hwasan-recover\=0\ -mllvm\ -hwasan-instrument-atomics\=0\ -mllvm\ -hwasan-instrument-stack\=1\ -mllvm\ -hwasan-generate-tags-with-calls\=1\ -mllvm\ -hwasan-instrument-with-calls\=1\ -mllvm\ -hwasan-use-short-granules\=0\ -mllvm\ -hwasan-memory-access-callback-prefix\=__asan_
    export KASAN_DEFAULT_CFLAGS\=-DKASAN\=1\ -DKASAN_CLASSIC\=1\ -fsanitize\=address\ -mllvm\ -asan-globals-live-support\ -mllvm\ -asan-force-dynamic-shadow
    export KEEP_PRIVATE_EXTERNS\=NO
    export LD_DEPENDENCY_INFO_FILE\=/Users/gumclaw/work/gp2974-device/ios/build/dd/Build/Intermediates.noindex/Pods.build/Release-iphoneos/React-RCTFBReactNativeSpec.build/Objects-normal/undefined_arch/React-RCTFBReactNativeSpec_dependency_info.dat
    export LD_EXPORT_SYMBOLS\=YES
    export LD_GENERATE_MAP_FILE\=NO
    export LD_MAP_FILE_PATH\=/Users/gumclaw/work/gp2974-device/ios/build/dd/Build/Intermediates.noindex/Pods.build/Release-iphoneos/React-RCTFBReactNativeSpec.build/React-RCTFBReactNativeSpec-LinkMap-normal-undefined_arch.txt
    export LD_NO_PIE\=NO
    export LD_QUOTE_LINKER_ARGUMENTS_FOR_COMPILER_DRIVER\=YES
    export LD_RUNPATH_SEARCH_PATHS\=\ @executable_path/Frameworks
    export LD_SHARED_CACHE_ELIGIBLE\=Automatic
    export LD_WARN_DUPLICATE_LIBRARIES\=NO
    export LD_WARN_UNUSED_DYLIBS\=NO
    export LEGACY_DEVELOPER_DIR\=/Applications/Xcode.app/Contents/PlugIns/Xcode3Core.ideplugin/Contents/SharedSupport/Developer
    export LEX\=lex
    export LIBRARY_DEXT_INSTALL_PATH\=/Library/DriverExtensions
    export LIBRARY_FLAG_NOSPACE\=YES
    export LIBRARY_KEXT_INSTALL_PATH\=/Library/Extensions
    export LINKER_DISPLAYS_MANGLED_NAMES\=NO
    export LINK_FILE_LIST_normal_arm64\=/Users/gumclaw/work/gp2974-device/ios/build/dd/Build/Intermediates.noindex/Pods.build/Release-iphoneos/React-RCTFBReactNativeSpec.build/Objects-normal/arm64/React-RCTFBReactNativeSpec.LinkFileList
    export LINK_OBJC_RUNTIME\=YES
    export LINK_WITH_STANDARD_LIBRARIES\=YES
    export LLVM_TARGET_TRIPLE_OS_VERSION\=ios16.2
    export LLVM_TARGET_TRIPLE_VENDOR\=apple
    export LM_AUX_CONST_METADATA_LIST_PATH_normal_arm64\=/Users/gumclaw/work/gp2974-device/ios/build/dd/Build/Intermediates.noindex/Pods.build/Release-iphoneos/React-RCTFBReactNativeSpec.build/Objects-normal/arm64/React-RCTFBReactNativeSpec.SwiftConstValuesFileList
    export LOCALIZATION_EXPORT_SUPPORTED\=YES
    export LOCALIZATION_PREFERS_STRING_CATALOGS\=NO
    export LOCALIZED_STRING_CODE_COMMENTS\=NO
    export LOCALIZED_STRING_MACRO_NAMES\=NSLocalizedString\ CFCopyLocalizedString
    export LOCALIZED_STRING_SWIFTUI_SUPPORT\=YES
    export LOCAL_ADMIN_APPS_DIR\=/Applications/Utilities
    export LOCAL_APPS_DIR\=/Applications
    export LOCAL_DEVELOPER_DIR\=/Library/Developer
    export LOCAL_LIBRARY_DIR\=/Library
    export LOCROOT\=/Users/gumclaw/work/gp2974-device/ios/Pods
    export LOCSYMROOT\=/Users/gumclaw/work/gp2974-device/ios/Pods
    export MAC_OS_X_PRODUCT_BUILD_VERSION\=26A428
    export MAC_OS_X_VERSION_ACTUAL\=270000
    export MAC_OS_X_VERSION_MAJOR\=270000
    export MAC_OS_X_VERSION_MINOR\=270000
    export MAKE_MERGEABLE\=NO
    export MERGEABLE_LIBRARY\=NO
    export MERGED_BINARY_TYPE\=none
    export MERGE_LINKED_LIBRARIES\=NO
    export METAL_LIBRARY_FILE_BASE\=default
    export METAL_LIBRARY_OUTPUT_DIR\=/Users/gumclaw/work/gp2974-device/ios/build/dd/Build/Products/Release-iphoneos/React-RCTFBReactNativeSpec/
    export MODULE_CACHE_DIR\=/Users/gumclaw/work/gp2974-device/ios/build/dd/ModuleCache.noindex
    export MTL_ENABLE_DEBUG_INFO\=NO
    export MTL_FAST_MATH\=YES
    export NATIVE_ARCH\=arm64
    export NATIVE_ARCH_32_BIT\=arm
    export NATIVE_ARCH_64_BIT\=arm64
    export NATIVE_ARCH_ACTUAL\=arm64
    export NO_COMMON\=YES
    export OBJECT_FILE_DIR\=/Users/gumclaw/work/gp2974-device/ios/build/dd/Build/Intermediates.noindex/Pods.build/Release-iphoneos/React-RCTFBReactNativeSpec.build/Objects
    export OBJECT_FILE_DIR_normal\=/Users/gumclaw/work/gp2974-device/ios/build/dd/Build/Intermediates.noindex/Pods.build/Release-iphoneos/React-RCTFBReactNativeSpec.build/Objects-normal
    export OBJROOT\=/Users/gumclaw/work/gp2974-device/ios/build/dd/Build/Intermediates.noindex
    export ONLY_ACTIVE_ARCH\=NO
    export ONLY_ARCH\=arm64
    export OS\=MACOS
    export OSAC\=/usr/bin/osacompile
    export OTHER_CFLAGS\=\ -DNDEBUG
    export OTHER_CODE_SIGN_FLAGS\=--keychain\ /Users/gumclaw/Library/Keychains/gumclaw-signing.keychain-db
    export OTHER_CPLUSPLUSFLAGS\=\ -DNDEBUG\ -DNDEBUG
    export PASCAL_STRINGS\=YES
    export PATH\=/Applications/Xcode.app/Contents/SharedFrameworks/SwiftBuild.framework/Versions/A/PlugIns/SWBBuildService.bundle/Contents/PlugIns/SWBUniversalPlatformPlugin.bundle/Contents/Frameworks/SWBUniversalPlatform.framework/Resources:/Applications/Xcode.app/Contents/Developer/Toolchains/XcodeDefault.xctoolchain/usr/bin:/Applications/Xcode.app/Contents/Developer/Toolchains/XcodeDefault.xctoolchain/usr/local/bin:/Applications/Xcode.app/Contents/Developer/Toolchains/XcodeDefault.xctoolchain/usr/libexec:/Applications/Xcode.app/Contents/Developer/Platforms/iPhoneOS.platform/usr/bin:/Applications/Xcode.app/Contents/Developer/Platforms/iPhoneOS.platform/usr/local/bin:/Applications/Xcode.app/Contents/Developer/Platforms/iPhoneOS.platform/Developer/usr/bin:/Applications/Xcode.app/Contents/Developer/Platforms/iPhoneOS.platform/Developer/usr/local/bin:/Applications/Xcode.app/Contents/Developer/usr/bin:/Applications/Xcode.app/Contents/Developer/usr/local/bin:/Users/gumclaw/.gusto/bin:/Users/gumclaw/.npm-global/bin:/Users/gumclaw/.rbenv/shims:/Users/gumclaw/.nodenv/shims:/Users/gumclaw/.local/bin:/opt/homebrew/bin:/usr/local/bin:/System/Cryptexes/App/usr/bin:/usr/bin:/bin:/usr/sbin:/sbin:/var/run/com.apple.security.cryptexd/codex.system/bootstrap/usr/local/bin:/var/run/com.apple.security.cryptexd/codex.system/bootstrap/usr/bin:/var/run/com.apple.security.cryptexd/codex.system/bootstrap/usr/appleinternal/bin:/opt/pkg/env/active/bin:/opt/pmk/env/global/bin:/opt/X11/bin:/Library/Apple/usr/bin:/usr/local/MacGPG2/bin:/Library/Frameworks/Mono.framework/Versions/Current/Commands:/Applications/Postgres.app/Contents/Versions/latest/bin:/var/folders/b8/m3wdk1md2zx4zcr6xhkd2k2m0000gq/T/.tmpilcVkY:/Users/gumclaw/bin:/opt/homebrew/sbin:/Users/gumclaw/.maestro/bin
    export PATH_PREFIXES_EXCLUDED_FROM_HEADER_DEPENDENCIES\=/usr/include\ /usr/local/include\ /System/Library/Frameworks\ /System/Library/PrivateFrameworks\ /Applications/Xcode.app/Contents/Developer/Headers\ /Applications/Xcode.app/Contents/Developer/SDKs\ /Applications/Xcode.app/Contents/Developer/Platforms
    export PER_ARCH_MODULE_FILE_DIR\=/Users/gumclaw/work/gp2974-device/ios/build/dd/Build/Intermediates.noindex/Pods.build/Release-iphoneos/React-RCTFBReactNativeSpec.build/Objects-normal/undefined_arch
    export PER_ARCH_OBJECT_FILE_DIR\=/Users/gumclaw/work/gp2974-device/ios/build/dd/Build/Intermediates.noindex/Pods.build/Release-iphoneos/React-RCTFBReactNativeSpec.build/Objects-normal/undefined_arch
    export PER_VARIANT_OBJECT_FILE_DIR\=/Users/gumclaw/work/gp2974-device/ios/build/dd/Build/Intermediates.noindex/Pods.build/Release-iphoneos/React-RCTFBReactNativeSpec.build/Objects-normal
    export PKGINFO_FILE_PATH\=/Users/gumclaw/work/gp2974-device/ios/build/dd/Build/Intermediates.noindex/Pods.build/Release-iphoneos/React-RCTFBReactNativeSpec.build/PkgInfo
    export PLATFORM_DEVELOPER_APPLICATIONS_DIR\=/Applications/Xcode.app/Contents/Developer/Platforms/iPhoneOS.platform/Developer/Applications
    export PLATFORM_DEVELOPER_BIN_DIR\=/Applications/Xcode.app/Contents/Developer/Platforms/iPhoneOS.platform/Developer/usr/bin
    export PLATFORM_DEVELOPER_LIBRARY_DIR\=/Applications/Xcode.app/Contents/Developer/Platforms/iPhoneOS.platform/Developer/Library
    export PLATFORM_DEVELOPER_SDK_DIR\=/Applications/Xcode.app/Contents/Developer/Platforms/iPhoneOS.platform/Developer/SDKs
    export PLATFORM_DEVELOPER_TOOLS_DIR\=/Applications/Xcode.app/Contents/Developer/Platforms/iPhoneOS.platform/Developer/Tools
    export PLATFORM_DEVELOPER_USR_DIR\=/Applications/Xcode.app/Contents/Developer/Platforms/iPhoneOS.platform/Developer/usr
    export PLATFORM_DIR\=/Applications/Xcode.app/Contents/Developer/Platforms/iPhoneOS.platform
    export PLATFORM_DISPLAY_NAME\=iOS
    export PLATFORM_FAMILY_NAME\=iOS
    export PLATFORM_NAME\=iphoneos
    export PLATFORM_PREFERRED_ARCH\=arm64
    export PLATFORM_PRODUCT_BUILD_VERSION\=24A430
    export PLATFORM_REQUIRES_SWIFT_AUTOLINK_EXTRACT\=NO
    export PLATFORM_REQUIRES_SWIFT_MODULEWRAP\=NO
    export PLATFORM_USES_DSYMS\=YES
    export PLIST_FILE_OUTPUT_FORMAT\=binary
    export PODS_BUILD_DIR\=/Users/gumclaw/work/gp2974-device/ios/build/dd/Build/Products
    export PODS_CONFIGURATION_BUILD_DIR\=/Users/gumclaw/work/gp2974-device/ios/build/dd/Build/Products/Release-iphoneos
    export PODS_DEVELOPMENT_LANGUAGE\=en
    export PODS_ROOT\=/Users/gumclaw/work/gp2974-device/ios/Pods
    export PODS_TARGET_SRCROOT\=/Users/gumclaw/work/gp2974-device/ios/Pods/../../node_modules/react-native/React
    export PODS_XCFRAMEWORKS_BUILD_DIR\=/Users/gumclaw/work/gp2974-device/ios/build/dd/Build/Products/Release-iphoneos/XCFrameworkIntermediates
    export PRECOMPS_INCLUDE_HEADERS_FROM_BUILT_PRODUCTS_DIR\=YES
    export PRECOMP_DESTINATION_DIR\=/Users/gumclaw/work/gp2974-device/ios/build/dd/Build/Intermediates.noindex/Pods.build/Release-iphoneos/React-RCTFBReactNativeSpec.build/PrefixHeaders
    export PRELINK_DEPENDENCY_INFO_FILE\=/Users/gumclaw/work/gp2974-device/ios/build/dd/Build/Intermediates.noindex/Pods.build/Release-iphoneos/React-RCTFBReactNativeSpec.build/Objects-normal/undefined_arch/React-RCTFBReactNativeSpec_prelink_dependency_info.dat
    export PROCESSED_INFOPLIST_PATH\=/Users/gumclaw/work/gp2974-device/ios/build/dd/Build/Intermediates.noindex/Pods.build/Release-iphoneos/React-RCTFBReactNativeSpec.build/Objects-normal/undefined_arch/Processed-Info.plist
    export PRODUCT_BUNDLE_IDENTIFIER\=org.cocoapods.React-RCTFBReactNativeSpec
    export PRODUCT_MODULE_NAME\=React_RCTFBReactNativeSpec
    export PRODUCT_NAME\=React-RCTFBReactNativeSpec
    export PRODUCT_SETTINGS_PATH\=
    export PROFILING_CODE\=NO
    export PROJECT\=Pods
    export PROJECT_DERIVED_FILE_DIR\=/Users/gumclaw/work/gp2974-device/ios/build/dd/Build/Intermediates.noindex/Pods.build/DerivedSources
    export PROJECT_DIR\=/Users/gumclaw/work/gp2974-device/ios/Pods
    export PROJECT_FILE_PATH\=/Users/gumclaw/work/gp2974-device/ios/Pods/Pods.xcodeproj
    export PROJECT_GUID\=8699adb1dd336b26511df848a716bd42
    export PROJECT_NAME\=Pods
    export PROJECT_TEMP_DIR\=/Users/gumclaw/work/gp2974-device/ios/build/dd/Build/Intermediates.noindex/Pods.build
    export PROJECT_TEMP_ROOT\=/Users/gumclaw/work/gp2974-device/ios/build/dd/Build/Intermediates.noindex
    export REACT_NATIVE_PATH\=/Users/gumclaw/work/gp2974-device/ios/Pods/../../node_modules/react-native
    export RECOMMENDED_IPHONEOS_DEPLOYMENT_TARGET\=17.0
    export RECURSIVE_SEARCH_PATHS_FOLLOW_SYMLINKS\=YES
    export REMOVE_CVS_FROM_RESOURCES\=YES
    export REMOVE_GIT_FROM_RESOURCES\=YES
    export REMOVE_HEADERS_FROM_EMBEDDED_BUNDLES\=YES
    export REMOVE_HG_FROM_RESOURCES\=YES
    export REMOVE_STATIC_EXECUTABLES_FROM_EMBEDDED_BUNDLES\=YES
    export REMOVE_SVN_FROM_RESOURCES\=YES
    export RESCHEDULE_INDEPENDENT_HEADERS_PHASES\=YES
    export REZ_COLLECTOR_DIR\=/Users/gumclaw/work/gp2974-device/ios/build/dd/Build/Intermediates.noindex/Pods.build/Release-iphoneos/React-RCTFBReactNativeSpec.build/ResourceManagerResources
    export REZ_OBJECTS_DIR\=/Users/gumclaw/work/gp2974-device/ios/build/dd/Build/Intermediates.noindex/Pods.build/Release-iphoneos/React-RCTFBReactNativeSpec.build/ResourceManagerResources/Objects
    export RPATH_ORIGIN\=@loader_path
    export RUNTIME_EXCEPTION_ALLOW_DYLD_ENVIRONMENT_VARIABLES\=NO
    export RUNTIME_EXCEPTION_ALLOW_JIT\=NO
    export RUNTIME_EXCEPTION_ALLOW_UNSIGNED_EXECUTABLE_MEMORY\=NO
    export RUNTIME_EXCEPTION_DEBUGGING_TOOL\=NO
    export RUNTIME_EXCEPTION_DISABLE_EXECUTABLE_PAGE_PROTECTION\=NO
    export RUNTIME_EXCEPTION_DISABLE_LIBRARY_VALIDATION\=NO
    export SCANNING_PCM_KEEP_CACHE_DIRECTORY\=YES
    export SCAN_ALL_SOURCE_FILES_FOR_INCLUDES\=NO
    export SCRIPT_INPUT_FILE_COUNT\=0
    export SCRIPT_INPUT_FILE_LIST_COUNT\=0
    export SCRIPT_OUTPUT_FILE_COUNT\=0
    export SCRIPT_OUTPUT_FILE_LIST_COUNT\=0
    export SDKROOT\=/Applications/Xcode.app/Contents/Developer/Platforms/iPhoneOS.platform/Developer/SDKs/iPhoneOS27.0.sdk
    export SDK_DIR\=/Applications/Xcode.app/Contents/Developer/Platforms/iPhoneOS.platform/Developer/SDKs/iPhoneOS27.0.sdk
    export SDK_DIR_iphoneos\=/Applications/Xcode.app/Contents/Developer/Platforms/iPhoneOS.platform/Developer/SDKs/iPhoneOS27.0.sdk
    export SDK_DIR_iphoneos27_0\=/Applications/Xcode.app/Contents/Developer/Platforms/iPhoneOS.platform/Developer/SDKs/iPhoneOS27.0.sdk
    export SDK_NAME\=iphoneos27.0
    export SDK_NAMES\=iphoneos27.0
    export SDK_PRODUCT_BUILD_VERSION\=24A430
    export SDK_STAT_CACHE_DIR\=/Users/gumclaw/work/gp2974-device/ios/build/dd
    export SDK_STAT_CACHE_ENABLE\=YES
    export SDK_STAT_CACHE_PATH\=/Users/gumclaw/work/gp2974-device/ios/build/dd/SDKStatCaches.noindex/iphoneos27.0-24A430-6c78b3cbc238196c85e1bf6c792c5915.sdkstatcache
    export SDK_VERSION\=27.0
    export SDK_VERSION_ACTUAL\=270000
    export SDK_VERSION_MAJOR\=270000
    export SDK_VERSION_MINOR\=270000
    export SED\=/usr/bin/sed
    export SEPARATE_STRIP\=NO
    export SEPARATE_SYMBOL_EDIT\=NO
    export SET_DIR_MODE_OWNER_GROUP\=YES
    export SET_FILE_MODE_OWNER_GROUP\=NO
    export SHALLOW_BUNDLE\=NO
    export SHARED_DERIVED_FILE_DIR\=/Users/gumclaw/work/gp2974-device/ios/build/dd/Build/Products/Release-iphoneos/React-RCTFBReactNativeSpec/DerivedSources
    export SHARED_PRECOMPS_DIR\=/Users/gumclaw/work/gp2974-device/ios/build/dd/Build/Intermediates.noindex/PrecompiledHeaders
    export SKIP_COPYING_TEST_FRAMEWORKS\=YES
    export SKIP_INSTALL\=YES
    export SKIP_MERGEABLE_LIBRARY_BUNDLE_HOOK\=NO
    export SOURCE_ROOT\=/Users/gumclaw/work/gp2974-device/ios/Pods
    export SRCROOT\=/Users/gumclaw/work/gp2974-device/ios/Pods
    export STRINGSDATA_DIR\=/Users/gumclaw/work/gp2974-device/ios/build/dd/Build/Intermediates.noindex/Pods.build/Release-iphoneos/React-RCTFBReactNativeSpec.build/Objects-normal/undefined_arch
    export STRINGSDATA_ROOT\=/Users/gumclaw/work/gp2974-device/ios/build/dd/Build/Intermediates.noindex/Pods.build/Release-iphoneos/React-RCTFBReactNativeSpec.build
    export STRINGS_FILE_INFOPLIST_RENAME\=YES
    export STRINGS_FILE_OUTPUT_ENCODING\=binary
    export STRING_CATALOG_GENERATE_SYMBOLS\=NO
    export STRIP_BITCODE_FROM_COPIED_FILES\=YES
    export STRIP_INSTALLED_PRODUCT\=NO
    export STRIP_STYLE\=all
    export STRIP_SWIFT_SYMBOLS\=YES
    export SUPPORTED_DEVICE_FAMILIES\=1,2
    export SUPPORTED_PLATFORMS\=iphoneos\ iphonesimulator
    export SUPPORTS_MACCATALYST\=YES
    export SUPPORTS_MAC_DESIGNED_FOR_IPHONE_IPAD\=YES
    export SUPPORTS_TEXT_BASED_API\=NO
    export SUPPORTS_XR_DESIGNED_FOR_IPHONE_IPAD\=YES
    export SUPPRESS_WARNINGS\=NO
    export SWIFTC_PASS_SDKROOT\=YES
    export SWIFTC_PASS_SYSROOT\=NO
    export SWIFT_COLOR_DIAGNOSTICS\=NO
    export SWIFT_COMPILATION_MODE\=wholemodule
    export SWIFT_EMIT_CONST_VALUE_PROTOCOLS\=AnyResolverProviding\ AppEntity\ AppEnum\ AppExtension\ AppIntent\ AppIntentsPackage\ AppShortcutProviding\ AppShortcutsProvider\ AppUnionValue\ AppUnionValueCasesProviding\ DynamicOptionsProvider\ EntityQuery\ ExtensionPointDefining\ IntentValueQuery\ Resolver\ TransientEntity\ _AssistantIntentsProvider\ _GenerativeFunctionExtractable\ _IntentValueRepresentable
    export SWIFT_EMIT_LOC_STRINGS\=NO
    export SWIFT_ENABLE_EXPLICIT_MODULES\=NO
    export SWIFT_OPTIMIZATION_LEVEL\=-O
    export SWIFT_PLATFORM_TARGET_PREFIX\=ios
    export SWIFT_RESPONSE_FILE_PATH_normal_arm64\=/Users/gumclaw/work/gp2974-device/ios/build/dd/Build/Intermediates.noindex/Pods.build/Release-iphoneos/React-RCTFBReactNativeSpec.build/Objects-normal/arm64/React-RCTFBReactNativeSpec.SwiftFileList
    export SWIFT_VERSION\=5.0
    export SYMROOT\=/Users/gumclaw/work/gp2974-device/ios/build/dd/Build/Products
    export SYSROOT\=/Applications/Xcode.app/Contents/Developer/Platforms/iPhoneOS.platform/Developer/SDKs/iPhoneOS27.0.sdk
    export SYSTEM_ADMIN_APPS_DIR\=/Applications/Utilities
    export SYSTEM_APPS_DIR\=/Applications
    export SYSTEM_CORE_SERVICES_DIR\=/System/Library/CoreServices
    export SYSTEM_DEMOS_DIR\=/Applications/Extras
    export SYSTEM_DEVELOPER_APPS_DIR\=/Applications/Xcode.app/Contents/Developer/Applications
    export SYSTEM_DEVELOPER_BIN_DIR\=/Applications/Xcode.app/Contents/Developer/usr/bin
    export SYSTEM_DEVELOPER_DEMOS_DIR\=/Applications/Xcode.app/Contents/Developer/Applications/Utilities/Built\ Examples
    export SYSTEM_DEVELOPER_DIR\=/Applications/Xcode.app/Contents/Developer
    export SYSTEM_DEVELOPER_DOC_DIR\=/Applications/Xcode.app/Contents/Developer/ADC\ Reference\ Library
    export SYSTEM_DEVELOPER_GRAPHICS_TOOLS_DIR\=/Applications/Xcode.app/Contents/Developer/Applications/Graphics\ Tools
    export SYSTEM_DEVELOPER_JAVA_TOOLS_DIR\=/Applications/Xcode.app/Contents/Developer/Applications/Java\ Tools
    export SYSTEM_DEVELOPER_PERFORMANCE_TOOLS_DIR\=/Applications/Xcode.app/Contents/Developer/Applications/Performance\ Tools
    export SYSTEM_DEVELOPER_RELEASENOTES_DIR\=/Applications/Xcode.app/Contents/Developer/ADC\ Reference\ Library/releasenotes
    export SYSTEM_DEVELOPER_TOOLS\=/Applications/Xcode.app/Contents/Developer/Tools
    export SYSTEM_DEVELOPER_TOOLS_DOC_DIR\=/Applications/Xcode.app/Contents/Developer/ADC\ Reference\ Library/documentation/DeveloperTools
    export SYSTEM_DEVELOPER_TOOLS_RELEASENOTES_DIR\=/Applications/Xcode.app/Contents/Developer/ADC\ Reference\ Library/releasenotes/DeveloperTools
    export SYSTEM_DEVELOPER_USR_DIR\=/Applications/Xcode.app/Contents/Developer/usr
    export SYSTEM_DEVELOPER_UTILITIES_DIR\=/Applications/Xcode.app/Contents/Developer/Applications/Utilities
    export SYSTEM_DEXT_INSTALL_PATH\=/System/Library/DriverExtensions
    export SYSTEM_DOCUMENTATION_DIR\=/Library/Documentation
    export SYSTEM_KEXT_INSTALL_PATH\=/System/Library/Extensions
    export SYSTEM_LIBRARY_DIR\=/System/Library
    export TAPI_DEMANGLE\=YES
    export TAPI_ENABLE_PROJECT_HEADERS\=NO
    export TAPI_LANGUAGE\=objective-c
    export TAPI_LANGUAGE_STANDARD\=compiler-default
    export TAPI_USE_SRCROOT\=YES
    export TAPI_VERIFY_MODE\=Pedantic
    export TARGETED_DEVICE_FAMILY\=1,2
    export TARGETNAME\=React-RCTFBReactNativeSpec
    export TARGET_BUILD_DIR\=/Users/gumclaw/work/gp2974-device/ios/build/dd/Build/Products/Release-iphoneos/React-RCTFBReactNativeSpec
    export TARGET_DEVICE_IDENTIFIER\=00008150-000E3C2A0C85401C
    export TARGET_DEVICE_MODEL\=iPhone18,3
    export TARGET_DEVICE_OS_VERSION\=26.4.2
    export TARGET_DEVICE_PLATFORM_NAME\=iphoneos
    export TARGET_NAME\=React-RCTFBReactNativeSpec
    export TARGET_TEMP_DIR\=/Users/gumclaw/work/gp2974-device/ios/build/dd/Build/Intermediates.noindex/Pods.build/Release-iphoneos/React-RCTFBReactNativeSpec.build
    export TEMP_DIR\=/Users/gumclaw/work/gp2974-device/ios/build/dd/Build/Intermediates.noindex/Pods.build/Release-iphoneos/React-RCTFBReactNativeSpec.build
    export TEMP_FILES_DIR\=/Users/gumclaw/work/gp2974-device/ios/build/dd/Build/Intermediates.noindex/Pods.build/Release-iphoneos/React-RCTFBReactNativeSpec.build
    export TEMP_FILE_DIR\=/Users/gumclaw/work/gp2974-device/ios/build/dd/Build/Intermediates.noindex/Pods.build/Release-iphoneos/React-RCTFBReactNativeSpec.build
    export TEMP_ROOT\=/Users/gumclaw/work/gp2974-device/ios/build/dd/Build/Intermediates.noindex
    export TEMP_SANDBOX_DIR\=/Users/gumclaw/work/gp2974-device/ios/build/dd/Build/Intermediates.noindex/TemporaryTaskSandboxes
    export TEST_FRAMEWORK_SEARCH_PATHS\=\ /Applications/Xcode.app/Contents/Developer/Platforms/iPhoneOS.platform/Developer/Library/Frameworks\ /Applications/Xcode.app/Contents/Developer/Platforms/iPhoneOS.platform/Developer/SDKs/iPhoneOS27.0.sdk/Developer/Library/Frameworks
    export TEST_LIBRARY_SEARCH_PATHS\=\ /Applications/Xcode.app/Contents/Developer/Platforms/iPhoneOS.platform/Developer/usr/lib
    export TOOLCHAINS\=com.apple.dt.toolchain.XcodeDefault
    export TOOLCHAIN_DIR\=/Applications/Xcode.app/Contents/Developer/Toolchains/XcodeDefault.xctoolchain
    export TREAT_MISSING_BASELINES_AS_TEST_FAILURES\=NO
    export TREAT_MISSING_SCRIPT_PHASE_OUTPUTS_AS_ERRORS\=NO
    export UID\=503
    export UNINSTALLED_PRODUCTS_DIR\=/Users/gumclaw/work/gp2974-device/ios/build/dd/Build/Intermediates.noindex/UninstalledProducts
    export UNSTRIPPED_PRODUCT\=NO
    export USER\=gumclaw
    export USER_APPS_DIR\=/Users/gumclaw/Applications
    export USER_LIBRARY_DIR\=/Users/gumclaw/Library
    export USE_DYNAMIC_NO_PIC\=YES
    export USE_HEADERMAP\=NO
    export USE_HEADER_SYMLINKS\=NO
    export USE_HERMES\=true
    export USE_RECURSIVE_SCRIPT_INPUTS_IN_SCRIPT_PHASES\=YES
    export VALIDATE_DEVELOPMENT_ASSET_PATHS\=YES_ERROR
    export VALIDATE_PRODUCT\=YES
    export VALID_ARCHS\=arm64\ arm64e\ arm64e.x1\ armv7\ armv7s
    export VERBOSE_PBXCP\=NO
    export VERSION_INFO_BUILDER\=gumclaw
    export VERSION_INFO_FILE\=React-RCTFBReactNativeSpec_vers.c
    export VERSION_INFO_STRING\=\"@\(\#\)PROGRAM:React-RCTFBReactNativeSpec\ \ PROJECT:Pods-\"
    export WORKSPACE_DIR\=/Users/gumclaw/work/gp2974-device/ios
    export WRAP_ASSET_PACKS_IN_SEPARATE_DIRECTORIES\=NO
    export XCODE_APP_SUPPORT_DIR\=/Applications/Xcode.app/Contents/Developer/Library/Xcode
    export XCODE_PRODUCT_BUILD_VERSION\=27A266a
    export XCODE_VERSION_ACTUAL\=2700
    export XCODE_VERSION_MAJOR\=2700
    export XCODE_VERSION_MINOR\=2700
    export XPCSERVICES_FOLDER_PATH\=/XPCServices
    export YACC\=yacc
    export _DISCOVER_COMMAND_LINE_LINKER_INPUTS\=YES
    export _DISCOVER_COMMAND_LINE_LINKER_INPUTS_INCLUDE_WL\=YES
    export _LD_MULTIARCH\=YES
    export _SWIFT_EXPLICIT_MODULES_ALLOW_CXX_INTEROP\=NO
    export __ARCHS__\=arm64
    export __DIAGNOSE_DEPRECATED_ARCHS\=YES
    export __DIAGNOSE_INVALID_DEPLOYMENT_TARGET_AS_ERROR\=YES
    export __ORIGINAL_SDK_DEFINED_LLVM_TARGET_TRIPLE_SYS\=ios
    export arch\=undefined_arch
    export variant\=normal
    /bin/sh -c /Users/gumclaw/work/gp2974-device/ios/build/dd/Build/Intermediates.noindex/Pods.build/Release-iphoneos/React-RCTFBReactNativeSpec.build/Script-46EB2E000320E0.sh
Checking whether Codegen has run...

ProcessInfoPlistFile /Users/gumclaw/work/gp2974-device/ios/build/dd/Build/Products/Release-iphoneos/ExpoWidgets/ExpoWidgets.bundle/Info.plist /Users/gumclaw/work/gp2974-device/ios/Pods/Target\ Support\ Files/ExpoWidgets/ResourceBundle-ExpoWidgets-ExpoWidgets-Info.plist (in target 'ExpoWidgets-ExpoWidgets' from project 'Pods')
    cd /Users/gumclaw/work/gp2974-device/ios/Pods
    builtin-infoPlistUtility /Users/gumclaw/work/gp2974-device/ios/Pods/Target\ Support\ Files/ExpoWidgets/ResourceBundle-ExpoWidgets-ExpoWidgets-Info.plist -producttype com.apple.product-type.bundle -expandbuildsettings -format binary -platform iphoneos -requiredArchitecture arm64 -o /Users/gumclaw/work/gp2974-device/ios/build/dd/Build/Products/Release-iphoneos/ExpoWidgets/ExpoWidgets.bundle/Info.plist

note: Run script build phase '[CP-User] Prepare ExpoWidgets Resources' will be run during every build because the option to run the script phase "Based on dependency analysis" is unchecked. (in target 'ExpoWidgets' from project 'Pods')
PhaseScriptExecution [CP-User]\ Prepare\ ExpoWidgets\ Resources /Users/gumclaw/work/gp2974-device/ios/build/dd/Build/Intermediates.noindex/Pods.build/Release-iphoneos/ExpoWidgets.build/Script-46EB2E000320B0.sh (in target 'ExpoWidgets' from project 'Pods')
    cd /Users/gumclaw/work/gp2974-device/ios/Pods
    export ACTION\=build
    export AD_HOC_CODE_SIGNING_ALLOWED\=NO
    export ALLOW_BUILD_REQUEST_OVERRIDES\=NO
    export ALLOW_TARGET_PLATFORM_SPECIALIZATION\=NO
    export ALTERNATE_GROUP\=staff
    export ALTERNATE_MODE\=u+w,go-w,a+rX
    export ALTERNATE_OWNER\=gumclaw
    export ALTERNATIVE_DISTRIBUTION_WEB\=NO
    export ALWAYS_EMBED_SWIFT_STANDARD_LIBRARIES\=NO
    export ALWAYS_SEARCH_USER_PATHS\=NO
    export ALWAYS_USE_SEPARATE_HEADERMAPS\=NO
    export ANDROID_DEPLOYMENT_TARGET\=21.0
    export APPLICATION_EXTENSION_API_ONLY\=YES
    export APPLY_RULES_IN_COPY_FILES\=NO
    export APPLY_RULES_IN_COPY_HEADERS\=NO
    export APP_SHORTCUTS_ENABLE_FLEXIBLE_MATCHING\=YES
    export ARCHS\=arm64
    export ARCHS_BASE\=arm64
    export ARCHS_STANDARD\=arm64
    export ARCHS_STANDARD_32_64_BIT\=armv7\ arm64
    export ARCHS_STANDARD_32_BIT\=armv7
    export ARCHS_STANDARD_64_BIT\=arm64
    export ARCHS_STANDARD_INCLUDING_64_BIT\=arm64
    export ARCHS_UNIVERSAL_IPHONE_OS\=armv7\ arm64
    export ARCH_COHORT_arm64e\=arm64e\ arm64e.x1
    export ASSETCATALOG_FILTER_FOR_DEVICE_MODEL\=iPhone18,3
    export ASSETCATALOG_FILTER_FOR_DEVICE_OS_VERSION\=26.4.2
    export ASSETCATALOG_FILTER_FOR_THINNING_DEVICE_CONFIGURATION\=iPhone18,3
    export AUTOMATICALLY_MERGE_DEPENDENCIES\=NO
    export AUTOMATION_APPLE_EVENTS\=NO
    export AVAILABLE_PLATFORMS\=android\ appletvos\ appletvsimulator\ driverkit\ freebsd\ iphoneos\ iphonesimulator\ linux\ macosx\ none\ openbsd\ qnx\ staticlinux\ watchos\ watchsimulator\ webassembly\ xros\ xrsimulator
    export BUILD_ACTIVE_RESOURCES_ONLY\=YES
    export BUILD_COMPONENTS\=headers\ build
    export BUILD_DIR\=/Users/gumclaw/work/gp2974-device/ios/build/dd/Build/Products
    export BUILD_LIBRARY_FOR_DISTRIBUTION\=NO
    export BUILD_ONLY_KNOWN_LOCALIZATIONS\=NO
    export BUILD_ROOT\=/Users/gumclaw/work/gp2974-device/ios/build/dd/Build/Products
    export BUILD_STYLE\=
    export BUILD_VARIANTS\=normal
    export BUILT_PRODUCTS_DIR\=/Users/gumclaw/work/gp2974-device/ios/build/dd/Build/Products/Release-iphoneos/ExpoWidgets
    export BUNDLE_CONTENTS_FOLDER_PATH_deep\=Contents/
    export BUNDLE_EXECUTABLE_FOLDER_NAME_deep\=MacOS
    export BUNDLE_EXTENSIONS_FOLDER_PATH\=Extensions
    export BUNDLE_FORMAT\=shallow
    export BUNDLE_FRAMEWORKS_FOLDER_PATH\=Frameworks
    export BUNDLE_PLUGINS_FOLDER_PATH\=PlugIns
    export BUNDLE_PRIVATE_HEADERS_FOLDER_PATH\=PrivateHeaders
    export BUNDLE_PUBLIC_HEADERS_FOLDER_PATH\=Headers
    export CACHE_ROOT\=/var/folders/b8/m3wdk1md2zx4zcr6xhkd2k2m0000gq/C/com.apple.DeveloperTools/27.0-27A266a/Xcode
    export CCHROOT\=/var/folders/b8/m3wdk1md2zx4zcr6xhkd2k2m0000gq/C/com.apple.DeveloperTools/27.0-27A266a/Xcode
    export CHMOD\=/bin/chmod
    export CHOWN\=chown
    export CLANG_ANALYZER_LOCALIZABILITY_NONLOCALIZED\=YES
    export CLANG_ANALYZER_NONNULL\=YES
    export CLANG_ANALYZER_NUMBER_OBJECT_CONVERSION\=YES_AGGRESSIVE
    export CLANG_CACHE_FINE_GRAINED_OUTPUTS\=YES
    export CLANG_CXX_LANGUAGE_STANDARD\=c++20
    export CLANG_CXX_LIBRARY\=libc++
    export CLANG_ENABLE_EXPLICIT_MODULES\=YES
    export CLANG_ENABLE_MODULES\=YES
    export CLANG_ENABLE_MODULE_DEBUGGING\=NO
    export CLANG_ENABLE_OBJC_ARC\=YES
    export CLANG_ENABLE_OBJC_WEAK\=NO
    export CLANG_MODULES_BUILD_SESSION_FILE\=/Users/gumclaw/work/gp2974-device/ios/build/dd/ModuleCache.noindex/Session.modulevalidation
    export CLANG_WARN_BLOCK_CAPTURE_AUTORELEASING\=YES
    export CLANG_WARN_BOOL_CONVERSION\=YES
    export CLANG_WARN_COMMA\=YES
    export CLANG_WARN_CONSTANT_CONVERSION\=YES
    export CLANG_WARN_DEPRECATED_OBJC_IMPLEMENTATIONS\=YES
    export CLANG_WARN_DIRECT_OBJC_ISA_USAGE\=YES_ERROR
    export CLANG_WARN_DOCUMENTATION_COMMENTS\=YES
    export CLANG_WARN_EMPTY_BODY\=YES
    export CLANG_WARN_ENUM_CONVERSION\=YES
    export CLANG_WARN_INFINITE_RECURSION\=YES
    export CLANG_WARN_INT_CONVERSION\=YES
    export CLANG_WARN_NON_LITERAL_NULL_CONVERSION\=YES
    export CLANG_WARN_OBJC_IMPLICIT_RETAIN_SELF\=YES
    export CLANG_WARN_OBJC_LITERAL_CONVERSION\=YES
    export CLANG_WARN_OBJC_ROOT_CLASS\=YES_ERROR
    export CLANG_WARN_QUOTED_INCLUDE_IN_FRAMEWORK_HEADER\=NO
    export CLANG_WARN_RANGE_LOOP_ANALYSIS\=YES
    export CLANG_WARN_STRICT_PROTOTYPES\=YES
    export CLANG_WARN_SUSPICIOUS_MOVE\=YES
    export CLANG_WARN_UNGUARDED_AVAILABILITY\=YES_AGGRESSIVE
    export CLANG_WARN_UNREACHABLE_CODE\=YES
    export CLANG_WARN__DUPLICATE_METHOD_MATCH\=YES
    export CLASS_FILE_DIR\=/Users/gumclaw/work/gp2974-device/ios/build/dd/Build/Intermediates.noindex/Pods.build/Release-iphoneos/ExpoWidgets.build/JavaClasses
    export CLEAN_PRECOMPS\=YES
    export CLONE_HEADERS\=NO
    export CODESIGNING_FOLDER_PATH\=/Users/gumclaw/work/gp2974-device/ios/build/dd/Build/Products/Release-iphoneos/ExpoWidgets/libExpoWidgets.a
    export CODE_SIGNING_ALLOWED\=NO
    export CODE_SIGNING_REQUIRED\=YES
    export CODE_SIGN_CONTEXT_CLASS\=XCiPhoneOSCodeSignContext
    export CODE_SIGN_INJECT_BASE_ENTITLEMENTS\=YES
    export COLOR_DIAGNOSTICS\=NO
    export COMBINE_HIDPI_IMAGES\=NO
    export COMPILATION_CACHE_CAS_PATH\=/Users/gumclaw/work/gp2974-device/ios/build/dd/CompilationCache.noindex
    export COMPILATION_CACHE_KEEP_CAS_DIRECTORY\=YES
    export COMPILER_INDEX_STORE_ENABLE\=Default
    export COMPOSITE_SDK_DIRS\=/Users/gumclaw/work/gp2974-device/ios/build/dd/Build/Intermediates.noindex/CompositeSDKs
    export COMPRESS_PNG_FILES\=YES
    export CONFIGURATION\=Release
    export CONFIGURATION_BUILD_DIR\=/Users/gumclaw/work/gp2974-device/ios/build/dd/Build/Products/Release-iphoneos/ExpoWidgets
    export CONFIGURATION_TEMP_DIR\=/Users/gumclaw/work/gp2974-device/ios/build/dd/Build/Intermediates.noindex/Pods.build/Release-iphoneos
    export COPYING_PRESERVES_HFS_DATA\=NO
    export COPY_HEADERS_RUN_UNIFDEF\=NO
    export COPY_PHASE_STRIP\=NO
    export CORRESPONDING_SIMULATOR_PLATFORM_DIR\=/Applications/Xcode.app/Contents/Developer/Platforms/iPhoneSimulator.platform
    export CORRESPONDING_SIMULATOR_PLATFORM_NAME\=iphonesimulator
    export CORRESPONDING_SIMULATOR_SDK_DIR\=/Applications/Xcode.app/Contents/Developer/Platforms/iPhoneSimulator.platform/Developer/SDKs/iPhoneSimulator27.0.sdk
    export CORRESPONDING_SIMULATOR_SDK_NAME\=iphonesimulator27.0
    export CP\=/bin/cp
    export CREATE_INFOPLIST_SECTION_IN_BINARY\=NO
    export CURRENT_ARCH\=undefined_arch
    export CURRENT_VARIANT\=normal
    export DEAD_CODE_STRIPPING\=YES
    export DEBUGGING_SYMBOLS\=YES
    export DEBUG_INFORMATION_FORMAT\=dwarf-with-dsym
    export DEBUG_INFORMATION_VERSION\=compiler-default
    export DEFAULT_COMPILER\=com.apple.compilers.llvm.clang.1_0
    export DEFAULT_DEXT_INSTALL_PATH\=/System/Library/DriverExtensions
    export DEFAULT_KEXT_INSTALL_PATH\=/System/Library/Extensions
    export DEFINES_MODULE\=YES
    export DEPLOYMENT_LOCATION\=NO
    export DEPLOYMENT_POSTPROCESSING\=NO
    export DEPLOYMENT_TARGET_SETTING_NAME\=IPHONEOS_DEPLOYMENT_TARGET
    export DEPLOYMENT_TARGET_SUGGESTED_VALUES\=15.0\ 15.1\ 15.2\ 15.3\ 15.4\ 15.5\ 15.6\ 16.0\ 16.1\ 16.2\ 16.3\ 16.4\ 16.5\ 16.6\ 17.0\ 17.1\ 17.2\ 17.3\ 17.4\ 17.5\ 17.6\ 18.0\ 18.1\ 18.2\ 18.3\ 18.4\ 18.5\ 18.6\ 26.0\ 26.2\ 26.3\ 26.4\ 26.5\ 26.6\ 27.0
    export DERIVED_FILES_DIR\=/Users/gumclaw/work/gp2974-device/ios/build/dd/Build/Intermediates.noindex/Pods.build/Release-iphoneos/ExpoWidgets.build/DerivedSources
    export DERIVED_FILE_DIR\=/Users/gumclaw/work/gp2974-device/ios/build/dd/Build/Intermediates.noindex/Pods.build/Release-iphoneos/ExpoWidgets.build/DerivedSources
    export DERIVED_SOURCES_DIR\=/Users/gumclaw/work/gp2974-device/ios/build/dd/Build/Intermediates.noindex/Pods.build/Release-iphoneos/ExpoWidgets.build/DerivedSources
    export DERIVE_MACCATALYST_PRODUCT_BUNDLE_IDENTIFIER\=NO
    export DEVELOPER_APPLICATIONS_DIR\=/Applications/Xcode.app/Contents/Developer/Applications
    export DEVELOPER_BIN_DIR\=/Applications/Xcode.app/Contents/Developer/usr/bin
    export DEVELOPER_DIR\=/Applications/Xcode.app/Contents/Developer
    export DEVELOPER_FRAMEWORKS_DIR\=/Applications/Xcode.app/Contents/Developer/Library/Frameworks
    export DEVELOPER_FRAMEWORKS_DIR_QUOTED\=/Applications/Xcode.app/Contents/Developer/Library/Frameworks
    export DEVELOPER_LIBRARY_DIR\=/Applications/Xcode.app/Contents/Developer/Library
    export DEVELOPER_SDK_DIR\=/Applications/Xcode.app/Contents/Developer/Platforms/MacOSX.platform/Developer/SDKs
    export DEVELOPER_TOOLS_DIR\=/Applications/Xcode.app/Contents/Developer/Tools
    export DEVELOPER_USR_DIR\=/Applications/Xcode.app/Contents/Developer/usr
    export DEVELOPMENT_LANGUAGE\=en
    export DEVELOPMENT_TEAM\=66LJACJ2U7
    export DIAGNOSE_MISSING_TARGET_DEPENDENCIES\=YES
    export DIFF\=/usr/bin/diff
    export DONT_GENERATE_INFOPLIST_FILE\=NO
    export DSTROOT\=/tmp/Pods.dst
    export DT_TOOLCHAIN_DIR\=/Applications/Xcode.app/Contents/Developer/Toolchains/XcodeDefault.xctoolchain
    export DWARF_DSYM_FILE_NAME\=libExpoWidgets.a.dSYM
    export DWARF_DSYM_FILE_SHOULD_ACCOMPANY_PRODUCT\=NO
    export DWARF_DSYM_FOLDER_PATH\=/Users/gumclaw/work/gp2974-device/ios/build/dd/Build/Products/Release-iphoneos/ExpoWidgets
    export DYNAMIC_LIBRARY_EXTENSION\=dylib
    export EAGER_COMPILATION_ALLOW_SCRIPTS\=NO
    export EAGER_LINKING\=NO
    export EFFECTIVE_PLATFORM_NAME\=-iphoneos
    export EFFECTIVE_SWIFT_VERSION\=5
    export EMBEDDED_CONTENT_CONTAINS_SWIFT\=NO
    export EMBEDDED_PROFILE_NAME\=embedded.mobileprovision
    export EMBED_ASSET_PACKS_IN_PRODUCT_BUNDLE\=NO
    export ENABLE_APP_SANDBOX\=NO
    export ENABLE_CODE_COVERAGE\=YES
    export ENABLE_COHORT_ARCHS\=YES
    export ENABLE_CPLUSPLUS_BOUNDS_SAFE_BUFFERS\=NO
    export ENABLE_C_BOUNDS_SAFETY\=NO
    export ENABLE_DEBUG_DYLIB\=NO
    export ENABLE_DEFAULT_HEADER_SEARCH_PATHS\=YES
    export ENABLE_DEFAULT_SEARCH_PATHS\=YES
    export ENABLE_ENHANCED_SECURITY\=NO
    export ENABLE_HARDENED_RUNTIME\=NO
    export ENABLE_HARDWARE_CHECKED_POINTER_ARITHMETIC_SLICE\=NO
    export ENABLE_HEADER_DEPENDENCIES\=YES
    export ENABLE_INCOMING_NETWORK_CONNECTIONS\=NO
    export ENABLE_MODULE_VERIFIER\=NO
    export ENABLE_NS_ASSERTIONS\=NO
    export ENABLE_ON_DEMAND_RESOURCES\=NO
    export ENABLE_OUTGOING_NETWORK_CONNECTIONS\=NO
    export ENABLE_POINTER_AUTHENTICATION\=NO
    export ENABLE_PREVIEWS\=NO
    export ENABLE_RESOURCE_ACCESS_AUDIO_INPUT\=NO
    export ENABLE_RESOURCE_ACCESS_BLUETOOTH\=NO
    export ENABLE_RESOURCE_ACCESS_CALENDARS\=NO
    export ENABLE_RESOURCE_ACCESS_CAMERA\=NO
    export ENABLE_RESOURCE_ACCESS_CONTACTS\=NO
    export ENABLE_RESOURCE_ACCESS_LOCATION\=NO
    export ENABLE_RESOURCE_ACCESS_PHOTO_LIBRARY\=NO
    export ENABLE_RESOURCE_ACCESS_PRINTING\=NO
    export ENABLE_RESOURCE_ACCESS_USB\=NO
    export ENABLE_SDK_IMPORTS\=NO
    export ENABLE_SECURITY_COMPILER_WARNINGS\=NO
    export ENABLE_STRICT_OBJC_MSGSEND\=YES
    export ENABLE_TESTABILITY\=NO
    export ENABLE_TESTING_SEARCH_PATHS\=NO
    export ENABLE_USER_SCRIPT_SANDBOXING\=NO
    export ENABLE_XOJIT_PREVIEWS\=NO
    export ENFORCE_VALID_ARCHS\=YES
    export ENTITLEMENTS_DESTINATION\=Signature
    export ENTITLEMENTS_REQUIRED\=YES
    export EXCLUDED_INSTALLSRC_SUBDIRECTORY_PATTERNS\=.DS_Store\ .svn\ .git\ .hg\ CVS
    export EXCLUDED_RECURSIVE_SEARCH_PATH_SUBDIRECTORIES\=\*.nib\ \*.lproj\ \*.framework\ \*.gch\ \*.xcode\*\ \*.xcassets\ \*.icon\ \(\*\)\ .DS_Store\ CVS\ .svn\ .git\ .hg\ \*.pbproj\ \*.pbxproj
    export EXECUTABLE_EXTENSION\=a
    export EXECUTABLE_NAME\=libExpoWidgets.a
    export EXECUTABLE_PATH\=libExpoWidgets.a
    export EXECUTABLE_PREFIX\=lib
    export EXECUTABLE_SUFFIX\=.a
    export FILE_LIST\=/Users/gumclaw/work/gp2974-device/ios/build/dd/Build/Intermediates.noindex/Pods.build/Release-iphoneos/ExpoWidgets.build/Objects/LinkFileList
    export FIXED_FILES_DIR\=/Users/gumclaw/work/gp2974-device/ios/build/dd/Build/Intermediates.noindex/Pods.build/Release-iphoneos/ExpoWidgets.build/FixedFiles
    export FRAMEWORK_FLAG_PREFIX\=-framework
    export FRAMEWORK_SEARCH_PATHS\=/Users/gumclaw/work/gp2974-device/ios/build/dd/Build/Products/Release-iphoneos/ExpoWidgets\ \ \"/Users/gumclaw/work/gp2974-device/ios/Pods/React-Core-prebuilt\"\ \"/Users/gumclaw/work/gp2974-device/ios/Pods/ReactNativeDependencies/framework/packages/react-native\"\ \"/Users/gumclaw/work/gp2974-device/ios/Pods/hermes-engine/destroot/Library/Frameworks/universal\"\ \"/Users/gumclaw/work/gp2974-device/ios/build/dd/Build/Products/Release-iphoneos/XCFrameworkIntermediates/React-Core-prebuilt\"\ \"/Users/gumclaw/work/gp2974-device/ios/build/dd/Build/Products/Release-iphoneos/XCFrameworkIntermediates/ReactNativeDependencies\"\ \"/Users/gumclaw/work/gp2974-device/ios/build/dd/Build/Products/Release-iphoneos/XCFrameworkIntermediates/hermes-engine/Pre-built\"
    export FRAMEWORK_VERSION\=A
    export FULL_PRODUCT_NAME\=libExpoWidgets.a
    export FUSE_BUILD_PHASES\=YES
    export FUSE_BUILD_SCRIPT_PHASES\=NO
    export GCC3_VERSION\=3.3
    export GCC_C_LANGUAGE_STANDARD\=gnu11
    export GCC_NO_COMMON_BLOCKS\=YES
    export GCC_PFE_FILE_C_DIALECTS\=c\ objective-c\ c++\ objective-c++
    export GCC_PREFIX_HEADER\=Target\ Support\ Files/ExpoWidgets/ExpoWidgets-prefix.pch
    export GCC_PREPROCESSOR_DEFINITIONS\=POD_CONFIGURATION_RELEASE\=1\ \ COCOAPODS\=1
    export GCC_THUMB_SUPPORT\=YES
    export GCC_TREAT_WARNINGS_AS_ERRORS\=NO
    export GCC_VERSION\=com.apple.compilers.llvm.clang.1_0
    export GCC_VERSION_IDENTIFIER\=com_apple_compilers_llvm_clang_1_0
    export GCC_WARN_64_TO_32_BIT_CONVERSION\=YES
    export GCC_WARN_ABOUT_RETURN_TYPE\=YES_ERROR
    export GCC_WARN_UNDECLARED_SELECTOR\=YES
    export GCC_WARN_UNINITIALIZED_AUTOS\=YES_AGGRESSIVE
    export GCC_WARN_UNUSED_FUNCTION\=YES
    export GCC_WARN_UNUSED_VARIABLE\=YES
    export GENERATED_MODULEMAP_DIR\=/Users/gumclaw/work/gp2974-device/ios/build/dd/Build/Intermediates.noindex/GeneratedModuleMaps-iphoneos
    export GENERATE_INFOPLIST_FILE\=NO
    export GENERATE_INTERMEDIATE_TEXT_BASED_STUBS\=YES
    export GENERATE_PKGINFO_FILE\=NO
    export GENERATE_PRELINK_OBJECT_FILE\=NO
    export GENERATE_PROFILING_CODE\=NO
    export GENERATE_TEXT_BASED_STUBS\=NO
    export GID\=20
    export GROUP\=staff
    export HEADERMAP_INCLUDES_FLAT_ENTRIES_FOR_TARGET_BEING_BUILT\=YES
    export HEADERMAP_INCLUDES_FRAMEWORK_ENTRIES_FOR_ALL_PRODUCT_TYPES\=YES
    export HEADERMAP_INCLUDES_FRAMEWORK_ENTRIES_FOR_TARGETS_NOT_BEING_BUILT\=YES
    export HEADERMAP_INCLUDES_NONPUBLIC_NONPRIVATE_HEADERS\=YES
    export HEADERMAP_INCLUDES_PROJECT_HEADERS\=YES
    export HEADERMAP_USES_FRAMEWORK_PREFIX_ENTRIES\=YES
    export HEADERMAP_USES_VFS\=YES
    export HEADER_SEARCH_PATHS\=/Users/gumclaw/work/gp2974-device/ios/build/dd/Build/Products/Release-iphoneos/ExpoWidgets/include\ \ \"/Users/gumclaw/work/gp2974-device/ios/Pods/Headers/Public\"\ \"/Users/gumclaw/work/gp2974-device/ios/Pods/Headers/Public/ExpoModulesCore\"\ \"/Users/gumclaw/work/gp2974-device/ios/Pods/Headers/Public/ExpoModulesJSI\"\ \"/Users/gumclaw/work/gp2974-device/ios/Pods/Headers/Public/FBLazyVector\"\ \"/Users/gumclaw/work/gp2974-device/ios/Pods/Headers/Public/RCTRequired\"\ \"/Users/gumclaw/work/gp2974-device/ios/Pods/Headers/Public/RCTSwiftUIWrapper\"\ \"/Users/gumclaw/work/gp2974-device/ios/Pods/Headers/Public/RCTTypeSafety\"\ \"/Users/gumclaw/work/gp2974-device/ios/Pods/Headers/Public/RNWorklets\"\ \"/Users/gumclaw/work/gp2974-device/ios/Pods/Headers/Public/React-Core\"\ \"/Users/gumclaw/work/gp2974-device/ios/Pods/Headers/Public/React-Core-prebuilt\"\ \"/Users/gumclaw/work/gp2974-device/ios/Pods/Headers/Public/React-CoreModules\"\ \"/Users/gumclaw/work/gp2974-device/ios/Pods/Headers/Public/React-Fabric\"\ \"/Users/gumclaw/work/gp2974-device/ios/Pods/Headers/Public/React-FabricComponents\"\ \"/Users/gumclaw/work/gp2974-device/ios/Pods/Headers/Public/React-FabricImage\"\ \"/Users/gumclaw/work/gp2974-device/ios/Pods/Headers/Public/React-ImageManager\"\ \"/Users/gumclaw/work/gp2974-device/ios/Pods/Headers/Public/React-Mapbuffer\"\ \"/Users/gumclaw/work/gp2974-device/ios/Pods/Headers/Public/React-NativeModulesApple\"\ \"/Users/gumclaw/work/gp2974-device/ios/Pods/Headers/Public/React-RCTAnimation\"\ \"/Users/gumclaw/work/gp2974-device/ios/Pods/Headers/Public/React-RCTBlob\"\ \"/Users/gumclaw/work/gp2974-device/ios/Pods/Headers/Public/React-RCTFBReactNativeSpec\"\ \"/Users/gumclaw/work/gp2974-device/ios/Pods/Headers/Public/React-RCTFabric\"\ \"/Users/gumclaw/work/gp2974-device/ios/Pods/Headers/Public/React-RCTImage\"\ \"/Users/gumclaw/work/gp2974-device/ios/Pods/Headers/Public/React-RCTRuntime\"\ \"/Users/gumclaw/work/gp2974-device/ios/Pods/Headers/Public/React-RCTText\"\ \"/Users/gumclaw/work/gp2974-device/ios/Pods/Headers/Public/React-RuntimeApple\"\ \"/Users/gumclaw/work/gp2974-device/ios/Pods/Headers/Public/React-RuntimeCore\"\ \"/Users/gumclaw/work/gp2974-device/ios/Pods/Headers/Public/React-RuntimeHermes\"\ \"/Users/gumclaw/work/gp2974-device/ios/Pods/Headers/Public/React-callinvoker\"\ \"/Users/gumclaw/work/gp2974-device/ios/Pods/Headers/Public/React-cxxreact\"\ \"/Users/gumclaw/work/gp2974-device/ios/Pods/Headers/Public/React-debug\"\ \"/Users/gumclaw/work/gp2974-device/ios/Pods/Headers/Public/React-defaultsnativemodule\"\ \"/Users/gumclaw/work/gp2974-device/ios/Pods/Headers/Public/React-domnativemodule\"\ \"/Users/gumclaw/work/gp2974-device/ios/Pods/Headers/Public/React-featureflags\"\ \"/Users/gumclaw/work/gp2974-device/ios/Pods/Headers/Public/React-featureflagsnativemodule\"\ \"/Users/gumclaw/work/gp2974-device/ios/Pods/Headers/Public/React-graphics\"\ \"/Users/gumclaw/work/gp2974-device/ios/Pods/Headers/Public/React-hermes\"\ \"/Users/gumclaw/work/gp2974-device/ios/Pods/Headers/Public/React-idlecallbacksnativemodule\"\ \"/Users/gumclaw/work/gp2974-device/ios/Pods/Headers/Public/React-intersectionobservernativemodule\"\ \"/Users/gumclaw/work/gp2974-device/ios/Pods/Headers/Public/React-jserrorhandler\"\ \"/Users/gumclaw/work/gp2974-device/ios/Pods/Headers/Public/React-jsi\"\ \"/Users/gumclaw/work/gp2974-device/ios/Pods/Headers/Public/React-jsiexecutor\"\ \"/Users/gumclaw/work/gp2974-device/ios/Pods/Headers/Public/React-jsinspector\"\ \"/Users/gumclaw/work/gp2974-device/ios/Pods/Headers/Public/React-jsinspectorcdp\"\ \"/Users/gumclaw/work/gp2974-device/ios/Pods/Headers/Public/React-jsinspectornetwork\"\ \"/Users/gumclaw/work/gp2974-device/ios/Pods/Headers/Public/React-jsinspectortracing\"\ \"/Users/gumclaw/work/gp2974-device/ios/Pods/Headers/Public/React-jsitooling\"\ \"/Users/gumclaw/work/gp2974-device/ios/Pods/Headers/Public/React-logger\"\ \"/Users/gumclaw/work/gp2974-device/ios/Pods/Headers/Public/React-microtasksnativemodule\"\ \"/Users/gumclaw/work/gp2974-device/ios/Pods/Headers/Public/React-networking\"\ \"/Users/gumclaw/work/gp2974-device/ios/Pods/Headers/Public/React-oscompat\"\ \"/Users/gumclaw/work/gp2974-device/ios/Pods/Headers/Public/React-perflogger\"\ \"/Users/gumclaw/work/gp2974-device/ios/Pods/Headers/Public/React-performancecdpmetrics\"\ \"/Users/gumclaw/work/gp2974-device/ios/Pods/Headers/Public/React-performancetimeline\"\ \"/Users/gumclaw/work/gp2974-device/ios/Pods/Headers/Public/React-rendererconsistency\"\ \"/Users/gumclaw/work/gp2974-device/ios/Pods/Headers/Public/React-renderercss\"\ \"/Users/gumclaw/work/gp2974-device/ios/Pods/Headers/Public/React-rendererdebug\"\ \"/Users/gumclaw/work/gp2974-device/ios/Pods/Headers/Public/React-runtimeexecutor\"\ \"/Users/gumclaw/work/gp2974-device/ios/Pods/Headers/Public/React-runtimescheduler\"\ \"/Users/gumclaw/work/gp2974-device/ios/Pods/Headers/Public/React-timing\"\ \"/Users/gumclaw/work/gp2974-device/ios/Pods/Headers/Public/React-utils\"\ \"/Users/gumclaw/work/gp2974-device/ios/Pods/Headers/Public/React-webperformancenativemodule\"\ \"/Users/gumclaw/work/gp2974-device/ios/Pods/Headers/Public/ReactCodegen\"\ \"/Users/gumclaw/work/gp2974-device/ios/Pods/Headers/Public/ReactCommon\"\ \"/Users/gumclaw/work/gp2974-device/ios/Pods/Headers/Public/ReactNativeDependencies\"\ \"/Users/gumclaw/work/gp2974-device/ios/Pods/Headers/Public/Yoga\"\ \"/Users/gumclaw/work/gp2974-device/ios/Pods/Headers/Public/hermes-engine\"
    export HOME\=/Users/gumclaw
    export HOST_ARCH\=arm64
    export HOST_PLATFORM\=macosx
    export ICONV\=/usr/bin/iconv
    export IMPLICIT_DEPENDENCY_DOMAIN\=default
    export INDEX_ENABLE_OPTIMIZATION_LEVEL_OVERRIDE\=YES
    export INDEX_STORE_COMPRESS\=NO
    export INDEX_STORE_ONLY_PROJECT_FILES\=NO
    export INFOPLIST_ENABLE_CFBUNDLEICONS_MERGE\=YES
    export INFOPLIST_EXPAND_BUILD_SETTINGS\=YES
    export INFOPLIST_OUTPUT_FORMAT\=binary
    export INFOPLIST_PREPROCESS\=NO
    export INLINE_PRIVATE_FRAMEWORKS\=NO
    export INSTALLAPI_IGNORE_SKIP_INSTALL\=YES
    export INSTALLHDRS_COPY_PHASE\=NO
    export INSTALLHDRS_SCRIPT_PHASE\=NO
    export INSTALL_DIR\=/tmp/Pods.dst/usr/local/lib
    export INSTALL_GROUP\=staff
    export INSTALL_MODE_FLAG\=u+w,go-w,a+rX
    export INSTALL_OWNER\=gumclaw
    export INSTALL_PATH\=/usr/local/lib
    export INSTALL_ROOT\=/tmp/Pods.dst
    export IPHONEOS_DEPLOYMENT_TARGET\=16.2
    export IS_UNOPTIMIZED_BUILD\=NO
    export JAVAC_DEFAULT_FLAGS\=-J-Xms64m\ -J-XX:NewSize\=4M\ -J-Dfile.encoding\=UTF8
    export JAVA_APP_STUB\=/System/Library/Frameworks/JavaVM.framework/Resources/MacOS/JavaApplicationStub
    export JAVA_ARCHIVE_CLASSES\=YES
    export JAVA_ARCHIVE_TYPE\=JAR
    export JAVA_COMPILER\=/usr/bin/javac
    export JAVA_FRAMEWORK_RESOURCES_DIRS\=Resources
    export JAVA_JAR_FLAGS\=cv
    export JAVA_SOURCE_SUBDIR\=.
    export JAVA_USE_DEPENDENCIES\=YES
    export JAVA_ZIP_FLAGS\=-urg
    export JIKES_DEFAULT_FLAGS\=+E\ +OLDCSO
    export KASAN_CFLAGS_CLASSIC\=-DKASAN\=1\ -DKASAN_CLASSIC\=1\ -fsanitize\=address\ -mllvm\ -asan-globals-live-support\ -mllvm\ -asan-force-dynamic-shadow
    export KASAN_CFLAGS_TBI\=-DKASAN\=1\ -DKASAN_TBI\=1\ -fsanitize\=kernel-hwaddress\ -mllvm\ -hwasan-recover\=0\ -mllvm\ -hwasan-instrument-atomics\=0\ -mllvm\ -hwasan-instrument-stack\=1\ -mllvm\ -hwasan-generate-tags-with-calls\=1\ -mllvm\ -hwasan-instrument-with-calls\=1\ -mllvm\ -hwasan-use-short-granules\=0\ -mllvm\ -hwasan-memory-access-callback-prefix\=__asan_
    export KASAN_DEFAULT_CFLAGS\=-DKASAN\=1\ -DKASAN_CLASSIC\=1\ -fsanitize\=address\ -mllvm\ -asan-globals-live-support\ -mllvm\ -asan-force-dynamic-shadow
    export KEEP_PRIVATE_EXTERNS\=NO
    export LD_DEPENDENCY_INFO_FILE\=/Users/gumclaw/work/gp2974-device/ios/build/dd/Build/Intermediates.noindex/Pods.build/Release-iphoneos/ExpoWidgets.build/Objects-normal/undefined_arch/ExpoWidgets_dependency_info.dat
    export LD_EXPORT_SYMBOLS\=YES
    export LD_GENERATE_MAP_FILE\=NO
    export LD_MAP_FILE_PATH\=/Users/gumclaw/work/gp2974-device/ios/build/dd/Build/Intermediates.noindex/Pods.build/Release-iphoneos/ExpoWidgets.build/ExpoWidgets-LinkMap-normal-undefined_arch.txt
    export LD_NO_PIE\=NO
    export LD_QUOTE_LINKER_ARGUMENTS_FOR_COMPILER_DRIVER\=YES
    export LD_SHARED_CACHE_ELIGIBLE\=Automatic
    export LD_WARN_DUPLICATE_LIBRARIES\=NO
    export LD_WARN_UNUSED_DYLIBS\=NO
    export LEGACY_DEVELOPER_DIR\=/Applications/Xcode.app/Contents/PlugIns/Xcode3Core.ideplugin/Contents/SharedSupport/Developer
    export LEX\=lex
    export LIBRARY_DEXT_INSTALL_PATH\=/Library/DriverExtensions
    export LIBRARY_FLAG_NOSPACE\=YES
    export LIBRARY_FLAG_PREFIX\=-l
    export LIBRARY_KEXT_INSTALL_PATH\=/Library/Extensions
    export LIBRARY_SEARCH_PATHS\=/Users/gumclaw/work/gp2974-device/ios/build/dd/Build/Products/Release-iphoneos/ExpoWidgets\ 
    export LINKER_DISPLAYS_MANGLED_NAMES\=NO
    export LINK_FILE_LIST_normal_arm64\=/Users/gumclaw/work/gp2974-device/ios/build/dd/Build/Intermediates.noindex/Pods.build/Release-iphoneos/ExpoWidgets.build/Objects-normal/arm64/ExpoWidgets.LinkFileList
    export LINK_OBJC_RUNTIME\=YES
    export LINK_WITH_STANDARD_LIBRARIES\=YES
    export LLVM_TARGET_TRIPLE_OS_VERSION\=ios16.2
    export LLVM_TARGET_TRIPLE_VENDOR\=apple
    export LM_AUX_CONST_METADATA_LIST_PATH_normal_arm64\=/Users/gumclaw/work/gp2974-device/ios/build/dd/Build/Intermediates.noindex/Pods.build/Release-iphoneos/ExpoWidgets.build/Objects-normal/arm64/ExpoWidgets.SwiftConstValuesFileList
    export LOCALIZATION_EXPORT_SUPPORTED\=YES
    export LOCALIZATION_PREFERS_STRING_CATALOGS\=NO
    export LOCALIZED_STRING_CODE_COMMENTS\=NO
    export LOCALIZED_STRING_MACRO_NAMES\=NSLocalizedString\ CFCopyLocalizedString
    export LOCALIZED_STRING_SWIFTUI_SUPPORT\=YES
    export LOCAL_ADMIN_APPS_DIR\=/Applications/Utilities
    export LOCAL_APPS_DIR\=/Applications
    export LOCAL_DEVELOPER_DIR\=/Library/Developer
    export LOCAL_LIBRARY_DIR\=/Library
    export LOCROOT\=/Users/gumclaw/work/gp2974-device/ios/Pods
    export LOCSYMROOT\=/Users/gumclaw/work/gp2974-device/ios/Pods
    export MACH_O_TYPE\=staticlib
    export MAC_OS_X_PRODUCT_BUILD_VERSION\=26A428
    export MAC_OS_X_VERSION_ACTUAL\=270000
    export MAC_OS_X_VERSION_MAJOR\=270000
    export MAC_OS_X_VERSION_MINOR\=270000
    export MAKE_MERGEABLE\=NO
    export MERGEABLE_LIBRARY\=NO
    export MERGED_BINARY_TYPE\=none
    export MERGE_LINKED_LIBRARIES\=NO
    export METAL_LIBRARY_FILE_BASE\=default
    export METAL_LIBRARY_OUTPUT_DIR\=/Users/gumclaw/work/gp2974-device/ios/build/dd/Build/Products/Release-iphoneos/ExpoWidgets/
    export MODULEMAP_FILE\=Headers/Public/ExpoWidgets/ExpoWidgets.modulemap
    export MODULE_CACHE_DIR\=/Users/gumclaw/work/gp2974-device/ios/build/dd/ModuleCache.noindex
    export MTL_ENABLE_DEBUG_INFO\=NO
    export MTL_FAST_MATH\=YES
    export NATIVE_ARCH\=arm64
    export NATIVE_ARCH_32_BIT\=arm
    export NATIVE_ARCH_64_BIT\=arm64
    export NATIVE_ARCH_ACTUAL\=arm64
    export NO_COMMON\=YES
    export OBJECT_FILE_DIR\=/Users/gumclaw/work/gp2974-device/ios/build/dd/Build/Intermediates.noindex/Pods.build/Release-iphoneos/ExpoWidgets.build/Objects
    export OBJECT_FILE_DIR_normal\=/Users/gumclaw/work/gp2974-device/ios/build/dd/Build/Intermediates.noindex/Pods.build/Release-iphoneos/ExpoWidgets.build/Objects-normal
    export OBJROOT\=/Users/gumclaw/work/gp2974-device/ios/build/dd/Build/Intermediates.noindex
    export ONLY_ACTIVE_ARCH\=NO
    export ONLY_ARCH\=arm64
    export OS\=MACOS
    export OSAC\=/usr/bin/osacompile
    export OTHER_CFLAGS\=\ -fmodule-map-file\=\"/Users/gumclaw/work/gp2974-device/ios/build/dd/Build/Products/Release-iphoneos/ExpoModulesCore/ExpoModulesCore.modulemap\"\ -fmodule-map-file\=\"/Users/gumclaw/work/gp2974-device/ios/build/dd/Build/Products/Release-iphoneos/ExpoUI/ExpoUI.modulemap\"\ -fmodule-map-file\=\"/Users/gumclaw/work/gp2974-device/ios/build/dd/Build/Products/Release-iphoneos/RCTSwiftUI/RCTSwiftUI.modulemap\"\ -fmodule-map-file\=\"/Users/gumclaw/work/gp2974-device/ios/Pods/Headers/Public/ExpoModulesJSI/ExpoModulesJSI.modulemap\"\ -fmodule-map-file\=\"/Users/gumclaw/work/gp2974-device/ios/Pods/Headers/Public/RNWorklets/RNWorklets.modulemap\"\ -fmodule-map-file\=\"/Users/gumclaw/work/gp2974-device/ios/Pods/Headers/Public/ReactCodegen/ReactCodegen.modulemap\"\ -DNDEBUG
    export OTHER_CODE_SIGN_FLAGS\=--keychain\ /Users/gumclaw/Library/Keychains/gumclaw-signing.keychain-db
    export OTHER_CPLUSPLUSFLAGS\=\ -fmodule-map-file\=\"/Users/gumclaw/work/gp2974-device/ios/build/dd/Build/Products/Release-iphoneos/ExpoModulesCore/ExpoModulesCore.modulemap\"\ -fmodule-map-file\=\"/Users/gumclaw/work/gp2974-device/ios/build/dd/Build/Products/Release-iphoneos/ExpoUI/ExpoUI.modulemap\"\ -fmodule-map-file\=\"/Users/gumclaw/work/gp2974-device/ios/build/dd/Build/Products/Release-iphoneos/RCTSwiftUI/RCTSwiftUI.modulemap\"\ -fmodule-map-file\=\"/Users/gumclaw/work/gp2974-device/ios/Pods/Headers/Public/ExpoModulesJSI/ExpoModulesJSI.modulemap\"\ -fmodule-map-file\=\"/Users/gumclaw/work/gp2974-device/ios/Pods/Headers/Public/RNWorklets/RNWorklets.modulemap\"\ -fmodule-map-file\=\"/Users/gumclaw/work/gp2974-device/ios/Pods/Headers/Public/ReactCodegen/ReactCodegen.modulemap\"\ -DNDEBUG\ -DNDEBUG
    export OTHER_SWIFT_FLAGS\=\ -D\ COCOAPODS\ -Xcc\ -fmodule-map-file\=\"/Users/gumclaw/work/gp2974-device/ios/build/dd/Build/Products/Release-iphoneos/ExpoModulesCore/ExpoModulesCore.modulemap\"\ -Xcc\ -fmodule-map-file\=\"/Users/gumclaw/work/gp2974-device/ios/build/dd/Build/Products/Release-iphoneos/ExpoUI/ExpoUI.modulemap\"\ -Xcc\ -fmodule-map-file\=\"/Users/gumclaw/work/gp2974-device/ios/build/dd/Build/Products/Release-iphoneos/RCTSwiftUI/RCTSwiftUI.modulemap\"\ -Xcc\ -fmodule-map-file\=\"/Users/gumclaw/work/gp2974-device/ios/Pods/Headers/Public/ExpoModulesJSI/ExpoModulesJSI.modulemap\"\ -Xcc\ -fmodule-map-file\=\"/Users/gumclaw/work/gp2974-device/ios/Pods/Headers/Public/RNWorklets/RNWorklets.modulemap\"\ -Xcc\ -fmodule-map-file\=\"/Users/gumclaw/work/gp2974-device/ios/Pods/Headers/Public/ReactCodegen/ReactCodegen.modulemap\"\ -import-underlying-module\ -Xcc\ -fmodule-map-file\=\"/Users/gumclaw/work/gp2974-device/ios/Pods/Headers/Public/ExpoWidgets/ExpoWidgets.modulemap\"
    export PACKAGE_TYPE\=com.apple.package-type.static-library
    export PASCAL_STRINGS\=YES
    export PATH\=/Applications/Xcode.app/Contents/SharedFrameworks/SwiftBuild.framework/Versions/A/PlugIns/SWBBuildService.bundle/Contents/PlugIns/SWBUniversalPlatformPlugin.bundle/Contents/Frameworks/SWBUniversalPlatform.framework/Resources:/Applications/Xcode.app/Contents/Developer/Toolchains/XcodeDefault.xctoolchain/usr/bin:/Applications/Xcode.app/Contents/Developer/Toolchains/XcodeDefault.xctoolchain/usr/local/bin:/Applications/Xcode.app/Contents/Developer/Toolchains/XcodeDefault.xctoolchain/usr/libexec:/Applications/Xcode.app/Contents/Developer/Platforms/iPhoneOS.platform/usr/bin:/Applications/Xcode.app/Contents/Developer/Platforms/iPhoneOS.platform/usr/local/bin:/Applications/Xcode.app/Contents/Developer/Platforms/iPhoneOS.platform/Developer/usr/bin:/Applications/Xcode.app/Contents/Developer/Platforms/iPhoneOS.platform/Developer/usr/local/bin:/Applications/Xcode.app/Contents/Developer/usr/bin:/Applications/Xcode.app/Contents/Developer/usr/local/bin:/Users/gumclaw/.gusto/bin:/Users/gumclaw/.npm-global/bin:/Users/gumclaw/.rbenv/shims:/Users/gumclaw/.nodenv/shims:/Users/gumclaw/.local/bin:/opt/homebrew/bin:/usr/local/bin:/System/Cryptexes/App/usr/bin:/usr/bin:/bin:/usr/sbin:/sbin:/var/run/com.apple.security.cryptexd/codex.system/bootstrap/usr/local/bin:/var/run/com.apple.security.cryptexd/codex.system/bootstrap/usr/bin:/var/run/com.apple.security.cryptexd/codex.system/bootstrap/usr/appleinternal/bin:/opt/pkg/env/active/bin:/opt/pmk/env/global/bin:/opt/X11/bin:/Library/Apple/usr/bin:/usr/local/MacGPG2/bin:/Library/Frameworks/Mono.framework/Versions/Current/Commands:/Applications/Postgres.app/Contents/Versions/latest/bin:/var/folders/b8/m3wdk1md2zx4zcr6xhkd2k2m0000gq/T/.tmpilcVkY:/Users/gumclaw/bin:/opt/homebrew/sbin:/Users/gumclaw/.maestro/bin
    export PATH_PREFIXES_EXCLUDED_FROM_HEADER_DEPENDENCIES\=/usr/include\ /usr/local/include\ /System/Library/Frameworks\ /System/Library/PrivateFrameworks\ /Applications/Xcode.app/Contents/Developer/Headers\ /Applications/Xcode.app/Contents/Developer/SDKs\ /Applications/Xcode.app/Contents/Developer/Platforms
    export PER_ARCH_MODULE_FILE_DIR\=/Users/gumclaw/work/gp2974-device/ios/build/dd/Build/Intermediates.noindex/Pods.build/Release-iphoneos/ExpoWidgets.build/Objects-normal/undefined_arch
    export PER_ARCH_OBJECT_FILE_DIR\=/Users/gumclaw/work/gp2974-device/ios/build/dd/Build/Intermediates.noindex/Pods.build/Release-iphoneos/ExpoWidgets.build/Objects-normal/undefined_arch
    export PER_VARIANT_OBJECT_FILE_DIR\=/Users/gumclaw/work/gp2974-device/ios/build/dd/Build/Intermediates.noindex/Pods.build/Release-iphoneos/ExpoWidgets.build/Objects-normal
    export PKGINFO_FILE_PATH\=/Users/gumclaw/work/gp2974-device/ios/build/dd/Build/Intermediates.noindex/Pods.build/Release-iphoneos/ExpoWidgets.build/PkgInfo
    export PLATFORM_DEVELOPER_APPLICATIONS_DIR\=/Applications/Xcode.app/Contents/Developer/Platforms/iPhoneOS.platform/Developer/Applications
    export PLATFORM_DEVELOPER_BIN_DIR\=/Applications/Xcode.app/Contents/Developer/Platforms/iPhoneOS.platform/Developer/usr/bin
    export PLATFORM_DEVELOPER_LIBRARY_DIR\=/Applications/Xcode.app/Contents/Developer/Platforms/iPhoneOS.platform/Developer/Library
    export PLATFORM_DEVELOPER_SDK_DIR\=/Applications/Xcode.app/Contents/Developer/Platforms/iPhoneOS.platform/Developer/SDKs
    export PLATFORM_DEVELOPER_TOOLS_DIR\=/Applications/Xcode.app/Contents/Developer/Platforms/iPhoneOS.platform/Developer/Tools
    export PLATFORM_DEVELOPER_USR_DIR\=/Applications/Xcode.app/Contents/Developer/Platforms/iPhoneOS.platform/Developer/usr
    export PLATFORM_DIR\=/Applications/Xcode.app/Contents/Developer/Platforms/iPhoneOS.platform
    export PLATFORM_DISPLAY_NAME\=iOS
    export PLATFORM_FAMILY_NAME\=iOS
    export PLATFORM_NAME\=iphoneos
    export PLATFORM_PREFERRED_ARCH\=arm64
    export PLATFORM_PRODUCT_BUILD_VERSION\=24A430
    export PLATFORM_REQUIRES_SWIFT_AUTOLINK_EXTRACT\=NO
    export PLATFORM_REQUIRES_SWIFT_MODULEWRAP\=NO
    export PLATFORM_USES_DSYMS\=YES
    export PLIST_FILE_OUTPUT_FORMAT\=binary
    export PODS_BUILD_DIR\=/Users/gumclaw/work/gp2974-device/ios/build/dd/Build/Products
    export PODS_CONFIGURATION_BUILD_DIR\=/Users/gumclaw/work/gp2974-device/ios/build/dd/Build/Products/Release-iphoneos
    export PODS_DEVELOPMENT_LANGUAGE\=en
    export PODS_ROOT\=/Users/gumclaw/work/gp2974-device/ios/Pods
    export PODS_TARGET_SRCROOT\=/Users/gumclaw/work/gp2974-device/ios/Pods/../../node_modules/expo-widgets/ios
    export PODS_XCFRAMEWORKS_BUILD_DIR\=/Users/gumclaw/work/gp2974-device/ios/build/dd/Build/Products/Release-iphoneos/XCFrameworkIntermediates
    export PRECOMPS_INCLUDE_HEADERS_FROM_BUILT_PRODUCTS_DIR\=YES
    export PRECOMP_DESTINATION_DIR\=/Users/gumclaw/work/gp2974-device/ios/build/dd/Build/Intermediates.noindex/Pods.build/Release-iphoneos/ExpoWidgets.build/PrefixHeaders
    export PRELINK_DEPENDENCY_INFO_FILE\=/Users/gumclaw/work/gp2974-device/ios/build/dd/Build/Intermediates.noindex/Pods.build/Release-iphoneos/ExpoWidgets.build/Objects-normal/undefined_arch/ExpoWidgets_prelink_dependency_info.dat
    export PROCESSED_INFOPLIST_PATH\=/Users/gumclaw/work/gp2974-device/ios/build/dd/Build/Intermediates.noindex/Pods.build/Release-iphoneos/ExpoWidgets.build/Objects-normal/undefined_arch/Processed-Info.plist
    export PRODUCT_BUNDLE_IDENTIFIER\=org.cocoapods.ExpoWidgets
    export PRODUCT_MODULE_NAME\=ExpoWidgets
    export PRODUCT_NAME\=ExpoWidgets
    export PRODUCT_SETTINGS_PATH\=
    export PRODUCT_TYPE\=com.apple.product-type.library.static
    export PROFILING_CODE\=NO
    export PROJECT\=Pods
    export PROJECT_DERIVED_FILE_DIR\=/Users/gumclaw/work/gp2974-device/ios/build/dd/Build/Intermediates.noindex/Pods.build/DerivedSources
    export PROJECT_DIR\=/Users/gumclaw/work/gp2974-device/ios/Pods
    export PROJECT_FILE_PATH\=/Users/gumclaw/work/gp2974-device/ios/Pods/Pods.xcodeproj
    export PROJECT_GUID\=8699adb1dd336b26511df848a716bd42
    export PROJECT_NAME\=Pods
    export PROJECT_TEMP_DIR\=/Users/gumclaw/work/gp2974-device/ios/build/dd/Build/Intermediates.noindex/Pods.build
    export PROJECT_TEMP_ROOT\=/Users/gumclaw/work/gp2974-device/ios/build/dd/Build/Intermediates.noindex
    export REACT_NATIVE_PATH\=/Users/gumclaw/work/gp2974-device/ios/Pods/../../node_modules/react-native
    export RECOMMENDED_IPHONEOS_DEPLOYMENT_TARGET\=17.0
    export RECURSIVE_SEARCH_PATHS_FOLLOW_SYMLINKS\=YES
    export REMOVE_CVS_FROM_RESOURCES\=YES
    export REMOVE_GIT_FROM_RESOURCES\=YES
    export REMOVE_HEADERS_FROM_EMBEDDED_BUNDLES\=YES
    export REMOVE_HG_FROM_RESOURCES\=YES
    export REMOVE_STATIC_EXECUTABLES_FROM_EMBEDDED_BUNDLES\=YES
    export REMOVE_SVN_FROM_RESOURCES\=YES
    export RESCHEDULE_INDEPENDENT_HEADERS_PHASES\=YES
    export REZ_COLLECTOR_DIR\=/Users/gumclaw/work/gp2974-device/ios/build/dd/Build/Intermediates.noindex/Pods.build/Release-iphoneos/ExpoWidgets.build/ResourceManagerResources
    export REZ_EXECUTABLE\=YES
    export REZ_OBJECTS_DIR\=/Users/gumclaw/work/gp2974-device/ios/build/dd/Build/Intermediates.noindex/Pods.build/Release-iphoneos/ExpoWidgets.build/ResourceManagerResources/Objects
    export REZ_SEARCH_PATHS\=/Users/gumclaw/work/gp2974-device/ios/build/dd/Build/Products/Release-iphoneos/ExpoWidgets\ 
    export RPATH_ORIGIN\=@loader_path
    export RUNTIME_EXCEPTION_ALLOW_DYLD_ENVIRONMENT_VARIABLES\=NO
    export RUNTIME_EXCEPTION_ALLOW_JIT\=NO
    export RUNTIME_EXCEPTION_ALLOW_UNSIGNED_EXECUTABLE_MEMORY\=NO
    export RUNTIME_EXCEPTION_DEBUGGING_TOOL\=NO
    export RUNTIME_EXCEPTION_DISABLE_EXECUTABLE_PAGE_PROTECTION\=NO
    export RUNTIME_EXCEPTION_DISABLE_LIBRARY_VALIDATION\=NO
    export SCANNING_PCM_KEEP_CACHE_DIRECTORY\=YES
    export SCAN_ALL_SOURCE_FILES_FOR_INCLUDES\=NO
    export SCRIPT_INPUT_FILE_0\=/Users/gumclaw/work/gp2974-device/node_modules/expo-widgets/bundle/build/ExpoWidgets.bundle
    export SCRIPT_INPUT_FILE_COUNT\=1
    export SCRIPT_INPUT_FILE_LIST_COUNT\=0
    export SCRIPT_OUTPUT_FILE_COUNT\=0
    export SCRIPT_OUTPUT_FILE_LIST_COUNT\=0
    export SDKROOT\=/Applications/Xcode.app/Contents/Developer/Platforms/iPhoneOS.platform/Developer/SDKs/iPhoneOS27.0.sdk
    export SDK_DIR\=/Applications/Xcode.app/Contents/Developer/Platforms/iPhoneOS.platform/Developer/SDKs/iPhoneOS27.0.sdk
    export SDK_DIR_iphoneos\=/Applications/Xcode.app/Contents/Developer/Platforms/iPhoneOS.platform/Developer/SDKs/iPhoneOS27.0.sdk
    export SDK_DIR_iphoneos27_0\=/Applications/Xcode.app/Contents/Developer/Platforms/iPhoneOS.platform/Developer/SDKs/iPhoneOS27.0.sdk
    export SDK_NAME\=iphoneos27.0
    export SDK_NAMES\=iphoneos27.0
    export SDK_PRODUCT_BUILD_VERSION\=24A430
    export SDK_STAT_CACHE_DIR\=/Users/gumclaw/work/gp2974-device/ios/build/dd
    export SDK_STAT_CACHE_ENABLE\=YES
    export SDK_STAT_CACHE_PATH\=/Users/gumclaw/work/gp2974-device/ios/build/dd/SDKStatCaches.noindex/iphoneos27.0-24A430-6c78b3cbc238196c85e1bf6c792c5915.sdkstatcache
    export SDK_VERSION\=27.0
    export SDK_VERSION_ACTUAL\=270000
    export SDK_VERSION_MAJOR\=270000
    export SDK_VERSION_MINOR\=270000
    export SED\=/usr/bin/sed
    export SEPARATE_STRIP\=NO
    export SEPARATE_SYMBOL_EDIT\=NO
    export SET_DIR_MODE_OWNER_GROUP\=YES
    export SET_FILE_MODE_OWNER_GROUP\=NO
    export SHALLOW_BUNDLE\=NO
    export SHARED_DERIVED_FILE_DIR\=/Users/gumclaw/work/gp2974-device/ios/build/dd/Build/Products/Release-iphoneos/ExpoWidgets/DerivedSources
    export SHARED_PRECOMPS_DIR\=/Users/gumclaw/work/gp2974-device/ios/build/dd/Build/Intermediates.noindex/PrecompiledHeaders
    export SKIP_COPYING_TEST_FRAMEWORKS\=YES
    export SKIP_INSTALL\=YES
    export SKIP_MERGEABLE_LIBRARY_BUNDLE_HOOK\=NO
    export SOURCE_ROOT\=/Users/gumclaw/work/gp2974-device/ios/Pods
    export SRCROOT\=/Users/gumclaw/work/gp2974-device/ios/Pods
    export STRINGSDATA_DIR\=/Users/gumclaw/work/gp2974-device/ios/build/dd/Build/Intermediates.noindex/Pods.build/Release-iphoneos/ExpoWidgets.build/Objects-normal/undefined_arch
    export STRINGSDATA_ROOT\=/Users/gumclaw/work/gp2974-device/ios/build/dd/Build/Intermediates.noindex/Pods.build/Release-iphoneos/ExpoWidgets.build
    export STRINGS_FILE_INFOPLIST_RENAME\=YES
    export STRINGS_FILE_OUTPUT_ENCODING\=binary
    export STRING_CATALOG_GENERATE_SYMBOLS\=NO
    export STRIP_BITCODE_FROM_COPIED_FILES\=YES
    export STRIP_INSTALLED_PRODUCT\=NO
    export STRIP_STYLE\=debugging
    export STRIP_SWIFT_SYMBOLS\=YES
    export SUPPORTED_DEVICE_FAMILIES\=1,2
    export SUPPORTED_PLATFORMS\=iphoneos\ iphonesimulator
    export SUPPORTS_MACCATALYST\=YES
    export SUPPORTS_MAC_DESIGNED_FOR_IPHONE_IPAD\=YES
    export SUPPORTS_TEXT_BASED_API\=NO
    export SUPPORTS_XR_DESIGNED_FOR_IPHONE_IPAD\=YES
    export SUPPRESS_WARNINGS\=NO
    export SWIFTC_PASS_SDKROOT\=YES
    export SWIFTC_PASS_SYSROOT\=NO
    export SWIFT_ACTIVE_COMPILATION_CONDITIONS\=\ 
    export SWIFT_COLOR_DIAGNOSTICS\=NO
    export SWIFT_COMPILATION_MODE\=wholemodule
    export SWIFT_COMPILE_FOR_STATIC_LINKING\=YES
    export SWIFT_EMIT_CONST_VALUE_PROTOCOLS\=AnyResolverProviding\ AppEntity\ AppEnum\ AppExtension\ AppIntent\ AppIntentsPackage\ AppShortcutProviding\ AppShortcutsProvider\ AppUnionValue\ AppUnionValueCasesProviding\ DynamicOptionsProvider\ EntityQuery\ ExtensionPointDefining\ IntentValueQuery\ Resolver\ TransientEntity\ _AssistantIntentsProvider\ _GenerativeFunctionExtractable\ _IntentValueRepresentable
    export SWIFT_EMIT_LOC_STRINGS\=NO
    export SWIFT_ENABLE_EXPLICIT_MODULES\=NO
    export SWIFT_INCLUDE_PATHS\=/Users/gumclaw/work/gp2974-device/ios/build/dd/Build/Products/Release-iphoneos/ExpoWidgets\ \ \"/Users/gumclaw/work/gp2974-device/ios/build/dd/Build/Products/Release-iphoneos/ExpoModulesCore\"\ \"/Users/gumclaw/work/gp2974-device/ios/build/dd/Build/Products/Release-iphoneos/ExpoUI\"\ \"/Users/gumclaw/work/gp2974-device/ios/build/dd/Build/Products/Release-iphoneos/RCTSwiftUI\"
    export SWIFT_INSTALL_OBJC_HEADER\=YES
    export SWIFT_OPTIMIZATION_LEVEL\=-O
    export SWIFT_PLATFORM_TARGET_PREFIX\=ios
    export SWIFT_RESPONSE_FILE_PATH_normal_arm64\=/Users/gumclaw/work/gp2974-device/ios/build/dd/Build/Intermediates.noindex/Pods.build/Release-iphoneos/ExpoWidgets.build/Objects-normal/arm64/ExpoWidgets.SwiftFileList
    export SWIFT_VERSION\=5.9
    export SYMROOT\=/Users/gumclaw/work/gp2974-device/ios/build/dd/Build/Products
    export SYSROOT\=/Applications/Xcode.app/Contents/Developer/Platforms/iPhoneOS.platform/Developer/SDKs/iPhoneOS27.0.sdk
    export SYSTEM_ADMIN_APPS_DIR\=/Applications/Utilities
    export SYSTEM_APPS_DIR\=/Applications
    export SYSTEM_CORE_SERVICES_DIR\=/System/Library/CoreServices
    export SYSTEM_DEMOS_DIR\=/Applications/Extras
    export SYSTEM_DEVELOPER_APPS_DIR\=/Applications/Xcode.app/Contents/Developer/Applications
    export SYSTEM_DEVELOPER_BIN_DIR\=/Applications/Xcode.app/Contents/Developer/usr/bin
    export SYSTEM_DEVELOPER_DEMOS_DIR\=/Applications/Xcode.app/Contents/Developer/Applications/Utilities/Built\ Examples
    export SYSTEM_DEVELOPER_DIR\=/Applications/Xcode.app/Contents/Developer
    export SYSTEM_DEVELOPER_DOC_DIR\=/Applications/Xcode.app/Contents/Developer/ADC\ Reference\ Library
    export SYSTEM_DEVELOPER_GRAPHICS_TOOLS_DIR\=/Applications/Xcode.app/Contents/Developer/Applications/Graphics\ Tools
    export SYSTEM_DEVELOPER_JAVA_TOOLS_DIR\=/Applications/Xcode.app/Contents/Developer/Applications/Java\ Tools
    export SYSTEM_DEVELOPER_PERFORMANCE_TOOLS_DIR\=/Applications/Xcode.app/Contents/Developer/Applications/Performance\ Tools
    export SYSTEM_DEVELOPER_RELEASENOTES_DIR\=/Applications/Xcode.app/Contents/Developer/ADC\ Reference\ Library/releasenotes
    export SYSTEM_DEVELOPER_TOOLS\=/Applications/Xcode.app/Contents/Developer/Tools
    export SYSTEM_DEVELOPER_TOOLS_DOC_DIR\=/Applications/Xcode.app/Contents/Developer/ADC\ Reference\ Library/documentation/DeveloperTools
    export SYSTEM_DEVELOPER_TOOLS_RELEASENOTES_DIR\=/Applications/Xcode.app/Contents/Developer/ADC\ Reference\ Library/releasenotes/DeveloperTools
    export SYSTEM_DEVELOPER_USR_DIR\=/Applications/Xcode.app/Contents/Developer/usr
    export SYSTEM_DEVELOPER_UTILITIES_DIR\=/Applications/Xcode.app/Contents/Developer/Applications/Utilities
    export SYSTEM_DEXT_INSTALL_PATH\=/System/Library/DriverExtensions
    export SYSTEM_DOCUMENTATION_DIR\=/Library/Documentation
    export SYSTEM_KEXT_INSTALL_PATH\=/System/Library/Extensions
    export SYSTEM_LIBRARY_DIR\=/System/Library
    export TAPI_DEMANGLE\=YES
    export TAPI_ENABLE_PROJECT_HEADERS\=NO
    export TAPI_LANGUAGE\=objective-c
    export TAPI_LANGUAGE_STANDARD\=compiler-default
    export TAPI_USE_SRCROOT\=YES
    export TAPI_VERIFY_MODE\=Pedantic
    export TARGETED_DEVICE_FAMILY\=1,2
    export TARGETNAME\=ExpoWidgets
    export TARGET_BUILD_DIR\=/Users/gumclaw/work/gp2974-device/ios/build/dd/Build/Products/Release-iphoneos/ExpoWidgets
    export TARGET_DEVICE_IDENTIFIER\=00008150-000E3C2A0C85401C
    export TARGET_DEVICE_MODEL\=iPhone18,3
    export TARGET_DEVICE_OS_VERSION\=26.4.2
    export TARGET_DEVICE_PLATFORM_NAME\=iphoneos
    export TARGET_NAME\=ExpoWidgets
    export TARGET_TEMP_DIR\=/Users/gumclaw/work/gp2974-device/ios/build/dd/Build/Intermediates.noindex/Pods.build/Release-iphoneos/ExpoWidgets.build
    export TEMP_DIR\=/Users/gumclaw/work/gp2974-device/ios/build/dd/Build/Intermediates.noindex/Pods.build/Release-iphoneos/ExpoWidgets.build
    export TEMP_FILES_DIR\=/Users/gumclaw/work/gp2974-device/ios/build/dd/Build/Intermediates.noindex/Pods.build/Release-iphoneos/ExpoWidgets.build
    export TEMP_FILE_DIR\=/Users/gumclaw/work/gp2974-device/ios/build/dd/Build/Intermediates.noindex/Pods.build/Release-iphoneos/ExpoWidgets.build
    export TEMP_ROOT\=/Users/gumclaw/work/gp2974-device/ios/build/dd/Build/Intermediates.noindex
    export TEMP_SANDBOX_DIR\=/Users/gumclaw/work/gp2974-device/ios/build/dd/Build/Intermediates.noindex/TemporaryTaskSandboxes
    export TEST_FRAMEWORK_SEARCH_PATHS\=\ /Applications/Xcode.app/Contents/Developer/Platforms/iPhoneOS.platform/Developer/Library/Frameworks\ /Applications/Xcode.app/Contents/Developer/Platforms/iPhoneOS.platform/Developer/SDKs/iPhoneOS27.0.sdk/Developer/Library/Frameworks
    export TEST_LIBRARY_SEARCH_PATHS\=\ /Applications/Xcode.app/Contents/Developer/Platforms/iPhoneOS.platform/Developer/usr/lib
    export TOOLCHAINS\=com.apple.dt.toolchain.XcodeDefault
    export TOOLCHAIN_DIR\=/Applications/Xcode.app/Contents/Developer/Toolchains/XcodeDefault.xctoolchain
    export TREAT_MISSING_BASELINES_AS_TEST_FAILURES\=NO
    export TREAT_MISSING_SCRIPT_PHASE_OUTPUTS_AS_ERRORS\=NO
    export UID\=503
    export UNINSTALLED_PRODUCTS_DIR\=/Users/gumclaw/work/gp2974-device/ios/build/dd/Build/Intermediates.noindex/UninstalledProducts
    export UNSTRIPPED_PRODUCT\=NO
    export USER\=gumclaw
    export USER_APPS_DIR\=/Users/gumclaw/Applications
    export USER_LIBRARY_DIR\=/Users/gumclaw/Library
    export USE_DYNAMIC_NO_PIC\=YES
    export USE_HEADERMAP\=YES
    export USE_HEADER_SYMLINKS\=NO
    export USE_HERMES\=true
    export USE_RECURSIVE_SCRIPT_INPUTS_IN_SCRIPT_PHASES\=YES
    export VALIDATE_DEVELOPMENT_ASSET_PATHS\=YES_ERROR
    export VALIDATE_PRODUCT\=YES
    export VALID_ARCHS\=arm64\ arm64e\ arm64e.x1\ armv7\ armv7s
    export VERBOSE_PBXCP\=NO
    export VERSION_INFO_BUILDER\=gumclaw
    export VERSION_INFO_FILE\=ExpoWidgets_vers.c
    export VERSION_INFO_STRING\=\"@\(\#\)PROGRAM:ExpoWidgets\ \ PROJECT:Pods-\"
    export WORKSPACE_DIR\=/Users/gumclaw/work/gp2974-device/ios
    export WRAP_ASSET_PACKS_IN_SEPARATE_DIRECTORIES\=NO
    export XCODE_APP_SUPPORT_DIR\=/Applications/Xcode.app/Contents/Developer/Library/Xcode
    export XCODE_PRODUCT_BUILD_VERSION\=27A266a
    export XCODE_VERSION_ACTUAL\=2700
    export XCODE_VERSION_MAJOR\=2700
    export XCODE_VERSION_MINOR\=2700
    export XPCSERVICES_FOLDER_PATH\=/XPCServices
    export YACC\=yacc
    export _DISCOVER_COMMAND_LINE_LINKER_INPUTS\=YES
    export _DISCOVER_COMMAND_LINE_LINKER_INPUTS_INCLUDE_WL\=YES
    export _LD_MULTIARCH\=YES
    export _SWIFT_EXPLICIT_MODULES_ALLOW_CXX_INTEROP\=NO
    export __ARCHS__\=arm64
    export __DIAGNOSE_DEPRECATED_ARCHS\=YES
    export __DIAGNOSE_INVALID_DEPLOYMENT_TARGET_AS_ERROR\=YES
    export __ORIGINAL_SDK_DEFINED_LLVM_TARGET_TRIPLE_SYS\=ios
    export arch\=undefined_arch
    export variant\=normal
    /bin/sh -c /Users/gumclaw/work/gp2974-device/ios/build/dd/Build/Intermediates.noindex/Pods.build/Release-iphoneos/ExpoWidgets.build/Script-46EB2E000320B0.sh
Preparing ExpoWidgets.bundle...
Copying /Users/gumclaw/work/gp2974-device/node_modules/expo-widgets/ios/../bundle/build/ExpoWidgets.bundle to /Users/gumclaw/work/gp2974-device/ios/build/dd/Build/Products/Release-iphoneos/ExpoWidgets//ExpoWidgets.bundle

note: Run script build phase '[Expo] Configure project' will be run during every build because the option to run the script phase "Based on dependency analysis" is unchecked. (in target 'ExpoWidgetsTarget' from project 'Gumroad')
PhaseScriptExecution [Expo]\ Configure\ project /Users/gumclaw/work/gp2974-device/ios/build/dd/Build/Intermediates.noindex/Gumroad.build/Release-iphoneos/ExpoWidgetsTarget.build/Script-2B99457DA8119903C5EAFBCE.sh (in target 'ExpoWidgetsTarget' from project 'Gumroad')
    cd /Users/gumclaw/work/gp2974-device/ios
    export ACTION\=build
    export AD_HOC_CODE_SIGNING_ALLOWED\=NO
    export ALLOW_BUILD_REQUEST_OVERRIDES\=NO
    export ALLOW_TARGET_PLATFORM_SPECIALIZATION\=NO
    export ALTERNATE_GROUP\=staff
    export ALTERNATE_MODE\=u+w,go-w,a+rX
    export ALTERNATE_OWNER\=gumclaw
    export ALTERNATIVE_DISTRIBUTION_WEB\=NO
    export ALWAYS_EMBED_SWIFT_STANDARD_LIBRARIES\=NO
    export ALWAYS_SEARCH_USER_PATHS\=NO
    export ALWAYS_USE_SEPARATE_HEADERMAPS\=NO
    export ANDROID_DEPLOYMENT_TARGET\=21.0
    export APPLICATION_EXTENSION_API_ONLY\=YES
    export APPLY_RULES_IN_COPY_FILES\=NO
    export APPLY_RULES_IN_COPY_HEADERS\=NO
    export APP_SHORTCUTS_ENABLE_FLEXIBLE_MATCHING\=YES
    export ARCHS\=arm64
    export ARCHS_BASE\=arm64
    export ARCHS_STANDARD\=arm64
    export ARCHS_STANDARD_32_64_BIT\=armv7\ arm64
    export ARCHS_STANDARD_32_BIT\=armv7
    export ARCHS_STANDARD_64_BIT\=arm64
    export ARCHS_STANDARD_INCLUDING_64_BIT\=arm64
    export ARCHS_UNIVERSAL_IPHONE_OS\=armv7\ arm64
    export ARCH_COHORT_arm64e\=arm64e\ arm64e.x1
    export ASSETCATALOG_COMPILER_STANDALONE_ICON_BEHAVIOR\=all
    export ASSETCATALOG_FILTER_FOR_DEVICE_MODEL\=iPhone18,3
    export ASSETCATALOG_FILTER_FOR_DEVICE_OS_VERSION\=26.4.2
    export ASSETCATALOG_FILTER_FOR_THINNING_DEVICE_CONFIGURATION\=iPhone18,3
    export AUTOMATICALLY_MERGE_DEPENDENCIES\=NO
    export AUTOMATION_APPLE_EVENTS\=NO
    export AVAILABLE_PLATFORMS\=android\ appletvos\ appletvsimulator\ driverkit\ freebsd\ iphoneos\ iphonesimulator\ linux\ macosx\ none\ openbsd\ qnx\ staticlinux\ watchos\ watchsimulator\ webassembly\ xros\ xrsimulator
    export AppIdentifierPrefix\=66LJACJ2U7.
    export BUILD_ACTIVE_RESOURCES_ONLY\=YES
    export BUILD_COMPONENTS\=headers\ build
    export BUILD_DIR\=/Users/gumclaw/work/gp2974-device/ios/build/dd/Build/Products
    export BUILD_LIBRARY_FOR_DISTRIBUTION\=NO
    export BUILD_ONLY_KNOWN_LOCALIZATIONS\=NO
    export BUILD_ROOT\=/Users/gumclaw/work/gp2974-device/ios/build/dd/Build/Products
    export BUILD_STYLE\=
    export BUILD_VARIANTS\=normal
    export BUILT_PRODUCTS_DIR\=/Users/gumclaw/work/gp2974-device/ios/build/dd/Build/Products/Release-iphoneos
    export BUNDLE_CONTENTS_FOLDER_PATH_deep\=Contents/
    export BUNDLE_EXECUTABLE_FOLDER_NAME_deep\=MacOS
    export BUNDLE_EXTENSIONS_FOLDER_PATH\=Extensions
    export BUNDLE_FORMAT\=shallow
    export BUNDLE_FRAMEWORKS_FOLDER_PATH\=Frameworks
    export BUNDLE_PLUGINS_FOLDER_PATH\=PlugIns
    export BUNDLE_PRIVATE_HEADERS_FOLDER_PATH\=PrivateHeaders
    export BUNDLE_PUBLIC_HEADERS_FOLDER_PATH\=Headers
    export CACHE_ROOT\=/var/folders/b8/m3wdk1md2zx4zcr6xhkd2k2m0000gq/C/com.apple.DeveloperTools/27.0-27A266a/Xcode
    export CCHROOT\=/var/folders/b8/m3wdk1md2zx4zcr6xhkd2k2m0000gq/C/com.apple.DeveloperTools/27.0-27A266a/Xcode
    export CHMOD\=/bin/chmod
    export CHOWN\=chown
    export CLANG_ANALYZER_LOCALIZABILITY_NONLOCALIZED\=YES
    export CLANG_CACHE_FINE_GRAINED_OUTPUTS\=YES
    export CLANG_CXX_LANGUAGE_STANDARD\=c++20
    export CLANG_CXX_LIBRARY\=libc++
    export CLANG_ENABLE_EXPLICIT_MODULES\=YES
    export CLANG_ENABLE_MODULES\=YES
    export CLANG_ENABLE_OBJC_ARC\=YES
    export CLANG_MODULES_BUILD_SESSION_FILE\=/Users/gumclaw/work/gp2974-device/ios/build/dd/ModuleCache.noindex/Session.modulevalidation
    export CLANG_WARN_BLOCK_CAPTURE_AUTORELEASING\=YES
    export CLANG_WARN_BOOL_CONVERSION\=YES
    export CLANG_WARN_COMMA\=YES
    export CLANG_WARN_CONSTANT_CONVERSION\=YES
    export CLANG_WARN_DEPRECATED_OBJC_IMPLEMENTATIONS\=YES
    export CLANG_WARN_DIRECT_OBJC_ISA_USAGE\=YES_ERROR
    export CLANG_WARN_EMPTY_BODY\=YES
    export CLANG_WARN_ENUM_CONVERSION\=YES
    export CLANG_WARN_INFINITE_RECURSION\=YES
    export CLANG_WARN_INT_CONVERSION\=YES
    export CLANG_WARN_NON_LITERAL_NULL_CONVERSION\=YES
    export CLANG_WARN_OBJC_IMPLICIT_RETAIN_SELF\=YES
    export CLANG_WARN_OBJC_LITERAL_CONVERSION\=YES
    export CLANG_WARN_OBJC_ROOT_CLASS\=YES_ERROR
    export CLANG_WARN_QUOTED_INCLUDE_IN_FRAMEWORK_HEADER\=NO
    export CLANG_WARN_RANGE_LOOP_ANALYSIS\=YES
    export CLANG_WARN_STRICT_PROTOTYPES\=YES
    export CLANG_WARN_SUSPICIOUS_MOVE\=YES
    export CLANG_WARN_UNREACHABLE_CODE\=YES
    export CLANG_WARN__DUPLICATE_METHOD_MATCH\=YES
    export CLASS_FILE_DIR\=/Users/gumclaw/work/gp2974-device/ios/build/dd/Build/Intermediates.noindex/Gumroad.build/Release-iphoneos/ExpoWidgetsTarget.build/JavaClasses
    export CLEAN_PRECOMPS\=YES
    export CLONE_HEADERS\=NO
    export CODESIGNING_FOLDER_PATH\=/Users/gumclaw/work/gp2974-device/ios/build/dd/Build/Products/Release-iphoneos/ExpoWidgetsTarget.appex
    export CODE_SIGNING_ALLOWED\=YES
    export CODE_SIGNING_REQUIRED\=YES
    export CODE_SIGN_CONTEXT_CLASS\=XCiPhoneOSCodeSignContext
    export CODE_SIGN_ENTITLEMENTS\=ExpoWidgetsTarget/ExpoWidgetsTarget.entitlements
    export CODE_SIGN_IDENTITY\=iPhone\ Developer:\ Created\ via\ API\ \(GPLPV4AXJ9\)
    export CODE_SIGN_INJECT_BASE_ENTITLEMENTS\=YES
    export CODE_SIGN_STYLE\=Manual
    export COLOR_DIAGNOSTICS\=NO
    export COMBINE_HIDPI_IMAGES\=NO
    export COMPILATION_CACHE_CAS_PATH\=/Users/gumclaw/work/gp2974-device/ios/build/dd/CompilationCache.noindex
    export COMPILATION_CACHE_KEEP_CAS_DIRECTORY\=YES
    export COMPILER_INDEX_STORE_ENABLE\=Default
    export COMPOSITE_SDK_DIRS\=/Users/gumclaw/work/gp2974-device/ios/build/dd/Build/Intermediates.noindex/CompositeSDKs
    export COMPRESS_PNG_FILES\=YES
    export CONFIGURATION\=Release
    export CONFIGURATION_BUILD_DIR\=/Users/gumclaw/work/gp2974-device/ios/build/dd/Build/Products/Release-iphoneos
    export CONFIGURATION_TEMP_DIR\=/Users/gumclaw/work/gp2974-device/ios/build/dd/Build/Intermediates.noindex/Gumroad.build/Release-iphoneos
    export CONTENTS_FOLDER_PATH\=ExpoWidgetsTarget.appex
    export CONTENTS_FOLDER_PATH_SHALLOW_BUNDLE_NO\=ExpoWidgetsTarget.appex/Contents
    export CONTENTS_FOLDER_PATH_SHALLOW_BUNDLE_YES\=ExpoWidgetsTarget.appex
    export COPYING_PRESERVES_HFS_DATA\=NO
    export COPY_HEADERS_RUN_UNIFDEF\=NO
    export COPY_PHASE_STRIP\=YES
    export CORRESPONDING_SIMULATOR_PLATFORM_DIR\=/Applications/Xcode.app/Contents/Developer/Platforms/iPhoneSimulator.platform
    export CORRESPONDING_SIMULATOR_PLATFORM_NAME\=iphonesimulator
    export CORRESPONDING_SIMULATOR_SDK_DIR\=/Applications/Xcode.app/Contents/Developer/Platforms/iPhoneSimulator.platform/Developer/SDKs/iPhoneSimulator27.0.sdk
    export CORRESPONDING_SIMULATOR_SDK_NAME\=iphonesimulator27.0
    export CP\=/bin/cp
    export CREATE_INFOPLIST_SECTION_IN_BINARY\=NO
    export CURRENT_ARCH\=undefined_arch
    export CURRENT_PROJECT_VERSION\=1
    export CURRENT_VARIANT\=normal
    export DEAD_CODE_STRIPPING\=YES
    export DEBUGGING_SYMBOLS\=YES
    export DEBUG_INFORMATION_FORMAT\=dwarf-with-dsym
    export DEBUG_INFORMATION_VERSION\=compiler-default
    export DEFAULT_COMPILER\=com.apple.compilers.llvm.clang.1_0
    export DEFAULT_DEXT_INSTALL_PATH\=/System/Library/DriverExtensions
    export DEFAULT_KEXT_INSTALL_PATH\=/System/Library/Extensions
    export DEFINES_MODULE\=NO
    export DEPLOYMENT_LOCATION\=NO
    export DEPLOYMENT_POSTPROCESSING\=NO
    export DEPLOYMENT_TARGET_SETTING_NAME\=IPHONEOS_DEPLOYMENT_TARGET
    export DEPLOYMENT_TARGET_SUGGESTED_VALUES\=15.0\ 15.1\ 15.2\ 15.3\ 15.4\ 15.5\ 15.6\ 16.0\ 16.1\ 16.2\ 16.3\ 16.4\ 16.5\ 16.6\ 17.0\ 17.1\ 17.2\ 17.3\ 17.4\ 17.5\ 17.6\ 18.0\ 18.1\ 18.2\ 18.3\ 18.4\ 18.5\ 18.6\ 26.0\ 26.2\ 26.3\ 26.4\ 26.5\ 26.6\ 27.0
    export DERIVED_FILES_DIR\=/Users/gumclaw/work/gp2974-device/ios/build/dd/Build/Intermediates.noindex/Gumroad.build/Release-iphoneos/ExpoWidgetsTarget.build/DerivedSources
    export DERIVED_FILE_DIR\=/Users/gumclaw/work/gp2974-device/ios/build/dd/Build/Intermediates.noindex/Gumroad.build/Release-iphoneos/ExpoWidgetsTarget.build/DerivedSources
    export DERIVED_SOURCES_DIR\=/Users/gumclaw/work/gp2974-device/ios/build/dd/Build/Intermediates.noindex/Gumroad.build/Release-iphoneos/ExpoWidgetsTarget.build/DerivedSources
    export DERIVE_MACCATALYST_PRODUCT_BUNDLE_IDENTIFIER\=NO
    export DEVELOPER_APPLICATIONS_DIR\=/Applications/Xcode.app/Contents/Developer/Applications
    export DEVELOPER_BIN_DIR\=/Applications/Xcode.app/Contents/Developer/usr/bin
    export DEVELOPER_DIR\=/Applications/Xcode.app/Contents/Developer
    export DEVELOPER_FRAMEWORKS_DIR\=/Applications/Xcode.app/Contents/Developer/Library/Frameworks
    export DEVELOPER_FRAMEWORKS_DIR_QUOTED\=/Applications/Xcode.app/Contents/Developer/Library/Frameworks
    export DEVELOPER_LIBRARY_DIR\=/Applications/Xcode.app/Contents/Developer/Library
    export DEVELOPER_SDK_DIR\=/Applications/Xcode.app/Contents/Developer/Platforms/MacOSX.platform/Developer/SDKs
    export DEVELOPER_TOOLS_DIR\=/Applications/Xcode.app/Contents/Developer/Tools
    export DEVELOPER_USR_DIR\=/Applications/Xcode.app/Contents/Developer/usr
    export DEVELOPMENT_LANGUAGE\=en
    export DEVELOPMENT_TEAM\=66LJACJ2U7
    export DIAGNOSE_MISSING_TARGET_DEPENDENCIES\=YES
    export DIFF\=/usr/bin/diff
    export DOCUMENTATION_FOLDER_PATH\=ExpoWidgetsTarget.appex/en.lproj/Documentation
    export DONT_GENERATE_INFOPLIST_FILE\=NO
    export DSTROOT\=/tmp/Gumroad.dst
    export DT_TOOLCHAIN_DIR\=/Applications/Xcode.app/Contents/Developer/Toolchains/XcodeDefault.xctoolchain
    export DWARF_DSYM_FILE_NAME\=ExpoWidgetsTarget.appex.dSYM
    export DWARF_DSYM_FILE_SHOULD_ACCOMPANY_PRODUCT\=NO
    export DWARF_DSYM_FOLDER_PATH\=/Users/gumclaw/work/gp2974-device/ios/build/dd/Build/Products/Release-iphoneos
    export DYNAMIC_LIBRARY_EXTENSION\=dylib
    export EAGER_COMPILATION_ALLOW_SCRIPTS\=NO
    export EAGER_LINKING\=NO
    export EFFECTIVE_PLATFORM_NAME\=-iphoneos
    export EFFECTIVE_SWIFT_VERSION\=5
    export EMBEDDED_CONTENT_CONTAINS_SWIFT\=NO
    export EMBEDDED_PROFILE_NAME\=embedded.mobileprovision
    export EMBED_ASSET_PACKS_IN_PRODUCT_BUNDLE\=NO
    export ENABLE_APP_SANDBOX\=NO
    export ENABLE_CODE_COVERAGE\=YES
    export ENABLE_COHORT_ARCHS\=YES
    export ENABLE_CPLUSPLUS_BOUNDS_SAFE_BUFFERS\=NO
    export ENABLE_C_BOUNDS_SAFETY\=NO
    export ENABLE_DEBUG_DYLIB\=YES
    export ENABLE_DEFAULT_HEADER_SEARCH_PATHS\=YES
    export ENABLE_DEFAULT_SEARCH_PATHS\=YES
    export ENABLE_ENHANCED_SECURITY\=NO
    export ENABLE_HARDENED_RUNTIME\=NO
    export ENABLE_HARDWARE_CHECKED_POINTER_ARITHMETIC_SLICE\=NO
    export ENABLE_HEADER_DEPENDENCIES\=YES
    export ENABLE_INCOMING_NETWORK_CONNECTIONS\=NO
    export ENABLE_NS_ASSERTIONS\=NO
    export ENABLE_ON_DEMAND_RESOURCES\=NO
    export ENABLE_OUTGOING_NETWORK_CONNECTIONS\=NO
    export ENABLE_POINTER_AUTHENTICATION\=NO
    export ENABLE_PREVIEWS\=NO
    export ENABLE_RESOURCE_ACCESS_AUDIO_INPUT\=NO
    export ENABLE_RESOURCE_ACCESS_BLUETOOTH\=NO
    export ENABLE_RESOURCE_ACCESS_CALENDARS\=NO
    export ENABLE_RESOURCE_ACCESS_CAMERA\=NO
    export ENABLE_RESOURCE_ACCESS_CONTACTS\=NO
    export ENABLE_RESOURCE_ACCESS_LOCATION\=NO
    export ENABLE_RESOURCE_ACCESS_PHOTO_LIBRARY\=NO
    export ENABLE_RESOURCE_ACCESS_PRINTING\=NO
    export ENABLE_RESOURCE_ACCESS_USB\=NO
    export ENABLE_SDK_IMPORTS\=NO
    export ENABLE_SECURITY_COMPILER_WARNINGS\=NO
    export ENABLE_STRICT_OBJC_MSGSEND\=YES
    export ENABLE_TESTABILITY\=NO
    export ENABLE_TESTING_SEARCH_PATHS\=NO
    export ENABLE_USER_SCRIPT_SANDBOXING\=NO
    export ENABLE_XOJIT_PREVIEWS\=YES
    export ENFORCE_VALID_ARCHS\=YES
    export ENTITLEMENTS_DESTINATION\=Signature
    export ENTITLEMENTS_REQUIRED\=NO
    export EXCLUDED_INSTALLSRC_SUBDIRECTORY_PATTERNS\=.DS_Store\ .svn\ .git\ .hg\ CVS
    export EXCLUDED_RECURSIVE_SEARCH_PATH_SUBDIRECTORIES\=\*.nib\ \*.lproj\ \*.framework\ \*.gch\ \*.xcode\*\ \*.xcassets\ \*.icon\ \(\*\)\ .DS_Store\ CVS\ .svn\ .git\ .hg\ \*.pbproj\ \*.pbxproj
    export EXECUTABLES_FOLDER_PATH\=ExpoWidgetsTarget.appex/Executables
    export EXECUTABLE_BLANK_INJECTION_DYLIB_PATH\=ExpoWidgetsTarget.appex/__preview.dylib
    export EXECUTABLE_DEBUG_DYLIB_INSTALL_NAME\=@rpath/ExpoWidgetsTarget.debug.dylib
    export EXECUTABLE_DEBUG_DYLIB_PATH\=ExpoWidgetsTarget.appex/ExpoWidgetsTarget.debug.dylib
    export EXECUTABLE_FOLDER_PATH\=ExpoWidgetsTarget.appex
    export EXECUTABLE_FOLDER_PATH_SHALLOW_BUNDLE_NO\=ExpoWidgetsTarget.appex/MacOS
    export EXECUTABLE_FOLDER_PATH_SHALLOW_BUNDLE_YES\=ExpoWidgetsTarget.appex
    export EXECUTABLE_NAME\=ExpoWidgetsTarget
    export EXECUTABLE_PATH\=ExpoWidgetsTarget.appex/ExpoWidgetsTarget
    export EXPANDED_CODE_SIGN_IDENTITY\=8C68E33CFE6F1FCCE165B0FEB20266B64437E199
    export EXPANDED_CODE_SIGN_IDENTITY_NAME\=iPhone\ Developer:\ Created\ via\ API\ \(GPLPV4AXJ9\)
    export EXPANDED_PROVISIONING_PROFILE\=f38e7708-85e9-4627-a2e8-9b19ee6528d3
    export EXTENSIONS_FOLDER_PATH\=ExpoWidgetsTarget.appex/Extensions
    export FILE_LIST\=/Users/gumclaw/work/gp2974-device/ios/build/dd/Build/Intermediates.noindex/Gumroad.build/Release-iphoneos/ExpoWidgetsTarget.build/Objects/LinkFileList
    export FIXED_FILES_DIR\=/Users/gumclaw/work/gp2974-device/ios/build/dd/Build/Intermediates.noindex/Gumroad.build/Release-iphoneos/ExpoWidgetsTarget.build/FixedFiles
    export FRAMEWORKS_FOLDER_PATH\=ExpoWidgetsTarget.appex/Frameworks
    export FRAMEWORK_FLAG_PREFIX\=-framework
    export FRAMEWORK_SEARCH_PATHS\=/Users/gumclaw/work/gp2974-device/ios/build/dd/Build/Products/Release-iphoneos\ \ \"/Users/gumclaw/work/gp2974-device/ios/Pods/React-Core-prebuilt\"\ \"/Users/gumclaw/work/gp2974-device/ios/Pods/ReactNativeDependencies/framework/packages/react-native\"\ \"/Users/gumclaw/work/gp2974-device/ios/Pods/hermes-engine/destroot/Library/Frameworks/universal\"\ \"/Users/gumclaw/work/gp2974-device/ios/build/dd/Build/Products/Release-iphoneos/XCFrameworkIntermediates/React-Core-prebuilt\"\ \"/Users/gumclaw/work/gp2974-device/ios/build/dd/Build/Products/Release-iphoneos/XCFrameworkIntermediates/ReactNativeDependencies\"\ \"/Users/gumclaw/work/gp2974-device/ios/build/dd/Build/Products/Release-iphoneos/XCFrameworkIntermediates/hermes-engine/Pre-built\"
    export FRAMEWORK_VERSION\=A
    export FULL_PRODUCT_NAME\=ExpoWidgetsTarget.appex
    export FUSE_BUILD_PHASES\=YES
    export FUSE_BUILD_SCRIPT_PHASES\=NO
    export GCC3_VERSION\=3.3
    export GCC_C_LANGUAGE_STANDARD\=gnu99
    export GCC_INLINES_ARE_PRIVATE_EXTERN\=YES
    export GCC_NO_COMMON_BLOCKS\=YES
    export GCC_PFE_FILE_C_DIALECTS\=c\ objective-c\ c++\ objective-c++
    export GCC_PREPROCESSOR_DEFINITIONS\=\ COCOAPODS\=1
    export GCC_THUMB_SUPPORT\=YES
    export GCC_TREAT_WARNINGS_AS_ERRORS\=NO
    export GCC_VERSION\=com.apple.compilers.llvm.clang.1_0
    export GCC_VERSION_IDENTIFIER\=com_apple_compilers_llvm_clang_1_0
    export GCC_WARN_64_TO_32_BIT_CONVERSION\=YES
    export GCC_WARN_ABOUT_RETURN_TYPE\=YES_ERROR
    export GCC_WARN_UNDECLARED_SELECTOR\=YES
    export GCC_WARN_UNINITIALIZED_AUTOS\=YES_AGGRESSIVE
    export GCC_WARN_UNUSED_FUNCTION\=YES
    export GCC_WARN_UNUSED_VARIABLE\=YES
    export GENERATED_MODULEMAP_DIR\=/Users/gumclaw/work/gp2974-device/ios/build/dd/Build/Intermediates.noindex/GeneratedModuleMaps-iphoneos
    export GENERATE_INFOPLIST_FILE\=YES
    export GENERATE_INTERMEDIATE_TEXT_BASED_STUBS\=YES
    export GENERATE_PKGINFO_FILE\=NO
    export GENERATE_PRELINK_OBJECT_FILE\=NO
    export GENERATE_PROFILING_CODE\=NO
    export GENERATE_TEXT_BASED_STUBS\=NO
    export GID\=20
    export GROUP\=staff
    export HEADERMAP_INCLUDES_FLAT_ENTRIES_FOR_TARGET_BEING_BUILT\=YES
    export HEADERMAP_INCLUDES_FRAMEWORK_ENTRIES_FOR_ALL_PRODUCT_TYPES\=YES
    export HEADERMAP_INCLUDES_FRAMEWORK_ENTRIES_FOR_TARGETS_NOT_BEING_BUILT\=YES
    export HEADERMAP_INCLUDES_NONPUBLIC_NONPRIVATE_HEADERS\=YES
    export HEADERMAP_INCLUDES_PROJECT_HEADERS\=YES
    export HEADERMAP_USES_FRAMEWORK_PREFIX_ENTRIES\=YES
    export HEADERMAP_USES_VFS\=NO
    export HEADER_SEARCH_PATHS\=/Users/gumclaw/work/gp2974-device/ios/build/dd/Build/Products/Release-iphoneos/include\ \ \"/Users/gumclaw/work/gp2974-device/ios/Pods/Headers/Public\"\ \"/Users/gumclaw/work/gp2974-device/ios/Pods/Headers/Public/BVLinearGradient\"\ \"/Users/gumclaw/work/gp2974-device/ios/Pods/Headers/Public/EXApplication\"\ \"/Users/gumclaw/work/gp2974-device/ios/Pods/Headers/Public/EXConstants\"\ \"/Users/gumclaw/work/gp2974-device/ios/Pods/Headers/Public/EXJSONUtils\"\ \"/Users/gumclaw/work/gp2974-device/ios/Pods/Headers/Public/Expo\"\ \"/Users/gumclaw/work/gp2974-device/ios/Pods/Headers/Public/ExpoFileSystem\"\ \"/Users/gumclaw/work/gp2974-device/ios/Pods/Headers/Public/ExpoModulesCore\"\ \"/Users/gumclaw/work/gp2974-device/ios/Pods/Headers/Public/ExpoModulesJSI\"\ \"/Users/gumclaw/work/gp2974-device/ios/Pods/Headers/Public/ExpoScreenOrientation\"\ \"/Users/gumclaw/work/gp2974-device/ios/Pods/Headers/Public/ExpoTaskManager\"\ \"/Users/gumclaw/work/gp2974-device/ios/Pods/Headers/Public/ExpoUI\"\ \"/Users/gumclaw/work/gp2974-device/ios/Pods/Headers/Public/FBLazyVector\"\ \"/Users/gumclaw/work/gp2974-device/ios/Pods/Headers/Public/RCTDeprecation\"\ \"/Users/gumclaw/work/gp2974-device/ios/Pods/Headers/Public/RCTRequired\"\ \"/Users/gumclaw/work/gp2974-device/ios/Pods/Headers/Public/RCTSwiftUIWrapper\"\ \"/Users/gumclaw/work/gp2974-device/ios/Pods/Headers/Public/RCTTypeSafety\"\ \"/Users/gumclaw/work/gp2974-device/ios/Pods/Headers/Public/RNGestureHandler\"\ \"/Users/gumclaw/work/gp2974-device/ios/Pods/Headers/Public/RNReanimated\"\ \"/Users/gumclaw/work/gp2974-device/ios/Pods/Headers/Public/RNSVG\"\ \"/Users/gumclaw/work/gp2974-device/ios/Pods/Headers/Public/RNScreens\"\ \"/Users/gumclaw/work/gp2974-device/ios/Pods/Headers/Public/RNSentry\"\ \"/Users/gumclaw/work/gp2974-device/ios/Pods/Headers/Public/RNWorklets\"\ \"/Users/gumclaw/work/gp2974-device/ios/Pods/Headers/Public/React-Core\"\ \"/Users/gumclaw/work/gp2974-device/ios/Pods/Headers/Public/React-Core-prebuilt\"\ \"/Users/gumclaw/work/gp2974-device/ios/Pods/Headers/Public/React-CoreModules\"\ \"/Users/gumclaw/work/gp2974-device/ios/Pods/Headers/Public/React-Fabric\"\ \"/Users/gumclaw/work/gp2974-device/ios/Pods/Headers/Public/React-FabricComponents\"\ \"/Users/gumclaw/work/gp2974-device/ios/Pods/Headers/Public/React-FabricImage\"\ \"/Users/gumclaw/work/gp2974-device/ios/Pods/Headers/Public/React-ImageManager\"\ \"/Users/gumclaw/work/gp2974-device/ios/Pods/Headers/Public/React-Mapbuffer\"\ \"/Users/gumclaw/work/gp2974-device/ios/Pods/Headers/Public/React-NativeModulesApple\"\ \"/Users/gumclaw/work/gp2974-device/ios/Pods/Headers/Public/React-RCTAnimation\"\ \"/Users/gumclaw/work/gp2974-device/ios/Pods/Headers/Public/React-RCTAppDelegate\"\ \"/Users/gumclaw/work/gp2974-device/ios/Pods/Headers/Public/React-RCTBlob\"\ \"/Users/gumclaw/work/gp2974-device/ios/Pods/Headers/Public/React-RCTFBReactNativeSpec\"\ \"/Users/gumclaw/work/gp2974-device/ios/Pods/Headers/Public/React-RCTFabric\"\ \"/Users/gumclaw/work/gp2974-device/ios/Pods/Headers/Public/React-RCTImage\"\ \"/Users/gumclaw/work/gp2974-device/ios/Pods/Headers/Public/React-RCTRuntime\"\ \"/Users/gumclaw/work/gp2974-device/ios/Pods/Headers/Public/React-RCTSettings\"\ \"/Users/gumclaw/work/gp2974-device/ios/Pods/Headers/Public/React-RCTText\"\ \"/Users/gumclaw/work/gp2974-device/ios/Pods/Headers/Public/React-RCTVibration\"\ \"/Users/gumclaw/work/gp2974-device/ios/Pods/Headers/Public/React-RuntimeApple\"\ \"/Users/gumclaw/work/gp2974-device/ios/Pods/Headers/Public/React-RuntimeCore\"\ \"/Users/gumclaw/work/gp2974-device/ios/Pods/Headers/Public/React-RuntimeHermes\"\ \"/Users/gumclaw/work/gp2974-device/ios/Pods/Headers/Public/React-callinvoker\"\ \"/Users/gumclaw/work/gp2974-device/ios/Pods/Headers/Public/React-cxxreact\"\ \"/Users/gumclaw/work/gp2974-device/ios/Pods/Headers/Public/React-debug\"\ \"/Users/gumclaw/work/gp2974-device/ios/Pods/Headers/Public/React-defaultsnativemodule\"\ \"/Users/gumclaw/work/gp2974-device/ios/Pods/Headers/Public/React-domnativemodule\"\ \"/Users/gumclaw/work/gp2974-device/ios/Pods/Headers/Public/React-featureflags\"\ \"/Users/gumclaw/work/gp2974-device/ios/Pods/Headers/Public/React-featureflagsnativemodule\"\ \"/Users/gumclaw/work/gp2974-device/ios/Pods/Headers/Public/React-graphics\"\ \"/Users/gumclaw/work/gp2974-device/ios/Pods/Headers/Public/React-hermes\"\ \"/Users/gumclaw/work/gp2974-device/ios/Pods/Headers/Public/React-idlecallbacksnativemodule\"\ \"/Users/gumclaw/work/gp2974-device/ios/Pods/Headers/Public/React-intersectionobservernativemodule\"\ \"/Users/gumclaw/work/gp2974-device/ios/Pods/Headers/Public/React-jserrorhandler\"\ \"/Users/gumclaw/work/gp2974-device/ios/Pods/Headers/Public/React-jsi\"\ \"/Users/gumclaw/work/gp2974-device/ios/Pods/Headers/Public/React-jsiexecutor\"\ \"/Users/gumclaw/work/gp2974-device/ios/Pods/Headers/Public/React-jsinspector\"\ \"/Users/gumclaw/work/gp2974-device/ios/Pods/Headers/Public/React-jsinspectorcdp\"\ \"/Users/gumclaw/work/gp2974-device/ios/Pods/Headers/Public/React-jsinspectornetwork\"\ \"/Users/gumclaw/work/gp2974-device/ios/Pods/Headers/Public/React-jsinspectortracing\"\ \"/Users/gumclaw/work/gp2974-device/ios/Pods/Headers/Public/React-jsitooling\"\ \"/Users/gumclaw/work/gp2974-device/ios/Pods/Headers/Public/React-logger\"\ \"/Users/gumclaw/work/gp2974-device/ios/Pods/Headers/Public/React-microtasksnativemodule\"\ \"/Users/gumclaw/work/gp2974-device/ios/Pods/Headers/Public/React-networking\"\ \"/Users/gumclaw/work/gp2974-device/ios/Pods/Headers/Public/React-oscompat\"\ \"/Users/gumclaw/work/gp2974-device/ios/Pods/Headers/Public/React-perflogger\"\ \"/Users/gumclaw/work/gp2974-device/ios/Pods/Headers/Public/React-performancecdpmetrics\"\ \"/Users/gumclaw/work/gp2974-device/ios/Pods/Headers/Public/React-performancetimeline\"\ \"/Users/gumclaw/work/gp2974-device/ios/Pods/Headers/Public/React-rendererconsistency\"\ \"/Users/gumclaw/work/gp2974-device/ios/Pods/Headers/Public/React-renderercss\"\ \"/Users/gumclaw/work/gp2974-device/ios/Pods/Headers/Public/React-rendererdebug\"\ \"/Users/gumclaw/work/gp2974-device/ios/Pods/Headers/Public/React-runtimeexecutor\"\ \"/Users/gumclaw/work/gp2974-device/ios/Pods/Headers/Public/React-runtimescheduler\"\ \"/Users/gumclaw/work/gp2974-device/ios/Pods/Headers/Public/React-timing\"\ \"/Users/gumclaw/work/gp2974-device/ios/Pods/Headers/Public/React-utils\"\ \"/Users/gumclaw/work/gp2974-device/ios/Pods/Headers/Public/React-webperformancenativemodule\"\ \"/Users/gumclaw/work/gp2974-device/ios/Pods/Headers/Public/ReactAppDependencyProvider\"\ \"/Users/gumclaw/work/gp2974-device/ios/Pods/Headers/Public/ReactCodegen\"\ \"/Users/gumclaw/work/gp2974-device/ios/Pods/Headers/Public/ReactCommon\"\ \"/Users/gumclaw/work/gp2974-device/ios/Pods/Headers/Public/ReactNativeDependencies\"\ \"/Users/gumclaw/work/gp2974-device/ios/Pods/Headers/Public/SDWebImage\"\ \"/Users/gumclaw/work/gp2974-device/ios/Pods/Headers/Public/SDWebImageAVIFCoder\"\ \"/Users/gumclaw/work/gp2974-device/ios/Pods/Headers/Public/SDWebImageSVGCoder\"\ \"/Users/gumclaw/work/gp2974-device/ios/Pods/Headers/Public/SDWebImageWebPCoder\"\ \"/Users/gumclaw/work/gp2974-device/ios/Pods/Headers/Public/Sentry\"\ \"/Users/gumclaw/work/gp2974-device/ios/Pods/Headers/Public/UMAppLoader\"\ \"/Users/gumclaw/work/gp2974-device/ios/Pods/Headers/Public/Yoga\"\ \"/Users/gumclaw/work/gp2974-device/ios/Pods/Headers/Public/expo-dev-launcher\"\ \"/Users/gumclaw/work/gp2974-device/ios/Pods/Headers/Public/expo-dev-menu\"\ \"/Users/gumclaw/work/gp2974-device/ios/Pods/Headers/Public/hermes-engine\"\ \"/Users/gumclaw/work/gp2974-device/ios/Pods/Headers/Public/libavif\"\ \"/Users/gumclaw/work/gp2974-device/ios/Pods/Headers/Public/libdav1d\"\ \"/Users/gumclaw/work/gp2974-device/ios/Pods/Headers/Public/libwebp\"\ \"/Users/gumclaw/work/gp2974-device/ios/Pods/Headers/Public/react-native-blob-util\"\ \"/Users/gumclaw/work/gp2974-device/ios/Pods/Headers/Public/react-native-context-menu-view\"\ \"/Users/gumclaw/work/gp2974-device/ios/Pods/Headers/Public/react-native-pdf\"\ \"/Users/gumclaw/work/gp2974-device/ios/Pods/Headers/Public/react-native-safe-area-context\"\ \"/Users/gumclaw/work/gp2974-device/ios/Pods/Headers/Public/react-native-webview\"\ \"/Users/gumclaw/work/gp2974-device/ios/build/dd/Build/Products/Release-iphoneos/Expo/Swift\ Compatibility\ Header\"\ \"/Users/gumclaw/work/gp2974-device/ios/Pods/Headers/Private/Yoga\"\ \"/Users/gumclaw/work/gp2974-device/ios/build/dd/Build/Products/Release-iphoneos/ExpoModulesCore/Swift\ Compatibility\ Header\"\ \"/Users/gumclaw/work/gp2974-device/ios/Pods/Headers/Private/Yoga\"\ \"/Users/gumclaw/work/gp2974-device/ios/Pods/boost\"\ \"/Users/gumclaw/work/gp2974-device/ios/Pods/boost-for-react-native\"\ \"/Users/gumclaw/work/gp2974-device/ios/Pods/glog\"\ \"/Users/gumclaw/work/gp2974-device/ios/Pods/RCT-Folly\"\ \"/Users/gumclaw/work/gp2974-device/ios/Pods/Headers/Public/React-hermes\"\ \"/Users/gumclaw/work/gp2974-device/ios/Pods/Headers/Public/hermes-engine\"\ \"/Users/gumclaw/work/gp2974-device/ios/Pods/../../node_modules/react-native/ReactCommon\"\ \"/Users/gumclaw/work/gp2974-device/ios/Pods/../../node_modules/react-native-worklets/apple\"\ \"/Users/gumclaw/work/gp2974-device/ios/Pods/../../node_modules/react-native-worklets/Common/cpp\"\ \"/Users/gumclaw/work/gp2974-device/ios/Pods/Headers/Private/React-Core\"\ \"/Users/gumclaw/work/gp2974-device/ios/Pods/Headers/Private/React-Core\"\ \"/Users/gumclaw/work/gp2974-device/ios/Pods/Headers/Private/Yoga\"
    export HERMES_CLI_PATH\=/Users/gumclaw/work/gp2974-device/node_modules/hermes-compiler/hermesc/osx-bin/hermesc
    export HOME\=/Users/gumclaw
    export HOST_ARCH\=arm64
    export HOST_PLATFORM\=macosx
    export ICONV\=/usr/bin/iconv
    export IMPLICIT_DEPENDENCY_DOMAIN\=default
    export INDEX_ENABLE_OPTIMIZATION_LEVEL_OVERRIDE\=YES
    export INDEX_STORE_COMPRESS\=NO
    export INDEX_STORE_ONLY_PROJECT_FILES\=NO
    export INFOPLIST_ENABLE_CFBUNDLEICONS_MERGE\=YES
    export INFOPLIST_EXPAND_BUILD_SETTINGS\=YES
    export INFOPLIST_FILE\=ExpoWidgetsTarget/Info.plist
    export INFOPLIST_KEY_CFBundleDisplayName\=ExpoWidgetsTarget
    export INFOPLIST_OUTPUT_FORMAT\=binary
    export INFOPLIST_PATH\=ExpoWidgetsTarget.appex/Info.plist
    export INFOPLIST_PREPROCESS\=NO
    export INFOSTRINGS_PATH\=ExpoWidgetsTarget.appex/en.lproj/InfoPlist.strings
    export INLINE_PRIVATE_FRAMEWORKS\=NO
    export INSTALLAPI_IGNORE_SKIP_INSTALL\=YES
    export INSTALLHDRS_COPY_PHASE\=NO
    export INSTALLHDRS_SCRIPT_PHASE\=NO
    export INSTALL_DIR\=/tmp/Gumroad.dst
    export INSTALL_GROUP\=staff
    export INSTALL_MODE_FLAG\=u+w,go-w,a+rX
    export INSTALL_OWNER\=gumclaw
    export INSTALL_ROOT\=/tmp/Gumroad.dst
    export IPHONEOS_DEPLOYMENT_TARGET\=16.2
    export IS_UNOPTIMIZED_BUILD\=YES
    export JAVAC_DEFAULT_FLAGS\=-J-Xms64m\ -J-XX:NewSize\=4M\ -J-Dfile.encoding\=UTF8
    export JAVA_APP_STUB\=/System/Library/Frameworks/JavaVM.framework/Resources/MacOS/JavaApplicationStub
    export JAVA_ARCHIVE_CLASSES\=YES
    export JAVA_ARCHIVE_TYPE\=JAR
    export JAVA_COMPILER\=/usr/bin/javac
    export JAVA_FOLDER_PATH\=ExpoWidgetsTarget.appex/Java
    export JAVA_FRAMEWORK_RESOURCES_DIRS\=Resources
    export JAVA_JAR_FLAGS\=cv
    export JAVA_SOURCE_SUBDIR\=.
    export JAVA_USE_DEPENDENCIES\=YES
    export JAVA_ZIP_FLAGS\=-urg
    export JIKES_DEFAULT_FLAGS\=+E\ +OLDCSO
    export KASAN_CFLAGS_CLASSIC\=-DKASAN\=1\ -DKASAN_CLASSIC\=1\ -fsanitize\=address\ -mllvm\ -asan-globals-live-support\ -mllvm\ -asan-force-dynamic-shadow
    export KASAN_CFLAGS_TBI\=-DKASAN\=1\ -DKASAN_TBI\=1\ -fsanitize\=kernel-hwaddress\ -mllvm\ -hwasan-recover\=0\ -mllvm\ -hwasan-instrument-atomics\=0\ -mllvm\ -hwasan-instrument-stack\=1\ -mllvm\ -hwasan-generate-tags-with-calls\=1\ -mllvm\ -hwasan-instrument-with-calls\=1\ -mllvm\ -hwasan-use-short-granules\=0\ -mllvm\ -hwasan-memory-access-callback-prefix\=__asan_
    export KASAN_DEFAULT_CFLAGS\=-DKASAN\=1\ -DKASAN_CLASSIC\=1\ -fsanitize\=address\ -mllvm\ -asan-globals-live-support\ -mllvm\ -asan-force-dynamic-shadow
    export KEEP_PRIVATE_EXTERNS\=NO
    export LD_DEPENDENCY_INFO_FILE\=/Users/gumclaw/work/gp2974-device/ios/build/dd/Build/Intermediates.noindex/Gumroad.build/Release-iphoneos/ExpoWidgetsTarget.build/Objects-normal/undefined_arch/ExpoWidgetsTarget_dependency_info.dat
    export LD_ENTRY_POINT\=_NSExtensionMain
    export LD_EXPORT_SYMBOLS\=YES
    export LD_GENERATE_MAP_FILE\=NO
    export LD_MAP_FILE_PATH\=/Users/gumclaw/work/gp2974-device/ios/build/dd/Build/Intermediates.noindex/Gumroad.build/Release-iphoneos/ExpoWidgetsTarget.build/ExpoWidgetsTarget-LinkMap-normal-undefined_arch.txt
    export LD_NO_PIE\=NO
    export LD_QUOTE_LINKER_ARGUMENTS_FOR_COMPILER_DRIVER\=YES
    export LD_RUNPATH_SEARCH_PATHS\=/usr/lib/swift\ \ /usr/lib/swift\ \'@executable_path/Frameworks\'\ \'@loader_path/Frameworks\'\ \'@executable_path/../../Frameworks\'
    export LD_RUNPATH_SEARCH_PATHS_YES_NO\=@loader_path/../Frameworks
    export LD_RUNPATH_SEARCH_PATHS_YES_YES\=@loader_path/../Frameworks\ @loader_path/../../../../Frameworks
    export LD_SHARED_CACHE_ELIGIBLE\=Automatic
    export LD_WARN_DUPLICATE_LIBRARIES\=NO
    export LD_WARN_UNUSED_DYLIBS\=NO
    export LEGACY_DEVELOPER_DIR\=/Applications/Xcode.app/Contents/PlugIns/Xcode3Core.ideplugin/Contents/SharedSupport/Developer
    export LEX\=lex
    export LIBRARY_DEXT_INSTALL_PATH\=/Library/DriverExtensions
    export LIBRARY_FLAG_NOSPACE\=YES
    export LIBRARY_FLAG_PREFIX\=-l
    export LIBRARY_KEXT_INSTALL_PATH\=/Library/Extensions
    export LIBRARY_SEARCH_PATHS\=/Users/gumclaw/work/gp2974-device/ios/build/dd/Build/Products/Release-iphoneos\ /Applications/Xcode.app/Contents/Developer/Platforms/iPhoneOS.platform/Developer/SDKs/iPhoneOS27.0.sdk/usr/lib/swift\ /Users/gumclaw/work/gp2974-device/ios/build/dd/Build/Products/Release-iphoneos/Expo\ /Users/gumclaw/work/gp2974-device/ios/build/dd/Build/Products/Release-iphoneos/ExpoModulesCore\ /Users/gumclaw/work/gp2974-device/ios/build/dd/Build/Products/Release-iphoneos/ExpoModulesJSI\ /Users/gumclaw/work/gp2974-device/ios/build/dd/Build/Products/Release-iphoneos/ExpoUI\ /Users/gumclaw/work/gp2974-device/ios/build/dd/Build/Products/Release-iphoneos/ExpoWidgets\ /Users/gumclaw/work/gp2974-device/ios/build/dd/Build/Products/Release-iphoneos/RCTSwiftUI\ /Users/gumclaw/work/gp2974-device/ios/build/dd/Build/Products/Release-iphoneos/RCTSwiftUIWrapper\ /Users/gumclaw/work/gp2974-device/ios/build/dd/Build/Products/Release-iphoneos/RNWorklets\ /Users/gumclaw/work/gp2974-device/ios/build/dd/Build/Products/Release-iphoneos/ReactAppDependencyProvider\ /Users/gumclaw/work/gp2974-device/ios/build/dd/Build/Products/Release-iphoneos/ReactCodegen\ /Applications/Xcode.app/Contents/Developer/Toolchains/XcodeDefault.xctoolchain/usr/lib/swift/iphoneos\ /Applications/Xcode.app/Contents/Developer/Platforms/iPhoneOS.platform/Developer/SDKs/iPhoneOS27.0.sdk/usr/lib/swift
    export LINKER_DISPLAYS_MANGLED_NAMES\=NO
    export LINK_FILE_LIST_normal_arm64\=/Users/gumclaw/work/gp2974-device/ios/build/dd/Build/Intermediates.noindex/Gumroad.build/Release-iphoneos/ExpoWidgetsTarget.build/Objects-normal/arm64/ExpoWidgetsTarget.LinkFileList
    export LINK_OBJC_RUNTIME\=YES
    export LINK_WITH_STANDARD_LIBRARIES\=YES
    export LLVM_TARGET_TRIPLE_OS_VERSION\=ios16.2
    export LLVM_TARGET_TRIPLE_VENDOR\=apple
    export LM_AUX_CONST_METADATA_LIST_PATH_normal_arm64\=/Users/gumclaw/work/gp2974-device/ios/build/dd/Build/Intermediates.noindex/Gumroad.build/Release-iphoneos/ExpoWidgetsTarget.build/Objects-normal/arm64/ExpoWidgetsTarget.SwiftConstValuesFileList
    export LOCALIZATION_EXPORT_SUPPORTED\=YES
    export LOCALIZATION_PREFERS_STRING_CATALOGS\=NO
    export LOCALIZED_RESOURCES_FOLDER_PATH\=ExpoWidgetsTarget.appex/en.lproj
    export LOCALIZED_STRING_CODE_COMMENTS\=NO
    export LOCALIZED_STRING_MACRO_NAMES\=NSLocalizedString\ CFCopyLocalizedString
    export LOCALIZED_STRING_SWIFTUI_SUPPORT\=YES
    export LOCAL_ADMIN_APPS_DIR\=/Applications/Utilities
    export LOCAL_APPS_DIR\=/Applications
    export LOCAL_DEVELOPER_DIR\=/Library/Developer
    export LOCAL_LIBRARY_DIR\=/Library
    export LOCROOT\=/Users/gumclaw/work/gp2974-device/ios
    export LOCSYMROOT\=/Users/gumclaw/work/gp2974-device/ios
    export MACH_O_TYPE\=mh_execute
    export MAC_OS_X_PRODUCT_BUILD_VERSION\=26A428
    export MAC_OS_X_VERSION_ACTUAL\=270000
    export MAC_OS_X_VERSION_MAJOR\=270000
    export MAC_OS_X_VERSION_MINOR\=270000
    export MAKE_MERGEABLE\=NO
    export MARKETING_VERSION\=2026.09.25
    export MERGEABLE_LIBRARY\=NO
    export MERGED_BINARY_TYPE\=none
    export MERGE_LINKED_LIBRARIES\=NO
    export METAL_LIBRARY_FILE_BASE\=default
    export METAL_LIBRARY_OUTPUT_DIR\=/Users/gumclaw/work/gp2974-device/ios/build/dd/Build/Products/Release-iphoneos/ExpoWidgetsTarget.appex
    export MODULES_FOLDER_PATH\=ExpoWidgetsTarget.appex/Modules
    export MODULE_CACHE_DIR\=/Users/gumclaw/work/gp2974-device/ios/build/dd/ModuleCache.noindex
    export MTL_ENABLE_DEBUG_INFO\=NO
    export NATIVE_ARCH\=arm64
    export NATIVE_ARCH_32_BIT\=arm
    export NATIVE_ARCH_64_BIT\=arm64
    export NATIVE_ARCH_ACTUAL\=arm64
    export NO_COMMON\=YES
    export OBJECT_FILE_DIR\=/Users/gumclaw/work/gp2974-device/ios/build/dd/Build/Intermediates.noindex/Gumroad.build/Release-iphoneos/ExpoWidgetsTarget.build/Objects
    export OBJECT_FILE_DIR_normal\=/Users/gumclaw/work/gp2974-device/ios/build/dd/Build/Intermediates.noindex/Gumroad.build/Release-iphoneos/ExpoWidgetsTarget.build/Objects-normal
    export OBJROOT\=/Users/gumclaw/work/gp2974-device/ios/build/dd/Build/Intermediates.noindex
    export ONLY_ACTIVE_ARCH\=NO
    export ONLY_ARCH\=arm64
    export OS\=MACOS
    export OSAC\=/usr/bin/osacompile
    export OTHER_CFLAGS\=\ -fmodule-map-file\=\"/Users/gumclaw/work/gp2974-device/ios/build/dd/Build/Products/Release-iphoneos/Expo/Expo.modulemap\"\ -fmodule-map-file\=\"/Users/gumclaw/work/gp2974-device/ios/build/dd/Build/Products/Release-iphoneos/ExpoModulesCore/ExpoModulesCore.modulemap\"\ -fmodule-map-file\=\"/Users/gumclaw/work/gp2974-device/ios/build/dd/Build/Products/Release-iphoneos/ExpoUI/ExpoUI.modulemap\"\ -fmodule-map-file\=\"/Users/gumclaw/work/gp2974-device/ios/build/dd/Build/Products/Release-iphoneos/ExpoWidgets/ExpoWidgets.modulemap\"\ -fmodule-map-file\=\"/Users/gumclaw/work/gp2974-device/ios/build/dd/Build/Products/Release-iphoneos/RCTSwiftUI/RCTSwiftUI.modulemap\"\ -fmodule-map-file\=\"/Users/gumclaw/work/gp2974-device/ios/Pods/Headers/Public/ExpoModulesJSI/ExpoModulesJSI.modulemap\"\ -fmodule-map-file\=\"/Users/gumclaw/work/gp2974-device/ios/Pods/Headers/Public/RNWorklets/RNWorklets.modulemap\"\ -fmodule-map-file\=\"/Users/gumclaw/work/gp2974-device/ios/Pods/Headers/Public/ReactAppDependencyProvider/ReactAppDependencyProvider.modulemap\"\ -fmodule-map-file\=\"/Users/gumclaw/work/gp2974-device/ios/Pods/Headers/Public/ReactCodegen/ReactCodegen.modulemap\"\ -DNDEBUG
    export OTHER_CODE_SIGN_FLAGS\=--keychain\ /Users/gumclaw/Library/Keychains/gumclaw-signing.keychain-db
    export OTHER_CPLUSPLUSFLAGS\=\ -fmodule-map-file\=\"/Users/gumclaw/work/gp2974-device/ios/build/dd/Build/Products/Release-iphoneos/Expo/Expo.modulemap\"\ -fmodule-map-file\=\"/Users/gumclaw/work/gp2974-device/ios/build/dd/Build/Products/Release-iphoneos/ExpoModulesCore/ExpoModulesCore.modulemap\"\ -fmodule-map-file\=\"/Users/gumclaw/work/gp2974-device/ios/build/dd/Build/Products/Release-iphoneos/ExpoUI/ExpoUI.modulemap\"\ -fmodule-map-file\=\"/Users/gumclaw/work/gp2974-device/ios/build/dd/Build/Products/Release-iphoneos/ExpoWidgets/ExpoWidgets.modulemap\"\ -fmodule-map-file\=\"/Users/gumclaw/work/gp2974-device/ios/build/dd/Build/Products/Release-iphoneos/RCTSwiftUI/RCTSwiftUI.modulemap\"\ -fmodule-map-file\=\"/Users/gumclaw/work/gp2974-device/ios/Pods/Headers/Public/ExpoModulesJSI/ExpoModulesJSI.modulemap\"\ -fmodule-map-file\=\"/Users/gumclaw/work/gp2974-device/ios/Pods/Headers/Public/RNWorklets/RNWorklets.modulemap\"\ -fmodule-map-file\=\"/Users/gumclaw/work/gp2974-device/ios/Pods/Headers/Public/ReactAppDependencyProvider/ReactAppDependencyProvider.modulemap\"\ -fmodule-map-file\=\"/Users/gumclaw/work/gp2974-device/ios/Pods/Headers/Public/ReactCodegen/ReactCodegen.modulemap\"\ -DNDEBUG\ -DNDEBUG\ -DRCT_NEW_ARCH_ENABLED\=1
    export OTHER_LDFLAGS\=\ -ObjC\ -l\"Expo\"\ -l\"ExpoModulesCore\"\ -l\"ExpoModulesJSI\"\ -l\"ExpoUI\"\ -l\"ExpoWidgets\"\ -l\"RCTSwiftUI\"\ -l\"RCTSwiftUIWrapper\"\ -l\"RNWorklets\"\ -l\"ReactAppDependencyProvider\"\ -l\"ReactCodegen\"\ -framework\ \"Accelerate\"\ -framework\ \"AudioToolbox\"\ -framework\ \"CoreGraphics\"\ -framework\ \"ImageIO\"\ -framework\ \"MobileCoreServices\"\ -framework\ \"QuartzCore\"\ -framework\ \"React\"\ -framework\ \"ReactNativeDependencies\"\ -framework\ \"UIKit\"\ -framework\ \"hermesvm\"\ -weak_framework\ \"JavaScriptCore\"\ -lc++
    export OTHER_MODULE_VERIFIER_FLAGS\=\ \"-F/Users/gumclaw/work/gp2974-device/ios/build/dd/Build/Products/Release-iphoneos/Expo\"\ \"-F/Users/gumclaw/work/gp2974-device/ios/build/dd/Build/Products/Release-iphoneos/ExpoModulesCore\"\ \"-F/Users/gumclaw/work/gp2974-device/ios/build/dd/Build/Products/Release-iphoneos/ExpoModulesJSI\"\ \"-F/Users/gumclaw/work/gp2974-device/ios/build/dd/Build/Products/Release-iphoneos/ExpoUI\"\ \"-F/Users/gumclaw/work/gp2974-device/ios/build/dd/Build/Products/Release-iphoneos/ExpoWidgets\"\ \"-F/Users/gumclaw/work/gp2974-device/ios/build/dd/Build/Products/Release-iphoneos/FBLazyVector\"\ \"-F/Users/gumclaw/work/gp2974-device/ios/build/dd/Build/Products/Release-iphoneos/RCTDeprecation\"\ \"-F/Users/gumclaw/work/gp2974-device/ios/build/dd/Build/Products/Release-iphoneos/RCTRequired\"\ \"-F/Users/gumclaw/work/gp2974-device/ios/build/dd/Build/Products/Release-iphoneos/RCTSwiftUI\"\ \"-F/Users/gumclaw/work/gp2974-device/ios/build/dd/Build/Products/Release-iphoneos/RCTSwiftUIWrapper\"\ \"-F/Users/gumclaw/work/gp2974-device/ios/build/dd/Build/Products/Release-iphoneos/RCTTypeSafety\"\ \"-F/Users/gumclaw/work/gp2974-device/ios/build/dd/Build/Products/Release-iphoneos/RNWorklets\"\ \"-F/Users/gumclaw/work/gp2974-device/ios/build/dd/Build/Products/Release-iphoneos/React\"\ \"-F/Users/gumclaw/work/gp2974-device/ios/build/dd/Build/Products/Release-iphoneos/React-Core\"\ \"-F/Users/gumclaw/work/gp2974-device/ios/build/dd/Build/Products/Release-iphoneos/React-Core-prebuilt\"\ \"-F/Users/gumclaw/work/gp2974-device/ios/build/dd/Build/Products/Release-iphoneos/React-CoreModules\"\ \"-F/Users/gumclaw/work/gp2974-device/ios/build/dd/Build/Products/Release-iphoneos/React-Fabric\"\ \"-F/Users/gumclaw/work/gp2974-device/ios/build/dd/Build/Products/Release-iphoneos/React-FabricComponents\"\ \"-F/Users/gumclaw/work/gp2974-device/ios/build/dd/Build/Products/Release-iphoneos/React-FabricImage\"\ \"-F/Users/gumclaw/work/gp2974-device/ios/build/dd/Build/Products/Release-iphoneos/React-ImageManager\"\ \"-F/Users/gumclaw/work/gp2974-device/ios/build/dd/Build/Products/Release-iphoneos/React-Mapbuffer\"\ \"-F/Users/gumclaw/work/gp2974-device/ios/build/dd/Build/Products/Release-iphoneos/React-NativeModulesApple\"\ \"-F/Users/gumclaw/work/gp2974-device/ios/build/dd/Build/Products/Release-iphoneos/React-RCTActionSheet\"\ \"-F/Users/gumclaw/work/gp2974-device/ios/build/dd/Build/Products/Release-iphoneos/React-RCTAnimation\"\ \"-F/Users/gumclaw/work/gp2974-device/ios/build/dd/Build/Products/Release-iphoneos/React-RCTAppDelegate\"\ \"-F/Users/gumclaw/work/gp2974-device/ios/build/dd/Build/Products/Release-iphoneos/React-RCTBlob\"\ \"-F/Users/gumclaw/work/gp2974-device/ios/build/dd/Build/Products/Release-iphoneos/React-RCTFBReactNativeSpec\"\ \"-F/Users/gumclaw/work/gp2974-device/ios/build/dd/Build/Products/Release-iphoneos/React-RCTFabric\"\ \"-F/Users/gumclaw/work/gp2974-device/ios/build/dd/Build/Products/Release-iphoneos/React-RCTImage\"\ \"-F/Users/gumclaw/work/gp2974-device/ios/build/dd/Build/Products/Release-iphoneos/React-RCTLinking\"\ \"-F/Users/gumclaw/work/gp2974-device/ios/build/dd/Build/Products/Release-iphoneos/React-RCTNetwork\"\ \"-F/Users/gumclaw/work/gp2974-device/ios/build/dd/Build/Products/Release-iphoneos/React-RCTRuntime\"\ \"-F/Users/gumclaw/work/gp2974-device/ios/build/dd/Build/Products/Release-iphoneos/React-RCTSettings\"\ \"-F/Users/gumclaw/work/gp2974-device/ios/build/dd/Build/Products/Release-iphoneos/React-RCTText\"\ \"-F/Users/gumclaw/work/gp2974-device/ios/build/dd/Build/Products/Release-iphoneos/React-RCTVibration\"\ \"-F/Users/gumclaw/work/gp2974-device/ios/build/dd/Build/Products/Release-iphoneos/React-RuntimeApple\"\ \"-F/Users/gumclaw/work/gp2974-device/ios/build/dd/Build/Products/Release-iphoneos/React-RuntimeCore\"\ \"-F/Users/gumclaw/work/gp2974-device/ios/build/dd/Build/Products/Release-iphoneos/React-RuntimeHermes\"\ \"-F/Users/gumclaw/work/gp2974-device/ios/build/dd/Build/Products/Release-iphoneos/React-callinvoker\"\ \"-F/Users/gumclaw/work/gp2974-device/ios/build/dd/Build/Products/Release-iphoneos/React-cxxreact\"\ \"-F/Users/gumclaw/work/gp2974-device/ios/build/dd/Build/Products/Release-iphoneos/React-debug\"\ \"-F/Users/gumclaw/work/gp2974-device/ios/build/dd/Build/Products/Release-iphoneos/React-defaultsnativemodule\"\ \"-F/Users/gumclaw/work/gp2974-device/ios/build/dd/Build/Products/Release-iphoneos/React-domnativemodule\"\ \"-F/Users/gumclaw/work/gp2974-device/ios/build/dd/Build/Products/Release-iphoneos/React-featureflags\"\ \"-F/Users/gumclaw/work/gp2974-device/ios/build/dd/Build/Products/Release-iphoneos/React-featureflagsnativemodule\"\ \"-F/Users/gumclaw/work/gp2974-device/ios/build/dd/Build/Products/Release-iphoneos/React-graphics\"\ \"-F/Users/gumclaw/work/gp2974-device/ios/build/dd/Build/Products/Release-iphoneos/React-hermes\"\ \"-F/Users/gumclaw/work/gp2974-device/ios/build/dd/Build/Products/Release-iphoneos/React-idlecallbacksnativemodule\"\ \"-F/Users/gumclaw/work/gp2974-device/ios/build/dd/Build/Products/Release-iphoneos/React-intersectionobservernativemodule\"\ \"-F/Users/gumclaw/work/gp2974-device/ios/build/dd/Build/Products/Release-iphoneos/React-jserrorhandler\"\ \"-F/Users/gumclaw/work/gp2974-device/ios/build/dd/Build/Products/Release-iphoneos/React-jsi\"\ \"-F/Users/gumclaw/work/gp2974-device/ios/build/dd/Build/Products/Release-iphoneos/React-jsiexecutor\"\ \"-F/Users/gumclaw/work/gp2974-device/ios/build/dd/Build/Products/Release-iphoneos/React-jsinspector\"\ \"-F/Users/gumclaw/work/gp2974-device/ios/build/dd/Build/Products/Release-iphoneos/React-jsinspectorcdp\"\ \"-F/Users/gumclaw/work/gp2974-device/ios/build/dd/Build/Products/Release-iphoneos/React-jsinspectornetwork\"\ \"-F/Users/gumclaw/work/gp2974-device/ios/build/dd/Build/Products/Release-iphoneos/React-jsinspectortracing\"\ \"-F/Users/gumclaw/work/gp2974-device/ios/build/dd/Build/Products/Release-iphoneos/React-jsitooling\"\ \"-F/Users/gumclaw/work/gp2974-device/ios/build/dd/Build/Products/Release-iphoneos/React-jsitracing\"\ \"-F/Users/gumclaw/work/gp2974-device/ios/build/dd/Build/Products/Release-iphoneos/React-logger\"\ \"-F/Users/gumclaw/work/gp2974-device/ios/build/dd/Build/Products/Release-iphoneos/React-microtasksnativemodule\"\ \"-F/Users/gumclaw/work/gp2974-device/ios/build/dd/Build/Products/Release-iphoneos/React-networking\"\ \"-F/Users/gumclaw/work/gp2974-device/ios/build/dd/Build/Products/Release-iphoneos/React-oscompat\"\ \"-F/Users/gumclaw/work/gp2974-device/ios/build/dd/Build/Products/Release-iphoneos/React-perflogger\"\ \"-F/Users/gumclaw/work/gp2974-device/ios/build/dd/Build/Products/Release-iphoneos/React-performancecdpmetrics\"\ \"-F/Users/gumclaw/work/gp2974-device/ios/build/dd/Build/Products/Release-iphoneos/React-performancetimeline\"\ \"-F/Users/gumclaw/work/gp2974-device/ios/build/dd/Build/Products/Release-iphoneos/React-rendererconsistency\"\ \"-F/Users/gumclaw/work/gp2974-device/ios/build/dd/Build/Products/Release-iphoneos/React-renderercss\"\ \"-F/Users/gumclaw/work/gp2974-device/ios/build/dd/Build/Products/Release-iphoneos/React-rendererdebug\"\ \"-F/Users/gumclaw/work/gp2974-device/ios/build/dd/Build/Products/Release-iphoneos/React-runtimeexecutor\"\ \"-F/Users/gumclaw/work/gp2974-device/ios/build/dd/Build/Products/Release-iphoneos/React-runtimescheduler\"\ \"-F/Users/gumclaw/work/gp2974-device/ios/build/dd/Build/Products/Release-iphoneos/React-timing\"\ \"-F/Users/gumclaw/work/gp2974-device/ios/build/dd/Build/Products/Release-iphoneos/React-utils\"\ \"-F/Users/gumclaw/work/gp2974-device/ios/build/dd/Build/Products/Release-iphoneos/React-webperformancenativemodule\"\ \"-F/Users/gumclaw/work/gp2974-device/ios/build/dd/Build/Products/Release-iphoneos/ReactAppDependencyProvider\"\ \"-F/Users/gumclaw/work/gp2974-device/ios/build/dd/Build/Products/Release-iphoneos/ReactCodegen\"\ \"-F/Users/gumclaw/work/gp2974-device/ios/build/dd/Build/Products/Release-iphoneos/ReactCommon\"\ \"-F/Users/gumclaw/work/gp2974-device/ios/build/dd/Build/Products/Release-iphoneos/ReactNativeDependencies\"\ \"-F/Users/gumclaw/work/gp2974-device/ios/build/dd/Build/Products/Release-iphoneos/Yoga\"\ \"-F/Users/gumclaw/work/gp2974-device/ios/build/dd/Build/Products/Release-iphoneos/hermes-engine\"
    export OTHER_SWIFT_FLAGS\=\ -D\ COCOAPODS\ -Xcc\ -fmodule-map-file\=\"/Users/gumclaw/work/gp2974-device/ios/build/dd/Build/Products/Release-iphoneos/Expo/Expo.modulemap\"\ -Xcc\ -fmodule-map-file\=\"/Users/gumclaw/work/gp2974-device/ios/build/dd/Build/Products/Release-iphoneos/ExpoModulesCore/ExpoModulesCore.modulemap\"\ -Xcc\ -fmodule-map-file\=\"/Users/gumclaw/work/gp2974-device/ios/build/dd/Build/Products/Release-iphoneos/ExpoUI/ExpoUI.modulemap\"\ -Xcc\ -fmodule-map-file\=\"/Users/gumclaw/work/gp2974-device/ios/build/dd/Build/Products/Release-iphoneos/ExpoWidgets/ExpoWidgets.modulemap\"\ -Xcc\ -fmodule-map-file\=\"/Users/gumclaw/work/gp2974-device/ios/build/dd/Build/Products/Release-iphoneos/RCTSwiftUI/RCTSwiftUI.modulemap\"\ -Xcc\ -fmodule-map-file\=\"/Users/gumclaw/work/gp2974-device/ios/Pods/Headers/Public/ExpoModulesJSI/ExpoModulesJSI.modulemap\"\ -Xcc\ -fmodule-map-file\=\"/Users/gumclaw/work/gp2974-device/ios/Pods/Headers/Public/RNWorklets/RNWorklets.modulemap\"\ -Xcc\ -fmodule-map-file\=\"/Users/gumclaw/work/gp2974-device/ios/Pods/Headers/Public/ReactAppDependencyProvider/ReactAppDependencyProvider.modulemap\"\ -Xcc\ -fmodule-map-file\=\"/Users/gumclaw/work/gp2974-device/ios/Pods/Headers/Public/ReactCodegen/ReactCodegen.modulemap\"\ -D\ EXPO_CONFIGURATION_RELEASE
    export PACKAGE_TYPE\=com.apple.package-type.app-extension
    export PASCAL_STRINGS\=YES
    export PATH\=/Applications/Xcode.app/Contents/SharedFrameworks/SwiftBuild.framework/Versions/A/PlugIns/SWBBuildService.bundle/Contents/PlugIns/SWBUniversalPlatformPlugin.bundle/Contents/Frameworks/SWBUniversalPlatform.framework/Resources:/Applications/Xcode.app/Contents/Developer/Toolchains/XcodeDefault.xctoolchain/usr/bin:/Applications/Xcode.app/Contents/Developer/Toolchains/XcodeDefault.xctoolchain/usr/local/bin:/Applications/Xcode.app/Contents/Developer/Toolchains/XcodeDefault.xctoolchain/usr/libexec:/Applications/Xcode.app/Contents/Developer/Platforms/iPhoneOS.platform/usr/bin:/Applications/Xcode.app/Contents/Developer/Platforms/iPhoneOS.platform/usr/local/bin:/Applications/Xcode.app/Contents/Developer/Platforms/iPhoneOS.platform/Developer/usr/bin:/Applications/Xcode.app/Contents/Developer/Platforms/iPhoneOS.platform/Developer/usr/local/bin:/Applications/Xcode.app/Contents/Developer/usr/bin:/Applications/Xcode.app/Contents/Developer/usr/local/bin:/Users/gumclaw/.gusto/bin:/Users/gumclaw/.npm-global/bin:/Users/gumclaw/.rbenv/shims:/Users/gumclaw/.nodenv/shims:/Users/gumclaw/.local/bin:/opt/homebrew/bin:/usr/local/bin:/System/Cryptexes/App/usr/bin:/usr/bin:/bin:/usr/sbin:/sbin:/var/run/com.apple.security.cryptexd/codex.system/bootstrap/usr/local/bin:/var/run/com.apple.security.cryptexd/codex.system/bootstrap/usr/bin:/var/run/com.apple.security.cryptexd/codex.system/bootstrap/usr/appleinternal/bin:/opt/pkg/env/active/bin:/opt/pmk/env/global/bin:/opt/X11/bin:/Library/Apple/usr/bin:/usr/local/MacGPG2/bin:/Library/Frameworks/Mono.framework/Versions/Current/Commands:/Applications/Postgres.app/Contents/Versions/latest/bin:/var/folders/b8/m3wdk1md2zx4zcr6xhkd2k2m0000gq/T/.tmpilcVkY:/Users/gumclaw/bin:/opt/homebrew/sbin:/Users/gumclaw/.maestro/bin
    export PATH_PREFIXES_EXCLUDED_FROM_HEADER_DEPENDENCIES\=/usr/include\ /usr/local/include\ /System/Library/Frameworks\ /System/Library/PrivateFrameworks\ /Applications/Xcode.app/Contents/Developer/Headers\ /Applications/Xcode.app/Contents/Developer/SDKs\ /Applications/Xcode.app/Contents/Developer/Platforms
    export PBDEVELOPMENTPLIST_PATH\=ExpoWidgetsTarget.appex/pbdevelopment.plist
    export PER_ARCH_MODULE_FILE_DIR\=/Users/gumclaw/work/gp2974-device/ios/build/dd/Build/Intermediates.noindex/Gumroad.build/Release-iphoneos/ExpoWidgetsTarget.build/Objects-normal/undefined_arch
    export PER_ARCH_OBJECT_FILE_DIR\=/Users/gumclaw/work/gp2974-device/ios/build/dd/Build/Intermediates.noindex/Gumroad.build/Release-iphoneos/ExpoWidgetsTarget.build/Objects-normal/undefined_arch
    export PER_VARIANT_OBJECT_FILE_DIR\=/Users/gumclaw/work/gp2974-device/ios/build/dd/Build/Intermediates.noindex/Gumroad.build/Release-iphoneos/ExpoWidgetsTarget.build/Objects-normal
    export PKGINFO_FILE_PATH\=/Users/gumclaw/work/gp2974-device/ios/build/dd/Build/Intermediates.noindex/Gumroad.build/Release-iphoneos/ExpoWidgetsTarget.build/PkgInfo
    export PKGINFO_PATH\=ExpoWidgetsTarget.appex/PkgInfo
    export PLATFORM_DEVELOPER_APPLICATIONS_DIR\=/Applications/Xcode.app/Contents/Developer/Platforms/iPhoneOS.platform/Developer/Applications
    export PLATFORM_DEVELOPER_BIN_DIR\=/Applications/Xcode.app/Contents/Developer/Platforms/iPhoneOS.platform/Developer/usr/bin
    export PLATFORM_DEVELOPER_LIBRARY_DIR\=/Applications/Xcode.app/Contents/Developer/Platforms/iPhoneOS.platform/Developer/Library
    export PLATFORM_DEVELOPER_SDK_DIR\=/Applications/Xcode.app/Contents/Developer/Platforms/iPhoneOS.platform/Developer/SDKs
    export PLATFORM_DEVELOPER_TOOLS_DIR\=/Applications/Xcode.app/Contents/Developer/Platforms/iPhoneOS.platform/Developer/Tools
    export PLATFORM_DEVELOPER_USR_DIR\=/Applications/Xcode.app/Contents/Developer/Platforms/iPhoneOS.platform/Developer/usr
    export PLATFORM_DIR\=/Applications/Xcode.app/Contents/Developer/Platforms/iPhoneOS.platform
    export PLATFORM_DISPLAY_NAME\=iOS
    export PLATFORM_FAMILY_NAME\=iOS
    export PLATFORM_NAME\=iphoneos
    export PLATFORM_PREFERRED_ARCH\=arm64
    export PLATFORM_PRODUCT_BUILD_VERSION\=24A430
    export PLATFORM_REQUIRES_SWIFT_AUTOLINK_EXTRACT\=NO
    export PLATFORM_REQUIRES_SWIFT_MODULEWRAP\=NO
    export PLATFORM_USES_DSYMS\=YES
    export PLIST_FILE_OUTPUT_FORMAT\=binary
    export PLUGINS_FOLDER_PATH\=ExpoWidgetsTarget.appex/PlugIns
    export PODS_BUILD_DIR\=/Users/gumclaw/work/gp2974-device/ios/build/dd/Build/Products
    export PODS_CONFIGURATION_BUILD_DIR\=/Users/gumclaw/work/gp2974-device/ios/build/dd/Build/Products/Release-iphoneos
    export PODS_PODFILE_DIR_PATH\=/Users/gumclaw/work/gp2974-device/ios/.
    export PODS_ROOT\=/Users/gumclaw/work/gp2974-device/ios/Pods
    export PODS_XCFRAMEWORKS_BUILD_DIR\=/Users/gumclaw/work/gp2974-device/ios/build/dd/Build/Products/Release-iphoneos/XCFrameworkIntermediates
    export PRECOMPS_INCLUDE_HEADERS_FROM_BUILT_PRODUCTS_DIR\=YES
    export PRECOMP_DESTINATION_DIR\=/Users/gumclaw/work/gp2974-device/ios/build/dd/Build/Intermediates.noindex/Gumroad.build/Release-iphoneos/ExpoWidgetsTarget.build/PrefixHeaders
    export PRELINK_DEPENDENCY_INFO_FILE\=/Users/gumclaw/work/gp2974-device/ios/build/dd/Build/Intermediates.noindex/Gumroad.build/Release-iphoneos/ExpoWidgetsTarget.build/Objects-normal/undefined_arch/ExpoWidgetsTarget_prelink_dependency_info.dat
    export PRIVATE_HEADERS_FOLDER_PATH\=ExpoWidgetsTarget.appex/PrivateHeaders
    export PROCESSED_INFOPLIST_PATH\=/Users/gumclaw/work/gp2974-device/ios/build/dd/Build/Intermediates.noindex/Gumroad.build/Release-iphoneos/ExpoWidgetsTarget.build/Objects-normal/undefined_arch/Processed-Info.plist
    export PRODUCT_BUNDLE_IDENTIFIER\=com.GRD.Gumroad.ExpoWidgetsTarget
    export PRODUCT_BUNDLE_PACKAGE_TYPE\=XPC\!
    export PRODUCT_MODULE_NAME\=ExpoWidgetsTarget
    export PRODUCT_NAME\=ExpoWidgetsTarget
    export PRODUCT_SETTINGS_PATH\=/Users/gumclaw/work/gp2974-device/ios/ExpoWidgetsTarget/Info.plist
    export PRODUCT_TYPE\=com.apple.product-type.app-extension
    export PROFILING_CODE\=NO
    export PROJECT\=Gumroad
    export PROJECT_DERIVED_FILE_DIR\=/Users/gumclaw/work/gp2974-device/ios/build/dd/Build/Intermediates.noindex/Gumroad.build/DerivedSources
    export PROJECT_DIR\=/Users/gumclaw/work/gp2974-device/ios
    export PROJECT_FILE_PATH\=/Users/gumclaw/work/gp2974-device/ios/Gumroad.xcodeproj
    export PROJECT_GUID\=88889b1882ab139fbc4ce6147f23b038
    export PROJECT_NAME\=Gumroad
    export PROJECT_TEMP_DIR\=/Users/gumclaw/work/gp2974-device/ios/build/dd/Build/Intermediates.noindex/Gumroad.build
    export PROJECT_TEMP_ROOT\=/Users/gumclaw/work/gp2974-device/ios/build/dd/Build/Intermediates.noindex
    export PROVISIONING_PROFILE_REQUIRED\=YES
    export PROVISIONING_PROFILE_SPECIFIER\=gumclaw\ agent\ dev\ com.GRD.Gumroad.ExpoWidgetsTarget
    export PROVISIONING_PROFILE_SUPPORTED\=YES
    export PUBLIC_HEADERS_FOLDER_PATH\=ExpoWidgetsTarget.appex/Headers
    export REACT_NATIVE_PATH\=/Users/gumclaw/work/gp2974-device/ios/Pods/../../node_modules/react-native
    export RECOMMENDED_IPHONEOS_DEPLOYMENT_TARGET\=17.0
    export RECURSIVE_SEARCH_PATHS_FOLLOW_SYMLINKS\=YES
    export REMOVE_CVS_FROM_RESOURCES\=YES
    export REMOVE_GIT_FROM_RESOURCES\=YES
    export REMOVE_HEADERS_FROM_EMBEDDED_BUNDLES\=YES
    export REMOVE_HG_FROM_RESOURCES\=YES
    export REMOVE_STATIC_EXECUTABLES_FROM_EMBEDDED_BUNDLES\=YES
    export REMOVE_SVN_FROM_RESOURCES\=YES
    export RESCHEDULE_INDEPENDENT_HEADERS_PHASES\=YES
    export REZ_COLLECTOR_DIR\=/Users/gumclaw/work/gp2974-device/ios/build/dd/Build/Intermediates.noindex/Gumroad.build/Release-iphoneos/ExpoWidgetsTarget.build/ResourceManagerResources
    export REZ_OBJECTS_DIR\=/Users/gumclaw/work/gp2974-device/ios/build/dd/Build/Intermediates.noindex/Gumroad.build/Release-iphoneos/ExpoWidgetsTarget.build/ResourceManagerResources/Objects
    export REZ_SEARCH_PATHS\=/Users/gumclaw/work/gp2974-device/ios/build/dd/Build/Products/Release-iphoneos\ 
    export RPATH_ORIGIN\=@loader_path
    export RUNTIME_EXCEPTION_ALLOW_DYLD_ENVIRONMENT_VARIABLES\=NO
    export RUNTIME_EXCEPTION_ALLOW_JIT\=NO
    export RUNTIME_EXCEPTION_ALLOW_UNSIGNED_EXECUTABLE_MEMORY\=NO
    export RUNTIME_EXCEPTION_DEBUGGING_TOOL\=NO
    export RUNTIME_EXCEPTION_DISABLE_EXECUTABLE_PAGE_PROTECTION\=NO
    export RUNTIME_EXCEPTION_DISABLE_LIBRARY_VALIDATION\=NO
    export SCANNING_PCM_KEEP_CACHE_DIRECTORY\=YES
    export SCAN_ALL_SOURCE_FILES_FOR_INCLUDES\=NO
    export SCRIPTS_FOLDER_PATH\=ExpoWidgetsTarget.appex/Scripts
    export SCRIPT_INPUT_FILE_0\=/Users/gumclaw/work/gp2974-device/ios/.xcode.env
    export SCRIPT_INPUT_FILE_1\=/Users/gumclaw/work/gp2974-device/ios/.xcode.env.local
    export SCRIPT_INPUT_FILE_2\=/Users/gumclaw/work/gp2974-device/ios/ExpoWidgetsTarget/ExpoWidgetsTarget.entitlements
    export SCRIPT_INPUT_FILE_3\=/Users/gumclaw/work/gp2974-device/ios/Pods/Target\ Support\ Files/Pods-ExpoWidgetsTarget/expo-configure-project.sh
    export SCRIPT_INPUT_FILE_COUNT\=4
    export SCRIPT_INPUT_FILE_LIST_COUNT\=0
    export SCRIPT_OUTPUT_FILE_0\=/Users/gumclaw/work/gp2974-device/ios/Pods/Target\ Support\ Files/Pods-ExpoWidgetsTarget/ExpoModulesProvider.swift
    export SCRIPT_OUTPUT_FILE_COUNT\=1
    export SCRIPT_OUTPUT_FILE_LIST_COUNT\=0
    export SDKROOT\=/Applications/Xcode.app/Contents/Developer/Platforms/iPhoneOS.platform/Developer/SDKs/iPhoneOS27.0.sdk
    export SDK_DIR\=/Applications/Xcode.app/Contents/Developer/Platforms/iPhoneOS.platform/Developer/SDKs/iPhoneOS27.0.sdk
    export SDK_DIR_iphoneos\=/Applications/Xcode.app/Contents/Developer/Platforms/iPhoneOS.platform/Developer/SDKs/iPhoneOS27.0.sdk
    export SDK_DIR_iphoneos27_0\=/Applications/Xcode.app/Contents/Developer/Platforms/iPhoneOS.platform/Developer/SDKs/iPhoneOS27.0.sdk
    export SDK_NAME\=iphoneos27.0
    export SDK_NAMES\=iphoneos27.0
    export SDK_PRODUCT_BUILD_VERSION\=24A430
    export SDK_STAT_CACHE_DIR\=/Users/gumclaw/work/gp2974-device/ios/build/dd
    export SDK_STAT_CACHE_ENABLE\=YES
    export SDK_STAT_CACHE_PATH\=/Users/gumclaw/work/gp2974-device/ios/build/dd/SDKStatCaches.noindex/iphoneos27.0-24A430-6c78b3cbc238196c85e1bf6c792c5915.sdkstatcache
    export SDK_VERSION\=27.0
    export SDK_VERSION_ACTUAL\=270000
    export SDK_VERSION_MAJOR\=270000
    export SDK_VERSION_MINOR\=270000
    export SED\=/usr/bin/sed
    export SEPARATE_STRIP\=NO
    export SEPARATE_SYMBOL_EDIT\=NO
    export SET_DIR_MODE_OWNER_GROUP\=YES
    export SET_FILE_MODE_OWNER_GROUP\=NO
    export SHALLOW_BUNDLE\=YES
    export SHALLOW_BUNDLE_TRIPLE\=ios
    export SHALLOW_BUNDLE_ios_macabi\=NO
    export SHALLOW_BUNDLE_macos\=NO
    export SHARED_DERIVED_FILE_DIR\=/Users/gumclaw/work/gp2974-device/ios/build/dd/Build/Products/Release-iphoneos/DerivedSources
    export SHARED_FRAMEWORKS_FOLDER_PATH\=ExpoWidgetsTarget.appex/SharedFrameworks
    export SHARED_PRECOMPS_DIR\=/Users/gumclaw/work/gp2974-device/ios/build/dd/Build/Intermediates.noindex/PrecompiledHeaders
    export SHARED_SUPPORT_FOLDER_PATH\=ExpoWidgetsTarget.appex/SharedSupport
    export SKIP_COPYING_TEST_FRAMEWORKS\=YES
    export SKIP_INSTALL\=YES
    export SKIP_MERGEABLE_LIBRARY_BUNDLE_HOOK\=NO
    export SOURCE_ROOT\=/Users/gumclaw/work/gp2974-device/ios
    export SRCROOT\=/Users/gumclaw/work/gp2974-device/ios
    export STRINGSDATA_DIR\=/Users/gumclaw/work/gp2974-device/ios/build/dd/Build/Intermediates.noindex/Gumroad.build/Release-iphoneos/ExpoWidgetsTarget.build/Objects-normal/undefined_arch
    export STRINGSDATA_ROOT\=/Users/gumclaw/work/gp2974-device/ios/build/dd/Build/Intermediates.noindex/Gumroad.build/Release-iphoneos/ExpoWidgetsTarget.build
    export STRINGS_FILE_INFOPLIST_RENAME\=YES
    export STRINGS_FILE_OUTPUT_ENCODING\=binary
    export STRING_CATALOG_GENERATE_SYMBOLS\=NO
    export STRIP_BITCODE_FROM_COPIED_FILES\=YES
    export STRIP_INSTALLED_PRODUCT\=YES
    export STRIP_STYLE\=non-global
    export STRIP_SWIFT_SYMBOLS\=YES
    export SUPPORTED_DEVICE_FAMILIES\=1,2
    export SUPPORTED_PLATFORMS\=iphoneos\ iphonesimulator
    export SUPPORTS_MACCATALYST\=NO
    export SUPPORTS_MAC_DESIGNED_FOR_IPHONE_IPAD\=YES
    export SUPPORTS_TEXT_BASED_API\=NO
    export SUPPORTS_XR_DESIGNED_FOR_IPHONE_IPAD\=YES
    export SUPPRESS_WARNINGS\=NO
    export SWIFTC_PASS_SDKROOT\=YES
    export SWIFTC_PASS_SYSROOT\=NO
    export SWIFT_COLOR_DIAGNOSTICS\=NO
    export SWIFT_EMIT_CONST_VALUE_PROTOCOLS\=AnyResolverProviding\ AppEntity\ AppEnum\ AppExtension\ AppIntent\ AppIntentsPackage\ AppShortcutProviding\ AppShortcutsProvider\ AppUnionValue\ AppUnionValueCasesProviding\ DynamicOptionsProvider\ EntityQuery\ ExtensionPointDefining\ IntentValueQuery\ Resolver\ TransientEntity\ _AssistantIntentsProvider\ _GenerativeFunctionExtractable\ _IntentValueRepresentable
    export SWIFT_EMIT_LOC_STRINGS\=NO
    export SWIFT_ENABLE_EXPLICIT_MODULES\=NO
    export SWIFT_INCLUDE_PATHS\=/Users/gumclaw/work/gp2974-device/ios/build/dd/Build/Products/Release-iphoneos\ \ \"/Users/gumclaw/work/gp2974-device/ios/build/dd/Build/Products/Release-iphoneos/Expo\"\ \"/Users/gumclaw/work/gp2974-device/ios/build/dd/Build/Products/Release-iphoneos/ExpoModulesCore\"\ \"/Users/gumclaw/work/gp2974-device/ios/build/dd/Build/Products/Release-iphoneos/ExpoUI\"\ \"/Users/gumclaw/work/gp2974-device/ios/build/dd/Build/Products/Release-iphoneos/ExpoWidgets\"\ \"/Users/gumclaw/work/gp2974-device/ios/build/dd/Build/Products/Release-iphoneos/RCTSwiftUI\"
    export SWIFT_OPTIMIZATION_LEVEL\=-Onone
    export SWIFT_PLATFORM_TARGET_PREFIX\=ios
    export SWIFT_RESPONSE_FILE_PATH_normal_arm64\=/Users/gumclaw/work/gp2974-device/ios/build/dd/Build/Intermediates.noindex/Gumroad.build/Release-iphoneos/ExpoWidgetsTarget.build/Objects-normal/arm64/ExpoWidgetsTarget.SwiftFileList
    export SWIFT_VERSION\=5.0
    export SYMROOT\=/Users/gumclaw/work/gp2974-device/ios/build/dd/Build/Products
    export SYSROOT\=/Applications/Xcode.app/Contents/Developer/Platforms/iPhoneOS.platform/Developer/SDKs/iPhoneOS27.0.sdk
    export SYSTEM_ADMIN_APPS_DIR\=/Applications/Utilities
    export SYSTEM_APPS_DIR\=/Applications
    export SYSTEM_CORE_SERVICES_DIR\=/System/Library/CoreServices
    export SYSTEM_DEMOS_DIR\=/Applications/Extras
    export SYSTEM_DEVELOPER_APPS_DIR\=/Applications/Xcode.app/Contents/Developer/Applications
    export SYSTEM_DEVELOPER_BIN_DIR\=/Applications/Xcode.app/Contents/Developer/usr/bin
    export SYSTEM_DEVELOPER_DEMOS_DIR\=/Applications/Xcode.app/Contents/Developer/Applications/Utilities/Built\ Examples
    export SYSTEM_DEVELOPER_DIR\=/Applications/Xcode.app/Contents/Developer
    export SYSTEM_DEVELOPER_DOC_DIR\=/Applications/Xcode.app/Contents/Developer/ADC\ Reference\ Library
    export SYSTEM_DEVELOPER_GRAPHICS_TOOLS_DIR\=/Applications/Xcode.app/Contents/Developer/Applications/Graphics\ Tools
    export SYSTEM_DEVELOPER_JAVA_TOOLS_DIR\=/Applications/Xcode.app/Contents/Developer/Applications/Java\ Tools
    export SYSTEM_DEVELOPER_PERFORMANCE_TOOLS_DIR\=/Applications/Xcode.app/Contents/Developer/Applications/Performance\ Tools
    export SYSTEM_DEVELOPER_RELEASENOTES_DIR\=/Applications/Xcode.app/Contents/Developer/ADC\ Reference\ Library/releasenotes
    export SYSTEM_DEVELOPER_TOOLS\=/Applications/Xcode.app/Contents/Developer/Tools
    export SYSTEM_DEVELOPER_TOOLS_DOC_DIR\=/Applications/Xcode.app/Contents/Developer/ADC\ Reference\ Library/documentation/DeveloperTools
    export SYSTEM_DEVELOPER_TOOLS_RELEASENOTES_DIR\=/Applications/Xcode.app/Contents/Developer/ADC\ Reference\ Library/releasenotes/DeveloperTools
    export SYSTEM_DEVELOPER_USR_DIR\=/Applications/Xcode.app/Contents/Developer/usr
    export SYSTEM_DEVELOPER_UTILITIES_DIR\=/Applications/Xcode.app/Contents/Developer/Applications/Utilities
    export SYSTEM_DEXT_INSTALL_PATH\=/System/Library/DriverExtensions
    export SYSTEM_DOCUMENTATION_DIR\=/Library/Documentation
    export SYSTEM_EXTENSIONS_FOLDER_PATH\=ExpoWidgetsTarget.appex/SystemExtensions
    export SYSTEM_EXTENSIONS_FOLDER_PATH_SHALLOW_BUNDLE_NO\=ExpoWidgetsTarget.appex/Library/SystemExtensions
    export SYSTEM_EXTENSIONS_FOLDER_PATH_SHALLOW_BUNDLE_YES\=ExpoWidgetsTarget.appex/SystemExtensions
    export SYSTEM_KEXT_INSTALL_PATH\=/System/Library/Extensions
    export SYSTEM_LIBRARY_DIR\=/System/Library
    export TAPI_DEMANGLE\=YES
    export TAPI_ENABLE_PROJECT_HEADERS\=NO
    export TAPI_LANGUAGE\=objective-c
    export TAPI_LANGUAGE_STANDARD\=compiler-default
    export TAPI_USE_SRCROOT\=YES
    export TAPI_VERIFY_MODE\=Pedantic
    export TARGETED_DEVICE_FAMILY\=1,2
    export TARGETNAME\=ExpoWidgetsTarget
    export TARGET_BUILD_DIR\=/Users/gumclaw/work/gp2974-device/ios/build/dd/Build/Products/Release-iphoneos
    export TARGET_DEVICE_IDENTIFIER\=00008150-000E3C2A0C85401C
    export TARGET_DEVICE_MODEL\=iPhone18,3
    export TARGET_DEVICE_OS_VERSION\=26.4.2
    export TARGET_DEVICE_PLATFORM_NAME\=iphoneos
    export TARGET_NAME\=ExpoWidgetsTarget
    export TARGET_TEMP_DIR\=/Users/gumclaw/work/gp2974-device/ios/build/dd/Build/Intermediates.noindex/Gumroad.build/Release-iphoneos/ExpoWidgetsTarget.build
    export TEMP_DIR\=/Users/gumclaw/work/gp2974-device/ios/build/dd/Build/Intermediates.noindex/Gumroad.build/Release-iphoneos/ExpoWidgetsTarget.build
    export TEMP_FILES_DIR\=/Users/gumclaw/work/gp2974-device/ios/build/dd/Build/Intermediates.noindex/Gumroad.build/Release-iphoneos/ExpoWidgetsTarget.build
    export TEMP_FILE_DIR\=/Users/gumclaw/work/gp2974-device/ios/build/dd/Build/Intermediates.noindex/Gumroad.build/Release-iphoneos/ExpoWidgetsTarget.build
    export TEMP_ROOT\=/Users/gumclaw/work/gp2974-device/ios/build/dd/Build/Intermediates.noindex
    export TEMP_SANDBOX_DIR\=/Users/gumclaw/work/gp2974-device/ios/build/dd/Build/Intermediates.noindex/TemporaryTaskSandboxes
    export TEST_FRAMEWORK_SEARCH_PATHS\=\ /Applications/Xcode.app/Contents/Developer/Platforms/iPhoneOS.platform/Developer/Library/Frameworks\ /Applications/Xcode.app/Contents/Developer/Platforms/iPhoneOS.platform/Developer/SDKs/iPhoneOS27.0.sdk/Developer/Library/Frameworks
    export TEST_LIBRARY_SEARCH_PATHS\=\ /Applications/Xcode.app/Contents/Developer/Platforms/iPhoneOS.platform/Developer/usr/lib
    export TOOLCHAINS\=com.apple.dt.toolchain.XcodeDefault
    export TOOLCHAIN_DIR\=/Applications/Xcode.app/Contents/Developer/Toolchains/XcodeDefault.xctoolchain
    export TREAT_MISSING_BASELINES_AS_TEST_FAILURES\=NO
    export TREAT_MISSING_SCRIPT_PHASE_OUTPUTS_AS_ERRORS\=NO
    export TeamIdentifierPrefix\=66LJACJ2U7.
    export UID\=503
    export UNINSTALLED_PRODUCTS_DIR\=/Users/gumclaw/work/gp2974-device/ios/build/dd/Build/Intermediates.noindex/UninstalledProducts
    export UNLOCALIZED_RESOURCES_FOLDER_PATH\=ExpoWidgetsTarget.appex
    export UNLOCALIZED_RESOURCES_FOLDER_PATH_SHALLOW_BUNDLE_NO\=ExpoWidgetsTarget.appex/Resources
    export UNLOCALIZED_RESOURCES_FOLDER_PATH_SHALLOW_BUNDLE_YES\=ExpoWidgetsTarget.appex
    export UNSTRIPPED_PRODUCT\=NO
    export USER\=gumclaw
    export USER_APPS_DIR\=/Users/gumclaw/Applications
    export USER_LIBRARY_DIR\=/Users/gumclaw/Library
    export USE_DYNAMIC_NO_PIC\=YES
    export USE_HEADERMAP\=YES
    export USE_HEADER_SYMLINKS\=NO
    export USE_HERMES\=true
    export USE_RECURSIVE_SCRIPT_INPUTS_IN_SCRIPT_PHASES\=YES
    export VALIDATE_DEVELOPMENT_ASSET_PATHS\=YES_ERROR
    export VALIDATE_PRODUCT\=YES
    export VALID_ARCHS\=arm64\ arm64e\ arm64e.x1\ armv7\ armv7s
    export VERBOSE_PBXCP\=NO
    export VERSIONPLIST_PATH\=ExpoWidgetsTarget.appex/version.plist
    export VERSION_INFO_BUILDER\=gumclaw
    export VERSION_INFO_FILE\=ExpoWidgetsTarget_vers.c
    export VERSION_INFO_STRING\=\"@\(\#\)PROGRAM:ExpoWidgetsTarget\ \ PROJECT:Gumroad-1\"
    export WARNING_CFLAGS\=-Wno-comma\ -Wno-shorten-64-to-32
    export WORKSPACE_DIR\=/Users/gumclaw/work/gp2974-device/ios
    export WRAPPER_EXTENSION\=appex
    export WRAPPER_NAME\=ExpoWidgetsTarget.appex
    export WRAPPER_SUFFIX\=.appex
    export WRAP_ASSET_PACKS_IN_SEPARATE_DIRECTORIES\=NO
    export XCODE_APP_SUPPORT_DIR\=/Applications/Xcode.app/Contents/Developer/Library/Xcode
    export XCODE_PRODUCT_BUILD_VERSION\=27A266a
    export XCODE_VERSION_ACTUAL\=2700
    export XCODE_VERSION_MAJOR\=2700
    export XCODE_VERSION_MINOR\=2700
    export XPCSERVICES_FOLDER_PATH\=ExpoWidgetsTarget.appex/XPCServices
    export YACC\=yacc
    export _DISCOVER_COMMAND_LINE_LINKER_INPUTS\=YES
    export _DISCOVER_COMMAND_LINE_LINKER_INPUTS_INCLUDE_WL\=YES
    export _LD_MULTIARCH\=YES
    export _SWIFT_EXPLICIT_MODULES_ALLOW_CXX_INTEROP\=NO
    export _WRAPPER_CONTENTS_DIR_SHALLOW_BUNDLE_NO\=/Contents
    export _WRAPPER_PARENT_PATH_SHALLOW_BUNDLE_NO\=/..
    export _WRAPPER_RESOURCES_DIR_SHALLOW_BUNDLE_NO\=/Resources
    export __ARCHS__\=arm64
    export __DIAGNOSE_DEPRECATED_ARCHS\=YES
    export __DIAGNOSE_INVALID_DEPLOYMENT_TARGET_AS_ERROR\=YES
    export __IS_NOT_MACOS\=YES
    export __IS_NOT_MACOS_macosx\=NO
    export __ORIGINAL_SDK_DEFINED_LLVM_TARGET_TRIPLE_SYS\=ios
    export arch\=undefined_arch
    export variant\=normal
    /bin/sh -c /Users/gumclaw/work/gp2974-device/ios/build/dd/Build/Intermediates.noindex/Gumroad.build/Release-iphoneos/ExpoWidgetsTarget.build/Script-2B99457DA8119903C5EAFBCE.sh
Node found at: /Users/gumclaw/.nodenv/versions/22.22.2/bin/node

SwiftDriver ExpoWidgetsTarget normal arm64 com.apple.xcode.tools.swift.compiler (in target 'ExpoWidgetsTarget' from project 'Gumroad')
    cd /Users/gumclaw/work/gp2974-device/ios
    builtin-SwiftDriver -- /Applications/Xcode.app/Contents/Developer/Toolchains/XcodeDefault.xctoolchain/usr/bin/swiftc -module-name ExpoWidgetsTarget -Onone @/Users/gumclaw/work/gp2974-device/ios/build/dd/Build/Intermediates.noindex/Gumroad.build/Release-iphoneos/ExpoWidgetsTarget.build/Objects-normal/arm64/ExpoWidgetsTarget.SwiftFileList -D COCOAPODS -Xcc -fmodule-map-file\=/Users/gumclaw/work/gp2974-device/ios/build/dd/Build/Products/Release-iphoneos/Expo/Expo.modulemap -Xcc -fmodule-map-file\=/Users/gumclaw/work/gp2974-device/ios/build/dd/Build/Products/Release-iphoneos/ExpoModulesCore/ExpoModulesCore.modulemap -Xcc -fmodule-map-file\=/Users/gumclaw/work/gp2974-device/ios/build/dd/Build/Products/Release-iphoneos/ExpoUI/ExpoUI.modulemap -Xcc -fmodule-map-file\=/Users/gumclaw/work/gp2974-device/ios/build/dd/Build/Products/Release-iphoneos/ExpoWidgets/ExpoWidgets.modulemap -Xcc -fmodule-map-file\=/Users/gumclaw/work/gp2974-device/ios/build/dd/Build/Products/Release-iphoneos/RCTSwiftUI/RCTSwiftUI.modulemap -Xcc -fmodule-map-file\=/Users/gumclaw/work/gp2974-device/ios/Pods/Headers/Public/ExpoModulesJSI/ExpoModulesJSI.modulemap -Xcc -fmodule-map-file\=/Users/gumclaw/work/gp2974-device/ios/Pods/Headers/Public/RNWorklets/RNWorklets.modulemap -Xcc -fmodule-map-file\=/Users/gumclaw/work/gp2974-device/ios/Pods/Headers/Public/ReactAppDependencyProvider/ReactAppDependencyProvider.modulemap -Xcc -fmodule-map-file\=/Users/gumclaw/work/gp2974-device/ios/Pods/Headers/Public/ReactCodegen/ReactCodegen.modulemap -D EXPO_CONFIGURATION_RELEASE -enable-bare-slash-regex -enable-experimental-feature DebugDescriptionMacro -sdk /Applications/Xcode.app/Contents/Developer/Platforms/iPhoneOS.platform/Developer/SDKs/iPhoneOS27.0.sdk -target arm64-apple-ios16.2 -g -module-cache-path /Users/gumclaw/work/gp2974-device/ios/build/dd/ModuleCache.noindex -Xfrontend -serialize-debugging-options -application-extension -index-store-path /Users/gumclaw/work/gp2974-device/ios/build/dd/Index.noindex/DataStore -swift-version 5 -I /Users/gumclaw/work/gp2974-device/ios/build/dd/Build/Products/Release-iphoneos -I /Users/gumclaw/work/gp2974-device/ios/build/dd/Build/Products/Release-iphoneos/Expo -I /Users/gumclaw/work/gp2974-device/ios/build/dd/Build/Products/Release-iphoneos/ExpoModulesCore -I /Users/gumclaw/work/gp2974-device/ios/build/dd/Build/Products/Release-iphoneos/ExpoUI -I /Users/gumclaw/work/gp2974-device/ios/build/dd/Build/Products/Release-iphoneos/ExpoWidgets -I /Users/gumclaw/work/gp2974-device/ios/build/dd/Build/Products/Release-iphoneos/RCTSwiftUI -F /Users/gumclaw/work/gp2974-device/ios/build/dd/Build/Products/Release-iphoneos -F /Users/gumclaw/work/gp2974-device/ios/Pods/React-Core-prebuilt -F /Users/gumclaw/work/gp2974-device/ios/Pods/ReactNativeDependencies/framework/packages/react-native -F /Users/gumclaw/work/gp2974-device/ios/Pods/hermes-engine/destroot/Library/Frameworks/universal -F /Users/gumclaw/work/gp2974-device/ios/build/dd/Build/Products/Release-iphoneos/XCFrameworkIntermediates/React-Core-prebuilt -F /Users/gumclaw/work/gp2974-device/ios/build/dd/Build/Products/Release-iphoneos/XCFrameworkIntermediates/ReactNativeDependencies -F /Users/gumclaw/work/gp2974-device/ios/build/dd/Build/Products/Release-iphoneos/XCFrameworkIntermediates/hermes-engine/Pre-built -c -j16 -enable-batch-mode -incremental -Xcc -ivfsstatcache -Xcc /Users/gumclaw/work/gp2974-device/ios/build/dd/SDKStatCaches.noindex/iphoneos27.0-24A430-6c78b3cbc238196c85e1bf6c792c5915.sdkstatcache -output-file-map /Users/gumclaw/work/gp2974-device/ios/build/dd/Build/Intermediates.noindex/Gumroad.build/Release-iphoneos/ExpoWidgetsTarget.build/Objects-normal/arm64/ExpoWidgetsTarget-OutputFileMap.json -save-temps -no-color-diagnostics -emit-dependencies -emit-module -emit-module-path /Users/gumclaw/work/gp2974-device/ios/build/dd/Build/Intermediates.noindex/Gumroad.build/Release-iphoneos/ExpoWidgetsTarget.build/Objects-normal/arm64/ExpoWidgetsTarget.swiftmodule -serialize-diagnostics -validate-clang-modules-once -clang-build-session-file /Users/gumclaw/work/gp2974-device/ios/build/dd/ModuleCache.noindex/Session.modulevalidation -Xcc -fmodules-prune-interval\=86400 -Xcc -fmodules-prune-after\=345600 -emit-const-values -const-gather-protocols-list /Users/gumclaw/work/gp2974-device/ios/build/dd/Build/Intermediates.noindex/Gumroad.build/Release-iphoneos/ExpoWidgetsTarget.build/Objects-normal/arm64/ExpoWidgetsTarget_const_extract_protocols.json -Xcc -iquote -Xcc /Users/gumclaw/work/gp2974-device/ios/build/dd/Build/Intermediates.noindex/Gumroad.build/Release-iphoneos/ExpoWidgetsTarget.build/ExpoWidgetsTarget-generated-files.hmap -Xcc -I/Users/gumclaw/work/gp2974-device/ios/build/dd/Build/Intermediates.noindex/Gumroad.build/Release-iphoneos/ExpoWidgetsTarget.build/ExpoWidgetsTarget-own-target-headers.hmap -Xcc -I/Users/gumclaw/work/gp2974-device/ios/build/dd/Build/Intermediates.noindex/Gumroad.build/Release-iphoneos/ExpoWidgetsTarget.build/ExpoWidgetsTarget-all-non-framework-target-headers.hmap -Xcc -ivfsoverlay -Xcc /Users/gumclaw/work/gp2974-device/ios/build/dd/Build/Intermediates.noindex/Gumroad.build/Release-iphoneos/Gumroad-88889b1882ab139fbc4ce6147f23b038-VFS-iphoneos/all-product-headers.yaml -Xcc -iquote -Xcc /Users/gumclaw/work/gp2974-device/ios/build/dd/Build/Intermediates.noindex/Gumroad.build/Release-iphoneos/ExpoWidgetsTarget.build/ExpoWidgetsTarget-project-headers.hmap -Xcc -I/Users/gumclaw/work/gp2974-device/ios/build/dd/Build/Products/Release-iphoneos/include -Xcc -I/Users/gumclaw/work/gp2974-device/ios/Pods/Headers/Public -Xcc -I/Users/gumclaw/work/gp2974-device/ios/Pods/Headers/Public/BVLinearGradient -Xcc -I/Users/gumclaw/work/gp2974-device/ios/Pods/Headers/Public/EXApplication -Xcc -I/Users/gumclaw/work/gp2974-device/ios/Pods/Headers/Public/EXConstants -Xcc -I/Users/gumclaw/work/gp2974-device/ios/Pods/Headers/Public/EXJSONUtils -Xcc -I/Users/gumclaw/work/gp2974-device/ios/Pods/Headers/Public/Expo -Xcc -I/Users/gumclaw/work/gp2974-device/ios/Pods/Headers/Public/ExpoFileSystem -Xcc -I/Users/gumclaw/work/gp2974-device/ios/Pods/Headers/Public/ExpoModulesCore -Xcc -I/Users/gumclaw/work/gp2974-device/ios/Pods/Headers/Public/ExpoModulesJSI -Xcc -I/Users/gumclaw/work/gp2974-device/ios/Pods/Headers/Public/ExpoScreenOrientation -Xcc -I/Users/gumclaw/work/gp2974-device/ios/Pods/Headers/Public/ExpoTaskManager -Xcc -I/Users/gumclaw/work/gp2974-device/ios/Pods/Headers/Public/ExpoUI -Xcc -I/Users/gumclaw/work/gp2974-device/ios/Pods/Headers/Public/FBLazyVector -Xcc -I/Users/gumclaw/work/gp2974-device/ios/Pods/Headers/Public/RCTDeprecation -Xcc -I/Users/gumclaw/work/gp2974-device/ios/Pods/Headers/Public/RCTRequired -Xcc -I/Users/gumclaw/work/gp2974-device/ios/Pods/Headers/Public/RCTSwiftUIWrapper -Xcc -I/Users/gumclaw/work/gp2974-device/ios/Pods/Headers/Public/RCTTypeSafety -Xcc -I/Users/gumclaw/work/gp2974-device/ios/Pods/Headers/Public/RNGestureHandler -Xcc -I/Users/gumclaw/work/gp2974-device/ios/Pods/Headers/Public/RNReanimated -Xcc -I/Users/gumclaw/work/gp2974-device/ios/Pods/Headers/Public/RNSVG -Xcc -I/Users/gumclaw/work/gp2974-device/ios/Pods/Headers/Public/RNScreens -Xcc -I/Users/gumclaw/work/gp2974-device/ios/Pods/Headers/Public/RNSentry -Xcc -I/Users/gumclaw/work/gp2974-device/ios/Pods/Headers/Public/RNWorklets -Xcc -I/Users/gumclaw/work/gp2974-device/ios/Pods/Headers/Public/React-Core -Xcc -I/Users/gumclaw/work/gp2974-device/ios/Pods/Headers/Public/React-Core-prebuilt -Xcc -I/Users/gumclaw/work/gp2974-device/ios/Pods/Headers/Public/React-CoreModules -Xcc -I/Users/gumclaw/work/gp2974-device/ios/Pods/Headers/Public/React-Fabric -Xcc -I/Users/gumclaw/work/gp2974-device/ios/Pods/Headers/Public/React-FabricComponents -Xcc -I/Users/gumclaw/work/gp2974-device/ios/Pods/Headers/Public/React-FabricImage -Xcc -I/Users/gumclaw/work/gp2974-device/ios/Pods/Headers/Public/React-ImageManager -Xcc -I/Users/gumclaw/work/gp2974-device/ios/Pods/Headers/Public/React-Mapbuffer -Xcc -I/Users/gumclaw/work/gp2974-device/ios/Pods/Headers/Public/React-NativeModulesApple -Xcc -I/Users/gumclaw/work/gp2974-device/ios/Pods/Headers/Public/React-RCTAnimation -Xcc -I/Users/gumclaw/work/gp2974-device/ios/Pods/Headers/Public/React-RCTAppDelegate -Xcc -I/Users/gumclaw/work/gp2974-device/ios/Pods/Headers/Public/React-RCTBlob -Xcc -I/Users/gumclaw/work/gp2974-device/ios/Pods/Headers/Public/React-RCTFBReactNativeSpec -Xcc -I/Users/gumclaw/work/gp2974-device/ios/Pods/Headers/Public/React-RCTFabric -Xcc -I/Users/gumclaw/work/gp2974-device/ios/Pods/Headers/Public/React-RCTImage -Xcc -I/Users/gumclaw/work/gp2974-device/ios/Pods/Headers/Public/React-RCTRuntime -Xcc -I/Users/gumclaw/work/gp2974-device/ios/Pods/Headers/Public/React-RCTSettings -Xcc -I/Users/gumclaw/work/gp2974-device/ios/Pods/Headers/Public/React-RCTText -Xcc -I/Users/gumclaw/work/gp2974-device/ios/Pods/Headers/Public/React-RCTVibration -Xcc -I/Users/gumclaw/work/gp2974-device/ios/Pods/Headers/Public/React-RuntimeApple -Xcc -I/Users/gumclaw/work/gp2974-device/ios/Pods/Headers/Public/React-RuntimeCore -Xcc -I/Users/gumclaw/work/gp2974-device/ios/Pods/Headers/Public/React-RuntimeHermes -Xcc -I/Users/gumclaw/work/gp2974-device/ios/Pods/Headers/Public/React-callinvoker -Xcc -I/Users/gumclaw/work/gp2974-device/ios/Pods/Headers/Public/React-cxxreact -Xcc -I/Users/gumclaw/work/gp2974-device/ios/Pods/Headers/Public/React-debug -Xcc -I/Users/gumclaw/work/gp2974-device/ios/Pods/Headers/Public/React-defaultsnativemodule -Xcc -I/Users/gumclaw/work/gp2974-device/ios/Pods/Headers/Public/React-domnativemodule -Xcc -I/Users/gumclaw/work/gp2974-device/ios/Pods/Headers/Public/React-featureflags -Xcc -I/Users/gumclaw/work/gp2974-device/ios/Pods/Headers/Public/React-featureflagsnativemodule -Xcc -I/Users/gumclaw/work/gp2974-device/ios/Pods/Headers/Public/React-graphics -Xcc -I/Users/gumclaw/work/gp2974-device/ios/Pods/Headers/Public/React-hermes -Xcc -I/Users/gumclaw/work/gp2974-device/ios/Pods/Headers/Public/React-idlecallbacksnativemodule -Xcc -I/Users/gumclaw/work/gp2974-device/ios/Pods/Headers/Public/React-intersectionobservernativemodule -Xcc -I/Users/gumclaw/work/gp2974-device/ios/Pods/Headers/Public/React-jserrorhandler -Xcc -I/Users/gumclaw/work/gp2974-device/ios/Pods/Headers/Public/React-jsi -Xcc -I/Users/gumclaw/work/gp2974-device/ios/Pods/Headers/Public/React-jsiexecutor -Xcc -I/Users/gumclaw/work/gp2974-device/ios/Pods/Headers/Public/React-jsinspector -Xcc -I/Users/gumclaw/work/gp2974-device/ios/Pods/Headers/Public/React-jsinspectorcdp -Xcc -I/Users/gumclaw/work/gp2974-device/ios/Pods/Headers/Public/React-jsinspectornetwork -Xcc -I/Users/gumclaw/work/gp2974-device/ios/Pods/Headers/Public/React-jsinspectortracing -Xcc -I/Users/gumclaw/work/gp2974-device/ios/Pods/Headers/Public/React-jsitooling -Xcc -I/Users/gumclaw/work/gp2974-device/ios/Pods/Headers/Public/React-logger -Xcc -I/Users/gumclaw/work/gp2974-device/ios/Pods/Headers/Public/React-microtasksnativemodule -Xcc -I/Users/gumclaw/work/gp2974-device/ios/Pods/Headers/Public/React-networking -Xcc -I/Users/gumclaw/work/gp2974-device/ios/Pods/Headers/Public/React-oscompat -Xcc -I/Users/gumclaw/work/gp2974-device/ios/Pods/Headers/Public/React-perflogger -Xcc -I/Users/gumclaw/work/gp2974-device/ios/Pods/Headers/Public/React-performancecdpmetrics -Xcc -I/Users/gumclaw/work/gp2974-device/ios/Pods/Headers/Public/React-performancetimeline -Xcc -I/Users/gumclaw/work/gp2974-device/ios/Pods/Headers/Public/React-rendererconsistency -Xcc -I/Users/gumclaw/work/gp2974-device/ios/Pods/Headers/Public/React-renderercss -Xcc -I/Users/gumclaw/work/gp2974-device/ios/Pods/Headers/Public/React-rendererdebug -Xcc -I/Users/gumclaw/work/gp2974-device/ios/Pods/Headers/Public/React-runtimeexecutor -Xcc -I/Users/gumclaw/work/gp2974-device/ios/Pods/Headers/Public/React-runtimescheduler -Xcc -I/Users/gumclaw/work/gp2974-device/ios/Pods/Headers/Public/React-timing -Xcc -I/Users/gumclaw/work/gp2974-device/ios/Pods/Headers/Public/React-utils -Xcc -I/Users/gumclaw/work/gp2974-device/ios/Pods/Headers/Public/React-webperformancenativemodule -Xcc -I/Users/gumclaw/work/gp2974-device/ios/Pods/Headers/Public/ReactAppDependencyProvider -Xcc -I/Users/gumclaw/work/gp2974-device/ios/Pods/Headers/Public/ReactCodegen -Xcc -I/Users/gumclaw/work/gp2974-device/ios/Pods/Headers/Public/ReactCommon -Xcc -I/Users/gumclaw/work/gp2974-device/ios/Pods/Headers/Public/ReactNativeDependencies -Xcc -I/Users/gumclaw/work/gp2974-device/ios/Pods/Headers/Public/SDWebImage -Xcc -I/Users/gumclaw/work/gp2974-device/ios/Pods/Headers/Public/SDWebImageAVIFCoder -Xcc -I/Users/gumclaw/work/gp2974-device/ios/Pods/Headers/Public/SDWebImageSVGCoder -Xcc -I/Users/gumclaw/work/gp2974-device/ios/Pods/Headers/Public/SDWebImageWebPCoder -Xcc -I/Users/gumclaw/work/gp2974-device/ios/Pods/Headers/Public/Sentry -Xcc -I/Users/gumclaw/work/gp2974-device/ios/Pods/Headers/Public/UMAppLoader -Xcc -I/Users/gumclaw/work/gp2974-device/ios/Pods/Headers/Public/Yoga -Xcc -I/Users/gumclaw/work/gp2974-device/ios/Pods/Headers/Public/expo-dev-launcher -Xcc -I/Users/gumclaw/work/gp2974-device/ios/Pods/Headers/Public/expo-dev-menu -Xcc -I/Users/gumclaw/work/gp2974-device/ios/Pods/Headers/Public/hermes-engine -Xcc -I/Users/gumclaw/work/gp2974-device/ios/Pods/Headers/Public/libavif -Xcc -I/Users/gumclaw/work/gp2974-device/ios/Pods/Headers/Public/libdav1d -Xcc -I/Users/gumclaw/work/gp2974-device/ios/Pods/Headers/Public/libwebp -Xcc -I/Users/gumclaw/work/gp2974-device/ios/Pods/Headers/Public/react-native-blob-util -Xcc -I/Users/gumclaw/work/gp2974-device/ios/Pods/Headers/Public/react-native-context-menu-view -Xcc -I/Users/gumclaw/work/gp2974-device/ios/Pods/Headers/Public/react-native-pdf -Xcc -I/Users/gumclaw/work/gp2974-device/ios/Pods/Headers/Public/react-native-safe-area-context -Xcc -I/Users/gumclaw/work/gp2974-device/ios/Pods/Headers/Public/react-native-webview -Xcc -I/Users/gumclaw/work/gp2974-device/ios/build/dd/Build/Products/Release-iphoneos/Expo/Swift\ Compatibility\ Header -Xcc -I/Users/gumclaw/work/gp2974-device/ios/Pods/Headers/Private/Yoga -Xcc -I/Users/gumclaw/work/gp2974-device/ios/build/dd/Build/Products/Release-iphoneos/ExpoModulesCore/Swift\ Compatibility\ Header -Xcc -I/Users/gumclaw/work/gp2974-device/ios/Pods/Headers/Private/Yoga -Xcc -I/Users/gumclaw/work/gp2974-device/ios/Pods/boost -Xcc -I/Users/gumclaw/work/gp2974-device/ios/Pods/boost-for-react-native -Xcc -I/Users/gumclaw/work/gp2974-device/ios/Pods/glog -Xcc -I/Users/gumclaw/work/gp2974-device/ios/Pods/RCT-Folly -Xcc -I/Users/gumclaw/work/gp2974-device/ios/Pods/Headers/Public/React-hermes -Xcc -I/Users/gumclaw/work/gp2974-device/ios/Pods/Headers/Public/hermes-engine -Xcc -I/Users/gumclaw/work/gp2974-device/node_modules/react-native/ReactCommon -Xcc -I/Users/gumclaw/work/gp2974-device/node_modules/react-native-worklets/apple -Xcc -I/Users/gumclaw/work/gp2974-device/node_modules/react-native-worklets/Common/cpp -Xcc -I/Users/gumclaw/work/gp2974-device/ios/Pods/Headers/Private/React-Core -Xcc -I/Users/gumclaw/work/gp2974-device/ios/Pods/Headers/Private/React-Core -Xcc -I/Users/gumclaw/work/gp2974-device/ios/Pods/Headers/Private/Yoga -Xcc -I/Users/gumclaw/work/gp2974-device/ios/build/dd/Build/Intermediates.noindex/Gumroad.build/Release-iphoneos/ExpoWidgetsTarget.build/DerivedSources-normal/arm64 -Xcc -I/Users/gumclaw/work/gp2974-device/ios/build/dd/Build/Intermediates.noindex/Gumroad.build/Release-iphoneos/ExpoWidgetsTarget.build/DerivedSources/arm64 -Xcc -I/Users/gumclaw/work/gp2974-device/ios/build/dd/Build/Intermediates.noindex/Gumroad.build/Release-iphoneos/ExpoWidgetsTarget.build/DerivedSources -Xcc -DCOCOAPODS\=1 -emit-objc-header -emit-objc-header-path /Users/gumclaw/work/gp2974-device/ios/build/dd/Build/Intermediates.noindex/Gumroad.build/Release-iphoneos/ExpoWidgetsTarget.build/Objects-normal/arm64/ExpoWidgetsTarget-Swift.h -working-directory /Users/gumclaw/work/gp2974-device/ios -experimental-emit-module-separately -disable-cmo

SwiftCompile normal arm64 Compiling\ ExpoModulesProvider.swift /Users/gumclaw/work/gp2974-device/ios/Pods/Target\ Support\ Files/Pods-ExpoWidgetsTarget/ExpoModulesProvider.swift (in target 'ExpoWidgetsTarget' from project 'Gumroad')

SwiftCompile normal arm64 /Users/gumclaw/work/gp2974-device/ios/Pods/Target\ Support\ Files/Pods-ExpoWidgetsTarget/ExpoModulesProvider.swift (in target 'ExpoWidgetsTarget' from project 'Gumroad')
    cd /Users/gumclaw/work/gp2974-device/ios
    builtin-SwiftPerFileCompile ExpoModulesProvider.swift

SwiftEmitModule normal arm64 Emitting\ module\ for\ ExpoWidgetsTarget (in target 'ExpoWidgetsTarget' from project 'Gumroad')

SwiftCompile normal arm64 (in target 'ExpoWidgetsTarget' from project 'Gumroad')
    cd /Users/gumclaw/work/gp2974-device/ios
    

SwiftDriverJobDiscovery normal arm64 Compiling ExpoModulesProvider.swift (in target 'ExpoWidgetsTarget' from project 'Gumroad')

SwiftDriver\ Compilation ExpoWidgetsTarget normal arm64 com.apple.xcode.tools.swift.compiler (in target 'ExpoWidgetsTarget' from project 'Gumroad')
    cd /Users/gumclaw/work/gp2974-device/ios
    builtin-Swift-Compilation -- /Applications/Xcode.app/Contents/Developer/Toolchains/XcodeDefault.xctoolchain/usr/bin/swiftc -module-name ExpoWidgetsTarget -Onone @/Users/gumclaw/work/gp2974-device/ios/build/dd/Build/Intermediates.noindex/Gumroad.build/Release-iphoneos/ExpoWidgetsTarget.build/Objects-normal/arm64/ExpoWidgetsTarget.SwiftFileList -D COCOAPODS -Xcc -fmodule-map-file\=/Users/gumclaw/work/gp2974-device/ios/build/dd/Build/Products/Release-iphoneos/Expo/Expo.modulemap -Xcc -fmodule-map-file\=/Users/gumclaw/work/gp2974-device/ios/build/dd/Build/Products/Release-iphoneos/ExpoModulesCore/ExpoModulesCore.modulemap -Xcc -fmodule-map-file\=/Users/gumclaw/work/gp2974-device/ios/build/dd/Build/Products/Release-iphoneos/ExpoUI/ExpoUI.modulemap -Xcc -fmodule-map-file\=/Users/gumclaw/work/gp2974-device/ios/build/dd/Build/Products/Release-iphoneos/ExpoWidgets/ExpoWidgets.modulemap -Xcc -fmodule-map-file\=/Users/gumclaw/work/gp2974-device/ios/build/dd/Build/Products/Release-iphoneos/RCTSwiftUI/RCTSwiftUI.modulemap -Xcc -fmodule-map-file\=/Users/gumclaw/work/gp2974-device/ios/Pods/Headers/Public/ExpoModulesJSI/ExpoModulesJSI.modulemap -Xcc -fmodule-map-file\=/Users/gumclaw/work/gp2974-device/ios/Pods/Headers/Public/RNWorklets/RNWorklets.modulemap -Xcc -fmodule-map-file\=/Users/gumclaw/work/gp2974-device/ios/Pods/Headers/Public/ReactAppDependencyProvider/ReactAppDependencyProvider.modulemap -Xcc -fmodule-map-file\=/Users/gumclaw/work/gp2974-device/ios/Pods/Headers/Public/ReactCodegen/ReactCodegen.modulemap -D EXPO_CONFIGURATION_RELEASE -enable-bare-slash-regex -enable-experimental-feature DebugDescriptionMacro -sdk /Applications/Xcode.app/Contents/Developer/Platforms/iPhoneOS.platform/Developer/SDKs/iPhoneOS27.0.sdk -target arm64-apple-ios16.2 -g -module-cache-path /Users/gumclaw/work/gp2974-device/ios/build/dd/ModuleCache.noindex -Xfrontend -serialize-debugging-options -application-extension -index-store-path /Users/gumclaw/work/gp2974-device/ios/build/dd/Index.noindex/DataStore -swift-version 5 -I /Users/gumclaw/work/gp2974-device/ios/build/dd/Build/Products/Release-iphoneos -I /Users/gumclaw/work/gp2974-device/ios/build/dd/Build/Products/Release-iphoneos/Expo -I /Users/gumclaw/work/gp2974-device/ios/build/dd/Build/Products/Release-iphoneos/ExpoModulesCore -I /Users/gumclaw/work/gp2974-device/ios/build/dd/Build/Products/Release-iphoneos/ExpoUI -I /Users/gumclaw/work/gp2974-device/ios/build/dd/Build/Products/Release-iphoneos/ExpoWidgets -I /Users/gumclaw/work/gp2974-device/ios/build/dd/Build/Products/Release-iphoneos/RCTSwiftUI -F /Users/gumclaw/work/gp2974-device/ios/build/dd/Build/Products/Release-iphoneos -F /Users/gumclaw/work/gp2974-device/ios/Pods/React-Core-prebuilt -F /Users/gumclaw/work/gp2974-device/ios/Pods/ReactNativeDependencies/framework/packages/react-native -F /Users/gumclaw/work/gp2974-device/ios/Pods/hermes-engine/destroot/Library/Frameworks/universal -F /Users/gumclaw/work/gp2974-device/ios/build/dd/Build/Products/Release-iphoneos/XCFrameworkIntermediates/React-Core-prebuilt -F /Users/gumclaw/work/gp2974-device/ios/build/dd/Build/Products/Release-iphoneos/XCFrameworkIntermediates/ReactNativeDependencies -F /Users/gumclaw/work/gp2974-device/ios/build/dd/Build/Products/Release-iphoneos/XCFrameworkIntermediates/hermes-engine/Pre-built -c -j16 -enable-batch-mode -incremental -Xcc -ivfsstatcache -Xcc /Users/gumclaw/work/gp2974-device/ios/build/dd/SDKStatCaches.noindex/iphoneos27.0-24A430-6c78b3cbc238196c85e1bf6c792c5915.sdkstatcache -output-file-map /Users/gumclaw/work/gp2974-device/ios/build/dd/Build/Intermediates.noindex/Gumroad.build/Release-iphoneos/ExpoWidgetsTarget.build/Objects-normal/arm64/ExpoWidgetsTarget-OutputFileMap.json -save-temps -no-color-diagnostics -emit-dependencies -emit-module -emit-module-path /Users/gumclaw/work/gp2974-device/ios/build/dd/Build/Intermediates.noindex/Gumroad.build/Release-iphoneos/ExpoWidgetsTarget.build/Objects-normal/arm64/ExpoWidgetsTarget.swiftmodule -serialize-diagnostics -validate-clang-modules-once -clang-build-session-file /Users/gumclaw/work/gp2974-device/ios/build/dd/ModuleCache.noindex/Session.modulevalidation -Xcc -fmodules-prune-interval\=86400 -Xcc -fmodules-prune-after\=345600 -emit-const-values -const-gather-protocols-list /Users/gumclaw/work/gp2974-device/ios/build/dd/Build/Intermediates.noindex/Gumroad.build/Release-iphoneos/ExpoWidgetsTarget.build/Objects-normal/arm64/ExpoWidgetsTarget_const_extract_protocols.json -Xcc -iquote -Xcc /Users/gumclaw/work/gp2974-device/ios/build/dd/Build/Intermediates.noindex/Gumroad.build/Release-iphoneos/ExpoWidgetsTarget.build/ExpoWidgetsTarget-generated-files.hmap -Xcc -I/Users/gumclaw/work/gp2974-device/ios/build/dd/Build/Intermediates.noindex/Gumroad.build/Release-iphoneos/ExpoWidgetsTarget.build/ExpoWidgetsTarget-own-target-headers.hmap -Xcc -I/Users/gumclaw/work/gp2974-device/ios/build/dd/Build/Intermediates.noindex/Gumroad.build/Release-iphoneos/ExpoWidgetsTarget.build/ExpoWidgetsTarget-all-non-framework-target-headers.hmap -Xcc -ivfsoverlay -Xcc /Users/gumclaw/work/gp2974-device/ios/build/dd/Build/Intermediates.noindex/Gumroad.build/Release-iphoneos/Gumroad-88889b1882ab139fbc4ce6147f23b038-VFS-iphoneos/all-product-headers.yaml -Xcc -iquote -Xcc /Users/gumclaw/work/gp2974-device/ios/build/dd/Build/Intermediates.noindex/Gumroad.build/Release-iphoneos/ExpoWidgetsTarget.build/ExpoWidgetsTarget-project-headers.hmap -Xcc -I/Users/gumclaw/work/gp2974-device/ios/build/dd/Build/Products/Release-iphoneos/include -Xcc -I/Users/gumclaw/work/gp2974-device/ios/Pods/Headers/Public -Xcc -I/Users/gumclaw/work/gp2974-device/ios/Pods/Headers/Public/BVLinearGradient -Xcc -I/Users/gumclaw/work/gp2974-device/ios/Pods/Headers/Public/EXApplication -Xcc -I/Users/gumclaw/work/gp2974-device/ios/Pods/Headers/Public/EXConstants -Xcc -I/Users/gumclaw/work/gp2974-device/ios/Pods/Headers/Public/EXJSONUtils -Xcc -I/Users/gumclaw/work/gp2974-device/ios/Pods/Headers/Public/Expo -Xcc -I/Users/gumclaw/work/gp2974-device/ios/Pods/Headers/Public/ExpoFileSystem -Xcc -I/Users/gumclaw/work/gp2974-device/ios/Pods/Headers/Public/ExpoModulesCore -Xcc -I/Users/gumclaw/work/gp2974-device/ios/Pods/Headers/Public/ExpoModulesJSI -Xcc -I/Users/gumclaw/work/gp2974-device/ios/Pods/Headers/Public/ExpoScreenOrientation -Xcc -I/Users/gumclaw/work/gp2974-device/ios/Pods/Headers/Public/ExpoTaskManager -Xcc -I/Users/gumclaw/work/gp2974-device/ios/Pods/Headers/Public/ExpoUI -Xcc -I/Users/gumclaw/work/gp2974-device/ios/Pods/Headers/Public/FBLazyVector -Xcc -I/Users/gumclaw/work/gp2974-device/ios/Pods/Headers/Public/RCTDeprecation -Xcc -I/Users/gumclaw/work/gp2974-device/ios/Pods/Headers/Public/RCTRequired -Xcc -I/Users/gumclaw/work/gp2974-device/ios/Pods/Headers/Public/RCTSwiftUIWrapper -Xcc -I/Users/gumclaw/work/gp2974-device/ios/Pods/Headers/Public/RCTTypeSafety -Xcc -I/Users/gumclaw/work/gp2974-device/ios/Pods/Headers/Public/RNGestureHandler -Xcc -I/Users/gumclaw/work/gp2974-device/ios/Pods/Headers/Public/RNReanimated -Xcc -I/Users/gumclaw/work/gp2974-device/ios/Pods/Headers/Public/RNSVG -Xcc -I/Users/gumclaw/work/gp2974-device/ios/Pods/Headers/Public/RNScreens -Xcc -I/Users/gumclaw/work/gp2974-device/ios/Pods/Headers/Public/RNSentry -Xcc -I/Users/gumclaw/work/gp2974-device/ios/Pods/Headers/Public/RNWorklets -Xcc -I/Users/gumclaw/work/gp2974-device/ios/Pods/Headers/Public/React-Core -Xcc -I/Users/gumclaw/work/gp2974-device/ios/Pods/Headers/Public/React-Core-prebuilt -Xcc -I/Users/gumclaw/work/gp2974-device/ios/Pods/Headers/Public/React-CoreModules -Xcc -I/Users/gumclaw/work/gp2974-device/ios/Pods/Headers/Public/React-Fabric -Xcc -I/Users/gumclaw/work/gp2974-device/ios/Pods/Headers/Public/React-FabricComponents -Xcc -I/Users/gumclaw/work/gp2974-device/ios/Pods/Headers/Public/React-FabricImage -Xcc -I/Users/gumclaw/work/gp2974-device/ios/Pods/Headers/Public/React-ImageManager -Xcc -I/Users/gumclaw/work/gp2974-device/ios/Pods/Headers/Public/React-Mapbuffer -Xcc -I/Users/gumclaw/work/gp2974-device/ios/Pods/Headers/Public/React-NativeModulesApple -Xcc -I/Users/gumclaw/work/gp2974-device/ios/Pods/Headers/Public/React-RCTAnimation -Xcc -I/Users/gumclaw/work/gp2974-device/ios/Pods/Headers/Public/React-RCTAppDelegate -Xcc -I/Users/gumclaw/work/gp2974-device/ios/Pods/Headers/Public/React-RCTBlob -Xcc -I/Users/gumclaw/work/gp2974-device/ios/Pods/Headers/Public/React-RCTFBReactNativeSpec -Xcc -I/Users/gumclaw/work/gp2974-device/ios/Pods/Headers/Public/React-RCTFabric -Xcc -I/Users/gumclaw/work/gp2974-device/ios/Pods/Headers/Public/React-RCTImage -Xcc -I/Users/gumclaw/work/gp2974-device/ios/Pods/Headers/Public/React-RCTRuntime -Xcc -I/Users/gumclaw/work/gp2974-device/ios/Pods/Headers/Public/React-RCTSettings -Xcc -I/Users/gumclaw/work/gp2974-device/ios/Pods/Headers/Public/React-RCTText -Xcc -I/Users/gumclaw/work/gp2974-device/ios/Pods/Headers/Public/React-RCTVibration -Xcc -I/Users/gumclaw/work/gp2974-device/ios/Pods/Headers/Public/React-RuntimeApple -Xcc -I/Users/gumclaw/work/gp2974-device/ios/Pods/Headers/Public/React-RuntimeCore -Xcc -I/Users/gumclaw/work/gp2974-device/ios/Pods/Headers/Public/React-RuntimeHermes -Xcc -I/Users/gumclaw/work/gp2974-device/ios/Pods/Headers/Public/React-callinvoker -Xcc -I/Users/gumclaw/work/gp2974-device/ios/Pods/Headers/Public/React-cxxreact -Xcc -I/Users/gumclaw/work/gp2974-device/ios/Pods/Headers/Public/React-debug -Xcc -I/Users/gumclaw/work/gp2974-device/ios/Pods/Headers/Public/React-defaultsnativemodule -Xcc -I/Users/gumclaw/work/gp2974-device/ios/Pods/Headers/Public/React-domnativemodule -Xcc -I/Users/gumclaw/work/gp2974-device/ios/Pods/Headers/Public/React-featureflags -Xcc -I/Users/gumclaw/work/gp2974-device/ios/Pods/Headers/Public/React-featureflagsnativemodule -Xcc -I/Users/gumclaw/work/gp2974-device/ios/Pods/Headers/Public/React-graphics -Xcc -I/Users/gumclaw/work/gp2974-device/ios/Pods/Headers/Public/React-hermes -Xcc -I/Users/gumclaw/work/gp2974-device/ios/Pods/Headers/Public/React-idlecallbacksnativemodule -Xcc -I/Users/gumclaw/work/gp2974-device/ios/Pods/Headers/Public/React-intersectionobservernativemodule -Xcc -I/Users/gumclaw/work/gp2974-device/ios/Pods/Headers/Public/React-jserrorhandler -Xcc -I/Users/gumclaw/work/gp2974-device/ios/Pods/Headers/Public/React-jsi -Xcc -I/Users/gumclaw/work/gp2974-device/ios/Pods/Headers/Public/React-jsiexecutor -Xcc -I/Users/gumclaw/work/gp2974-device/ios/Pods/Headers/Public/React-jsinspector -Xcc -I/Users/gumclaw/work/gp2974-device/ios/Pods/Headers/Public/React-jsinspectorcdp -Xcc -I/Users/gumclaw/work/gp2974-device/ios/Pods/Headers/Public/React-jsinspectornetwork -Xcc -I/Users/gumclaw/work/gp2974-device/ios/Pods/Headers/Public/React-jsinspectortracing -Xcc -I/Users/gumclaw/work/gp2974-device/ios/Pods/Headers/Public/React-jsitooling -Xcc -I/Users/gumclaw/work/gp2974-device/ios/Pods/Headers/Public/React-logger -Xcc -I/Users/gumclaw/work/gp2974-device/ios/Pods/Headers/Public/React-microtasksnativemodule -Xcc -I/Users/gumclaw/work/gp2974-device/ios/Pods/Headers/Public/React-networking -Xcc -I/Users/gumclaw/work/gp2974-device/ios/Pods/Headers/Public/React-oscompat -Xcc -I/Users/gumclaw/work/gp2974-device/ios/Pods/Headers/Public/React-perflogger -Xcc -I/Users/gumclaw/work/gp2974-device/ios/Pods/Headers/Public/React-performancecdpmetrics -Xcc -I/Users/gumclaw/work/gp2974-device/ios/Pods/Headers/Public/React-performancetimeline -Xcc -I/Users/gumclaw/work/gp2974-device/ios/Pods/Headers/Public/React-rendererconsistency -Xcc -I/Users/gumclaw/work/gp2974-device/ios/Pods/Headers/Public/React-renderercss -Xcc -I/Users/gumclaw/work/gp2974-device/ios/Pods/Headers/Public/React-rendererdebug -Xcc -I/Users/gumclaw/work/gp2974-device/ios/Pods/Headers/Public/React-runtimeexecutor -Xcc -I/Users/gumclaw/work/gp2974-device/ios/Pods/Headers/Public/React-runtimescheduler -Xcc -I/Users/gumclaw/work/gp2974-device/ios/Pods/Headers/Public/React-timing -Xcc -I/Users/gumclaw/work/gp2974-device/ios/Pods/Headers/Public/React-utils -Xcc -I/Users/gumclaw/work/gp2974-device/ios/Pods/Headers/Public/React-webperformancenativemodule -Xcc -I/Users/gumclaw/work/gp2974-device/ios/Pods/Headers/Public/ReactAppDependencyProvider -Xcc -I/Users/gumclaw/work/gp2974-device/ios/Pods/Headers/Public/ReactCodegen -Xcc -I/Users/gumclaw/work/gp2974-device/ios/Pods/Headers/Public/ReactCommon -Xcc -I/Users/gumclaw/work/gp2974-device/ios/Pods/Headers/Public/ReactNativeDependencies -Xcc -I/Users/gumclaw/work/gp2974-device/ios/Pods/Headers/Public/SDWebImage -Xcc -I/Users/gumclaw/work/gp2974-device/ios/Pods/Headers/Public/SDWebImageAVIFCoder -Xcc -I/Users/gumclaw/work/gp2974-device/ios/Pods/Headers/Public/SDWebImageSVGCoder -Xcc -I/Users/gumclaw/work/gp2974-device/ios/Pods/Headers/Public/SDWebImageWebPCoder -Xcc -I/Users/gumclaw/work/gp2974-device/ios/Pods/Headers/Public/Sentry -Xcc -I/Users/gumclaw/work/gp2974-device/ios/Pods/Headers/Public/UMAppLoader -Xcc -I/Users/gumclaw/work/gp2974-device/ios/Pods/Headers/Public/Yoga -Xcc -I/Users/gumclaw/work/gp2974-device/ios/Pods/Headers/Public/expo-dev-launcher -Xcc -I/Users/gumclaw/work/gp2974-device/ios/Pods/Headers/Public/expo-dev-menu -Xcc -I/Users/gumclaw/work/gp2974-device/ios/Pods/Headers/Public/hermes-engine -Xcc -I/Users/gumclaw/work/gp2974-device/ios/Pods/Headers/Public/libavif -Xcc -I/Users/gumclaw/work/gp2974-device/ios/Pods/Headers/Public/libdav1d -Xcc -I/Users/gumclaw/work/gp2974-device/ios/Pods/Headers/Public/libwebp -Xcc -I/Users/gumclaw/work/gp2974-device/ios/Pods/Headers/Public/react-native-blob-util -Xcc -I/Users/gumclaw/work/gp2974-device/ios/Pods/Headers/Public/react-native-context-menu-view -Xcc -I/Users/gumclaw/work/gp2974-device/ios/Pods/Headers/Public/react-native-pdf -Xcc -I/Users/gumclaw/work/gp2974-device/ios/Pods/Headers/Public/react-native-safe-area-context -Xcc -I/Users/gumclaw/work/gp2974-device/ios/Pods/Headers/Public/react-native-webview -Xcc -I/Users/gumclaw/work/gp2974-device/ios/build/dd/Build/Products/Release-iphoneos/Expo/Swift\ Compatibility\ Header -Xcc -I/Users/gumclaw/work/gp2974-device/ios/Pods/Headers/Private/Yoga -Xcc -I/Users/gumclaw/work/gp2974-device/ios/build/dd/Build/Products/Release-iphoneos/ExpoModulesCore/Swift\ Compatibility\ Header -Xcc -I/Users/gumclaw/work/gp2974-device/ios/Pods/Headers/Private/Yoga -Xcc -I/Users/gumclaw/work/gp2974-device/ios/Pods/boost -Xcc -I/Users/gumclaw/work/gp2974-device/ios/Pods/boost-for-react-native -Xcc -I/Users/gumclaw/work/gp2974-device/ios/Pods/glog -Xcc -I/Users/gumclaw/work/gp2974-device/ios/Pods/RCT-Folly -Xcc -I/Users/gumclaw/work/gp2974-device/ios/Pods/Headers/Public/React-hermes -Xcc -I/Users/gumclaw/work/gp2974-device/ios/Pods/Headers/Public/hermes-engine -Xcc -I/Users/gumclaw/work/gp2974-device/node_modules/react-native/ReactCommon -Xcc -I/Users/gumclaw/work/gp2974-device/node_modules/react-native-worklets/apple -Xcc -I/Users/gumclaw/work/gp2974-device/node_modules/react-native-worklets/Common/cpp -Xcc -I/Users/gumclaw/work/gp2974-device/ios/Pods/Headers/Private/React-Core -Xcc -I/Users/gumclaw/work/gp2974-device/ios/Pods/Headers/Private/React-Core -Xcc -I/Users/gumclaw/work/gp2974-device/ios/Pods/Headers/Private/Yoga -Xcc -I/Users/gumclaw/work/gp2974-device/ios/build/dd/Build/Intermediates.noindex/Gumroad.build/Release-iphoneos/ExpoWidgetsTarget.build/DerivedSources-normal/arm64 -Xcc -I/Users/gumclaw/work/gp2974-device/ios/build/dd/Build/Intermediates.noindex/Gumroad.build/Release-iphoneos/ExpoWidgetsTarget.build/DerivedSources/arm64 -Xcc -I/Users/gumclaw/work/gp2974-device/ios/build/dd/Build/Intermediates.noindex/Gumroad.build/Release-iphoneos/ExpoWidgetsTarget.build/DerivedSources -Xcc -DCOCOAPODS\=1 -emit-objc-header -emit-objc-header-path /Users/gumclaw/work/gp2974-device/ios/build/dd/Build/Intermediates.noindex/Gumroad.build/Release-iphoneos/ExpoWidgetsTarget.build/Objects-normal/arm64/ExpoWidgetsTarget-Swift.h -working-directory /Users/gumclaw/work/gp2974-device/ios -experimental-emit-module-separately -disable-cmo

SwiftDriverJobDiscovery normal arm64 Emitting module for ExpoWidgetsTarget (in target 'ExpoWidgetsTarget' from project 'Gumroad')

SwiftDriver\ Compilation\ Requirements ExpoWidgetsTarget normal arm64 com.apple.xcode.tools.swift.compiler (in target 'ExpoWidgetsTarget' from project 'Gumroad')
    cd /Users/gumclaw/work/gp2974-device/ios
    builtin-Swift-Compilation-Requirements -- /Applications/Xcode.app/Contents/Developer/Toolchains/XcodeDefault.xctoolchain/usr/bin/swiftc -module-name ExpoWidgetsTarget -Onone @/Users/gumclaw/work/gp2974-device/ios/build/dd/Build/Intermediates.noindex/Gumroad.build/Release-iphoneos/ExpoWidgetsTarget.build/Objects-normal/arm64/ExpoWidgetsTarget.SwiftFileList -D COCOAPODS -Xcc -fmodule-map-file\=/Users/gumclaw/work/gp2974-device/ios/build/dd/Build/Products/Release-iphoneos/Expo/Expo.modulemap -Xcc -fmodule-map-file\=/Users/gumclaw/work/gp2974-device/ios/build/dd/Build/Products/Release-iphoneos/ExpoModulesCore/ExpoModulesCore.modulemap -Xcc -fmodule-map-file\=/Users/gumclaw/work/gp2974-device/ios/build/dd/Build/Products/Release-iphoneos/ExpoUI/ExpoUI.modulemap -Xcc -fmodule-map-file\=/Users/gumclaw/work/gp2974-device/ios/build/dd/Build/Products/Release-iphoneos/ExpoWidgets/ExpoWidgets.modulemap -Xcc -fmodule-map-file\=/Users/gumclaw/work/gp2974-device/ios/build/dd/Build/Products/Release-iphoneos/RCTSwiftUI/RCTSwiftUI.modulemap -Xcc -fmodule-map-file\=/Users/gumclaw/work/gp2974-device/ios/Pods/Headers/Public/ExpoModulesJSI/ExpoModulesJSI.modulemap -Xcc -fmodule-map-file\=/Users/gumclaw/work/gp2974-device/ios/Pods/Headers/Public/RNWorklets/RNWorklets.modulemap -Xcc -fmodule-map-file\=/Users/gumclaw/work/gp2974-device/ios/Pods/Headers/Public/ReactAppDependencyProvider/ReactAppDependencyProvider.modulemap -Xcc -fmodule-map-file\=/Users/gumclaw/work/gp2974-device/ios/Pods/Headers/Public/ReactCodegen/ReactCodegen.modulemap -D EXPO_CONFIGURATION_RELEASE -enable-bare-slash-regex -enable-experimental-feature DebugDescriptionMacro -sdk /Applications/Xcode.app/Contents/Developer/Platforms/iPhoneOS.platform/Developer/SDKs/iPhoneOS27.0.sdk -target arm64-apple-ios16.2 -g -module-cache-path /Users/gumclaw/work/gp2974-device/ios/build/dd/ModuleCache.noindex -Xfrontend -serialize-debugging-options -application-extension -index-store-path /Users/gumclaw/work/gp2974-device/ios/build/dd/Index.noindex/DataStore -swift-version 5 -I /Users/gumclaw/work/gp2974-device/ios/build/dd/Build/Products/Release-iphoneos -I /Users/gumclaw/work/gp2974-device/ios/build/dd/Build/Products/Release-iphoneos/Expo -I /Users/gumclaw/work/gp2974-device/ios/build/dd/Build/Products/Release-iphoneos/ExpoModulesCore -I /Users/gumclaw/work/gp2974-device/ios/build/dd/Build/Products/Release-iphoneos/ExpoUI -I /Users/gumclaw/work/gp2974-device/ios/build/dd/Build/Products/Release-iphoneos/ExpoWidgets -I /Users/gumclaw/work/gp2974-device/ios/build/dd/Build/Products/Release-iphoneos/RCTSwiftUI -F /Users/gumclaw/work/gp2974-device/ios/build/dd/Build/Products/Release-iphoneos -F /Users/gumclaw/work/gp2974-device/ios/Pods/React-Core-prebuilt -F /Users/gumclaw/work/gp2974-device/ios/Pods/ReactNativeDependencies/framework/packages/react-native -F /Users/gumclaw/work/gp2974-device/ios/Pods/hermes-engine/destroot/Library/Frameworks/universal -F /Users/gumclaw/work/gp2974-device/ios/build/dd/Build/Products/Release-iphoneos/XCFrameworkIntermediates/React-Core-prebuilt -F /Users/gumclaw/work/gp2974-device/ios/build/dd/Build/Products/Release-iphoneos/XCFrameworkIntermediates/ReactNativeDependencies -F /Users/gumclaw/work/gp2974-device/ios/build/dd/Build/Products/Release-iphoneos/XCFrameworkIntermediates/hermes-engine/Pre-built -c -j16 -enable-batch-mode -incremental -Xcc -ivfsstatcache -Xcc /Users/gumclaw/work/gp2974-device/ios/build/dd/SDKStatCaches.noindex/iphoneos27.0-24A430-6c78b3cbc238196c85e1bf6c792c5915.sdkstatcache -output-file-map /Users/gumclaw/work/gp2974-device/ios/build/dd/Build/Intermediates.noindex/Gumroad.build/Release-iphoneos/ExpoWidgetsTarget.build/Objects-normal/arm64/ExpoWidgetsTarget-OutputFileMap.json -save-temps -no-color-diagnostics -emit-dependencies -emit-module -emit-module-path /Users/gumclaw/work/gp2974-device/ios/build/dd/Build/Intermediates.noindex/Gumroad.build/Release-iphoneos/ExpoWidgetsTarget.build/Objects-normal/arm64/ExpoWidgetsTarget.swiftmodule -serialize-diagnostics -validate-clang-modules-once -clang-build-session-file /Users/gumclaw/work/gp2974-device/ios/build/dd/ModuleCache.noindex/Session.modulevalidation -Xcc -fmodules-prune-interval\=86400 -Xcc -fmodules-prune-after\=345600 -emit-const-values -const-gather-protocols-list /Users/gumclaw/work/gp2974-device/ios/build/dd/Build/Intermediates.noindex/Gumroad.build/Release-iphoneos/ExpoWidgetsTarget.build/Objects-normal/arm64/ExpoWidgetsTarget_const_extract_protocols.json -Xcc -iquote -Xcc /Users/gumclaw/work/gp2974-device/ios/build/dd/Build/Intermediates.noindex/Gumroad.build/Release-iphoneos/ExpoWidgetsTarget.build/ExpoWidgetsTarget-generated-files.hmap -Xcc -I/Users/gumclaw/work/gp2974-device/ios/build/dd/Build/Intermediates.noindex/Gumroad.build/Release-iphoneos/ExpoWidgetsTarget.build/ExpoWidgetsTarget-own-target-headers.hmap -Xcc -I/Users/gumclaw/work/gp2974-device/ios/build/dd/Build/Intermediates.noindex/Gumroad.build/Release-iphoneos/ExpoWidgetsTarget.build/ExpoWidgetsTarget-all-non-framework-target-headers.hmap -Xcc -ivfsoverlay -Xcc /Users/gumclaw/work/gp2974-device/ios/build/dd/Build/Intermediates.noindex/Gumroad.build/Release-iphoneos/Gumroad-88889b1882ab139fbc4ce6147f23b038-VFS-iphoneos/all-product-headers.yaml -Xcc -iquote -Xcc /Users/gumclaw/work/gp2974-device/ios/build/dd/Build/Intermediates.noindex/Gumroad.build/Release-iphoneos/ExpoWidgetsTarget.build/ExpoWidgetsTarget-project-headers.hmap -Xcc -I/Users/gumclaw/work/gp2974-device/ios/build/dd/Build/Products/Release-iphoneos/include -Xcc -I/Users/gumclaw/work/gp2974-device/ios/Pods/Headers/Public -Xcc -I/Users/gumclaw/work/gp2974-device/ios/Pods/Headers/Public/BVLinearGradient -Xcc -I/Users/gumclaw/work/gp2974-device/ios/Pods/Headers/Public/EXApplication -Xcc -I/Users/gumclaw/work/gp2974-device/ios/Pods/Headers/Public/EXConstants -Xcc -I/Users/gumclaw/work/gp2974-device/ios/Pods/Headers/Public/EXJSONUtils -Xcc -I/Users/gumclaw/work/gp2974-device/ios/Pods/Headers/Public/Expo -Xcc -I/Users/gumclaw/work/gp2974-device/ios/Pods/Headers/Public/ExpoFileSystem -Xcc -I/Users/gumclaw/work/gp2974-device/ios/Pods/Headers/Public/ExpoModulesCore -Xcc -I/Users/gumclaw/work/gp2974-device/ios/Pods/Headers/Public/ExpoModulesJSI -Xcc -I/Users/gumclaw/work/gp2974-device/ios/Pods/Headers/Public/ExpoScreenOrientation -Xcc -I/Users/gumclaw/work/gp2974-device/ios/Pods/Headers/Public/ExpoTaskManager -Xcc -I/Users/gumclaw/work/gp2974-device/ios/Pods/Headers/Public/ExpoUI -Xcc -I/Users/gumclaw/work/gp2974-device/ios/Pods/Headers/Public/FBLazyVector -Xcc -I/Users/gumclaw/work/gp2974-device/ios/Pods/Headers/Public/RCTDeprecation -Xcc -I/Users/gumclaw/work/gp2974-device/ios/Pods/Headers/Public/RCTRequired -Xcc -I/Users/gumclaw/work/gp2974-device/ios/Pods/Headers/Public/RCTSwiftUIWrapper -Xcc -I/Users/gumclaw/work/gp2974-device/ios/Pods/Headers/Public/RCTTypeSafety -Xcc -I/Users/gumclaw/work/gp2974-device/ios/Pods/Headers/Public/RNGestureHandler -Xcc -I/Users/gumclaw/work/gp2974-device/ios/Pods/Headers/Public/RNReanimated -Xcc -I/Users/gumclaw/work/gp2974-device/ios/Pods/Headers/Public/RNSVG -Xcc -I/Users/gumclaw/work/gp2974-device/ios/Pods/Headers/Public/RNScreens -Xcc -I/Users/gumclaw/work/gp2974-device/ios/Pods/Headers/Public/RNSentry -Xcc -I/Users/gumclaw/work/gp2974-device/ios/Pods/Headers/Public/RNWorklets -Xcc -I/Users/gumclaw/work/gp2974-device/ios/Pods/Headers/Public/React-Core -Xcc -I/Users/gumclaw/work/gp2974-device/ios/Pods/Headers/Public/React-Core-prebuilt -Xcc -I/Users/gumclaw/work/gp2974-device/ios/Pods/Headers/Public/React-CoreModules -Xcc -I/Users/gumclaw/work/gp2974-device/ios/Pods/Headers/Public/React-Fabric -Xcc -I/Users/gumclaw/work/gp2974-device/ios/Pods/Headers/Public/React-FabricComponents -Xcc -I/Users/gumclaw/work/gp2974-device/ios/Pods/Headers/Public/React-FabricImage -Xcc -I/Users/gumclaw/work/gp2974-device/ios/Pods/Headers/Public/React-ImageManager -Xcc -I/Users/gumclaw/work/gp2974-device/ios/Pods/Headers/Public/React-Mapbuffer -Xcc -I/Users/gumclaw/work/gp2974-device/ios/Pods/Headers/Public/React-NativeModulesApple -Xcc -I/Users/gumclaw/work/gp2974-device/ios/Pods/Headers/Public/React-RCTAnimation -Xcc -I/Users/gumclaw/work/gp2974-device/ios/Pods/Headers/Public/React-RCTAppDelegate -Xcc -I/Users/gumclaw/work/gp2974-device/ios/Pods/Headers/Public/React-RCTBlob -Xcc -I/Users/gumclaw/work/gp2974-device/ios/Pods/Headers/Public/React-RCTFBReactNativeSpec -Xcc -I/Users/gumclaw/work/gp2974-device/ios/Pods/Headers/Public/React-RCTFabric -Xcc -I/Users/gumclaw/work/gp2974-device/ios/Pods/Headers/Public/React-RCTImage -Xcc -I/Users/gumclaw/work/gp2974-device/ios/Pods/Headers/Public/React-RCTRuntime -Xcc -I/Users/gumclaw/work/gp2974-device/ios/Pods/Headers/Public/React-RCTSettings -Xcc -I/Users/gumclaw/work/gp2974-device/ios/Pods/Headers/Public/React-RCTText -Xcc -I/Users/gumclaw/work/gp2974-device/ios/Pods/Headers/Public/React-RCTVibration -Xcc -I/Users/gumclaw/work/gp2974-device/ios/Pods/Headers/Public/React-RuntimeApple -Xcc -I/Users/gumclaw/work/gp2974-device/ios/Pods/Headers/Public/React-RuntimeCore -Xcc -I/Users/gumclaw/work/gp2974-device/ios/Pods/Headers/Public/React-RuntimeHermes -Xcc -I/Users/gumclaw/work/gp2974-device/ios/Pods/Headers/Public/React-callinvoker -Xcc -I/Users/gumclaw/work/gp2974-device/ios/Pods/Headers/Public/React-cxxreact -Xcc -I/Users/gumclaw/work/gp2974-device/ios/Pods/Headers/Public/React-debug -Xcc -I/Users/gumclaw/work/gp2974-device/ios/Pods/Headers/Public/React-defaultsnativemodule -Xcc -I/Users/gumclaw/work/gp2974-device/ios/Pods/Headers/Public/React-domnativemodule -Xcc -I/Users/gumclaw/work/gp2974-device/ios/Pods/Headers/Public/React-featureflags -Xcc -I/Users/gumclaw/work/gp2974-device/ios/Pods/Headers/Public/React-featureflagsnativemodule -Xcc -I/Users/gumclaw/work/gp2974-device/ios/Pods/Headers/Public/React-graphics -Xcc -I/Users/gumclaw/work/gp2974-device/ios/Pods/Headers/Public/React-hermes -Xcc -I/Users/gumclaw/work/gp2974-device/ios/Pods/Headers/Public/React-idlecallbacksnativemodule -Xcc -I/Users/gumclaw/work/gp2974-device/ios/Pods/Headers/Public/React-intersectionobservernativemodule -Xcc -I/Users/gumclaw/work/gp2974-device/ios/Pods/Headers/Public/React-jserrorhandler -Xcc -I/Users/gumclaw/work/gp2974-device/ios/Pods/Headers/Public/React-jsi -Xcc -I/Users/gumclaw/work/gp2974-device/ios/Pods/Headers/Public/React-jsiexecutor -Xcc -I/Users/gumclaw/work/gp2974-device/ios/Pods/Headers/Public/React-jsinspector -Xcc -I/Users/gumclaw/work/gp2974-device/ios/Pods/Headers/Public/React-jsinspectorcdp -Xcc -I/Users/gumclaw/work/gp2974-device/ios/Pods/Headers/Public/React-jsinspectornetwork -Xcc -I/Users/gumclaw/work/gp2974-device/ios/Pods/Headers/Public/React-jsinspectortracing -Xcc -I/Users/gumclaw/work/gp2974-device/ios/Pods/Headers/Public/React-jsitooling -Xcc -I/Users/gumclaw/work/gp2974-device/ios/Pods/Headers/Public/React-logger -Xcc -I/Users/gumclaw/work/gp2974-device/ios/Pods/Headers/Public/React-microtasksnativemodule -Xcc -I/Users/gumclaw/work/gp2974-device/ios/Pods/Headers/Public/React-networking -Xcc -I/Users/gumclaw/work/gp2974-device/ios/Pods/Headers/Public/React-oscompat -Xcc -I/Users/gumclaw/work/gp2974-device/ios/Pods/Headers/Public/React-perflogger -Xcc -I/Users/gumclaw/work/gp2974-device/ios/Pods/Headers/Public/React-performancecdpmetrics -Xcc -I/Users/gumclaw/work/gp2974-device/ios/Pods/Headers/Public/React-performancetimeline -Xcc -I/Users/gumclaw/work/gp2974-device/ios/Pods/Headers/Public/React-rendererconsistency -Xcc -I/Users/gumclaw/work/gp2974-device/ios/Pods/Headers/Public/React-renderercss -Xcc -I/Users/gumclaw/work/gp2974-device/ios/Pods/Headers/Public/React-rendererdebug -Xcc -I/Users/gumclaw/work/gp2974-device/ios/Pods/Headers/Public/React-runtimeexecutor -Xcc -I/Users/gumclaw/work/gp2974-device/ios/Pods/Headers/Public/React-runtimescheduler -Xcc -I/Users/gumclaw/work/gp2974-device/ios/Pods/Headers/Public/React-timing -Xcc -I/Users/gumclaw/work/gp2974-device/ios/Pods/Headers/Public/React-utils -Xcc -I/Users/gumclaw/work/gp2974-device/ios/Pods/Headers/Public/React-webperformancenativemodule -Xcc -I/Users/gumclaw/work/gp2974-device/ios/Pods/Headers/Public/ReactAppDependencyProvider -Xcc -I/Users/gumclaw/work/gp2974-device/ios/Pods/Headers/Public/ReactCodegen -Xcc -I/Users/gumclaw/work/gp2974-device/ios/Pods/Headers/Public/ReactCommon -Xcc -I/Users/gumclaw/work/gp2974-device/ios/Pods/Headers/Public/ReactNativeDependencies -Xcc -I/Users/gumclaw/work/gp2974-device/ios/Pods/Headers/Public/SDWebImage -Xcc -I/Users/gumclaw/work/gp2974-device/ios/Pods/Headers/Public/SDWebImageAVIFCoder -Xcc -I/Users/gumclaw/work/gp2974-device/ios/Pods/Headers/Public/SDWebImageSVGCoder -Xcc -I/Users/gumclaw/work/gp2974-device/ios/Pods/Headers/Public/SDWebImageWebPCoder -Xcc -I/Users/gumclaw/work/gp2974-device/ios/Pods/Headers/Public/Sentry -Xcc -I/Users/gumclaw/work/gp2974-device/ios/Pods/Headers/Public/UMAppLoader -Xcc -I/Users/gumclaw/work/gp2974-device/ios/Pods/Headers/Public/Yoga -Xcc -I/Users/gumclaw/work/gp2974-device/ios/Pods/Headers/Public/expo-dev-launcher -Xcc -I/Users/gumclaw/work/gp2974-device/ios/Pods/Headers/Public/expo-dev-menu -Xcc -I/Users/gumclaw/work/gp2974-device/ios/Pods/Headers/Public/hermes-engine -Xcc -I/Users/gumclaw/work/gp2974-device/ios/Pods/Headers/Public/libavif -Xcc -I/Users/gumclaw/work/gp2974-device/ios/Pods/Headers/Public/libdav1d -Xcc -I/Users/gumclaw/work/gp2974-device/ios/Pods/Headers/Public/libwebp -Xcc -I/Users/gumclaw/work/gp2974-device/ios/Pods/Headers/Public/react-native-blob-util -Xcc -I/Users/gumclaw/work/gp2974-device/ios/Pods/Headers/Public/react-native-context-menu-view -Xcc -I/Users/gumclaw/work/gp2974-device/ios/Pods/Headers/Public/react-native-pdf -Xcc -I/Users/gumclaw/work/gp2974-device/ios/Pods/Headers/Public/react-native-safe-area-context -Xcc -I/Users/gumclaw/work/gp2974-device/ios/Pods/Headers/Public/react-native-webview -Xcc -I/Users/gumclaw/work/gp2974-device/ios/build/dd/Build/Products/Release-iphoneos/Expo/Swift\ Compatibility\ Header -Xcc -I/Users/gumclaw/work/gp2974-device/ios/Pods/Headers/Private/Yoga -Xcc -I/Users/gumclaw/work/gp2974-device/ios/build/dd/Build/Products/Release-iphoneos/ExpoModulesCore/Swift\ Compatibility\ Header -Xcc -I/Users/gumclaw/work/gp2974-device/ios/Pods/Headers/Private/Yoga -Xcc -I/Users/gumclaw/work/gp2974-device/ios/Pods/boost -Xcc -I/Users/gumclaw/work/gp2974-device/ios/Pods/boost-for-react-native -Xcc -I/Users/gumclaw/work/gp2974-device/ios/Pods/glog -Xcc -I/Users/gumclaw/work/gp2974-device/ios/Pods/RCT-Folly -Xcc -I/Users/gumclaw/work/gp2974-device/ios/Pods/Headers/Public/React-hermes -Xcc -I/Users/gumclaw/work/gp2974-device/ios/Pods/Headers/Public/hermes-engine -Xcc -I/Users/gumclaw/work/gp2974-device/node_modules/react-native/ReactCommon -Xcc -I/Users/gumclaw/work/gp2974-device/node_modules/react-native-worklets/apple -Xcc -I/Users/gumclaw/work/gp2974-device/node_modules/react-native-worklets/Common/cpp -Xcc -I/Users/gumclaw/work/gp2974-device/ios/Pods/Headers/Private/React-Core -Xcc -I/Users/gumclaw/work/gp2974-device/ios/Pods/Headers/Private/React-Core -Xcc -I/Users/gumclaw/work/gp2974-device/ios/Pods/Headers/Private/Yoga -Xcc -I/Users/gumclaw/work/gp2974-device/ios/build/dd/Build/Intermediates.noindex/Gumroad.build/Release-iphoneos/ExpoWidgetsTarget.build/DerivedSources-normal/arm64 -Xcc -I/Users/gumclaw/work/gp2974-device/ios/build/dd/Build/Intermediates.noindex/Gumroad.build/Release-iphoneos/ExpoWidgetsTarget.build/DerivedSources/arm64 -Xcc -I/Users/gumclaw/work/gp2974-device/ios/build/dd/Build/Intermediates.noindex/Gumroad.build/Release-iphoneos/ExpoWidgetsTarget.build/DerivedSources -Xcc -DCOCOAPODS\=1 -emit-objc-header -emit-objc-header-path /Users/gumclaw/work/gp2974-device/ios/build/dd/Build/Intermediates.noindex/Gumroad.build/Release-iphoneos/ExpoWidgetsTarget.build/Objects-normal/arm64/ExpoWidgetsTarget-Swift.h -working-directory /Users/gumclaw/work/gp2974-device/ios -experimental-emit-module-separately -disable-cmo

Copy /Users/gumclaw/work/gp2974-device/ios/build/dd/Build/Products/Release-iphoneos/ExpoWidgetsTarget.swiftmodule/arm64-apple-ios.abi.json /Users/gumclaw/work/gp2974-device/ios/build/dd/Build/Intermediates.noindex/Gumroad.build/Release-iphoneos/ExpoWidgetsTarget.build/Objects-normal/arm64/ExpoWidgetsTarget.abi.json (in target 'ExpoWidgetsTarget' from project 'Gumroad')
    cd /Users/gumclaw/work/gp2974-device/ios
    builtin-copy -exclude .DS_Store -exclude CVS -exclude .svn -exclude .git -exclude .hg -strip-unsigned-binaries -strip-deterministic -strip-tool /Applications/Xcode.app/Contents/Developer/Toolchains/XcodeDefault.xctoolchain/usr/bin/strip -resolve-src-symlinks -rename /Users/gumclaw/work/gp2974-device/ios/build/dd/Build/Intermediates.noindex/Gumroad.build/Release-iphoneos/ExpoWidgetsTarget.build/Objects-normal/arm64/ExpoWidgetsTarget.abi.json /Users/gumclaw/work/gp2974-device/ios/build/dd/Build/Products/Release-iphoneos/ExpoWidgetsTarget.swiftmodule/arm64-apple-ios.abi.json

Copy /Users/gumclaw/work/gp2974-device/ios/build/dd/Build/Products/Release-iphoneos/ExpoWidgetsTarget.swiftmodule/Project/arm64-apple-ios.swiftsourceinfo /Users/gumclaw/work/gp2974-device/ios/build/dd/Build/Intermediates.noindex/Gumroad.build/Release-iphoneos/ExpoWidgetsTarget.build/Objects-normal/arm64/ExpoWidgetsTarget.swiftsourceinfo (in target 'ExpoWidgetsTarget' from project 'Gumroad')
    cd /Users/gumclaw/work/gp2974-device/ios
    builtin-copy -exclude .DS_Store -exclude CVS -exclude .svn -exclude .git -exclude .hg -strip-unsigned-binaries -strip-deterministic -strip-tool /Applications/Xcode.app/Contents/Developer/Toolchains/XcodeDefault.xctoolchain/usr/bin/strip -resolve-src-symlinks -rename /Users/gumclaw/work/gp2974-device/ios/build/dd/Build/Intermediates.noindex/Gumroad.build/Release-iphoneos/ExpoWidgetsTarget.build/Objects-normal/arm64/ExpoWidgetsTarget.swiftsourceinfo /Users/gumclaw/work/gp2974-device/ios/build/dd/Build/Products/Release-iphoneos/ExpoWidgetsTarget.swiftmodule/Project/arm64-apple-ios.swiftsourceinfo

PhaseScriptExecution [CP]\ Copy\ Pods\ Resources /Users/gumclaw/work/gp2974-device/ios/build/dd/Build/Intermediates.noindex/Gumroad.build/Release-iphoneos/ExpoWidgetsTarget.build/Script-47A73D1C37CB7C67C2C902A9.sh (in target 'ExpoWidgetsTarget' from project 'Gumroad')
    cd /Users/gumclaw/work/gp2974-device/ios
    /bin/sh -c /Users/gumclaw/work/gp2974-device/ios/build/dd/Build/Intermediates.noindex/Gumroad.build/Release-iphoneos/ExpoWidgetsTarget.build/Script-47A73D1C37CB7C67C2C902A9.sh
/Users/gumclaw/work/gp2974-device/ios/build/dd/Build/Products/Release-iphoneos/ExpoWidgets/ExpoWidgets.bundle
/Users/gumclaw/work/gp2974-device/ios/build/dd/Build/Products/Release-iphoneos/React-Core/React-Core_privacy.bundle
/Users/gumclaw/work/gp2974-device/ios/build/dd/Build/Products/Release-iphoneos/React-cxxreact/React-cxxreact_privacy.bundle
Transfer starting: 9 files
ExpoWidgets.bundle/ExpoWidgets.bundle

sent 133085 bytes  received 42 bytes  63393809 bytes/sec
total size is 136105  speedup is 1.02

ExtractAppIntentsMetadata (in target 'ExpoWidgetsTarget' from project 'Gumroad')
    cd /Users/gumclaw/work/gp2974-device/ios
    /Applications/Xcode.app/Contents/Developer/Toolchains/XcodeDefault.xctoolchain/usr/bin/appintentsmetadataprocessor --toolchain-dir /Applications/Xcode.app/Contents/Developer/Toolchains/XcodeDefault.xctoolchain --module-name ExpoWidgetsTarget --sdk-root /Applications/Xcode.app/Contents/Developer/Platforms/iPhoneOS.platform/Developer/SDKs/iPhoneOS27.0.sdk --xcode-version 27A266a --platform-family iOS --deployment-target 16.2 --bundle-identifier com.GRD.Gumroad.ExpoWidgetsTarget --output /Users/gumclaw/work/gp2974-device/ios/build/dd/Build/Products/Release-iphoneos/ExpoWidgetsTarget.appex --target-triple arm64-apple-ios16.2 --binary-file /Users/gumclaw/work/gp2974-device/ios/build/dd/Build/Products/Release-iphoneos/ExpoWidgetsTarget.appex/ExpoWidgetsTarget --dependency-file /Users/gumclaw/work/gp2974-device/ios/build/dd/Build/Intermediates.noindex/Gumroad.build/Release-iphoneos/ExpoWidgetsTarget.build/Objects-normal/arm64/ExpoWidgetsTarget_dependency_info.dat --stringsdata-file /Users/gumclaw/work/gp2974-device/ios/build/dd/Build/Intermediates.noindex/Gumroad.build/Release-iphoneos/ExpoWidgetsTarget.build/Objects-normal/arm64/ExtractedAppShortcutsMetadata.stringsdata --source-file-list /Users/gumclaw/work/gp2974-device/ios/build/dd/Build/Intermediates.noindex/Gumroad.build/Release-iphoneos/ExpoWidgetsTarget.build/Objects-normal/arm64/ExpoWidgetsTarget.SwiftFileList --metadata-file-list /Users/gumclaw/work/gp2974-device/ios/build/dd/Build/Intermediates.noindex/Gumroad.build/Release-iphoneos/ExpoWidgetsTarget.build/ExpoWidgetsTarget.DependencyMetadataFileList --static-metadata-file-list /Users/gumclaw/work/gp2974-device/ios/build/dd/Build/Intermediates.noindex/Gumroad.build/Release-iphoneos/ExpoWidgetsTarget.build/ExpoWidgetsTarget.DependencyStaticMetadataFileList --swift-const-vals-list /Users/gumclaw/work/gp2974-device/ios/build/dd/Build/Intermediates.noindex/Gumroad.build/Release-iphoneos/ExpoWidgetsTarget.build/Objects-normal/arm64/ExpoWidgetsTarget.SwiftConstValuesFileList --compile-time-extraction --deployment-aware-processing --no-app-shortcuts-localization
2026-09-28 15:10:07.898 appintentsmetadataprocessor[4006:92988705] Starting appintentsmetadataprocessor export
2026-09-28 15:10:07.955 appintentsmetadataprocessor[4006:92988705] Writing Metadata.appintents
2026-09-28 15:10:07.955 appintentsmetadataprocessor[4006:92988705] Metadata root: /Users/gumclaw/work/gp2974-device/ios/build/dd/Build/Products/Release-iphoneos/ExpoWidgetsTarget.appex/Metadata.appintents

ProcessInfoPlistFile /Users/gumclaw/work/gp2974-device/ios/build/dd/Build/Products/Release-iphoneos/ExpoNotifications/ExpoNotifications_privacy.bundle/Info.plist /Users/gumclaw/work/gp2974-device/ios/Pods/Target\ Support\ Files/ExpoNotifications/ResourceBundle-ExpoNotifications_privacy-ExpoNotifications-Info.plist (in target 'ExpoNotifications-ExpoNotifications_privacy' from project 'Pods')
    cd /Users/gumclaw/work/gp2974-device/ios/Pods
    builtin-infoPlistUtility /Users/gumclaw/work/gp2974-device/ios/Pods/Target\ Support\ Files/ExpoNotifications/ResourceBundle-ExpoNotifications_privacy-ExpoNotifications-Info.plist -producttype com.apple.product-type.bundle -expandbuildsettings -format binary -platform iphoneos -requiredArchitecture arm64 -o /Users/gumclaw/work/gp2974-device/ios/build/dd/Build/Products/Release-iphoneos/ExpoNotifications/ExpoNotifications_privacy.bundle/Info.plist

ProcessInfoPlistFile /Users/gumclaw/work/gp2974-device/ios/build/dd/Build/Products/Release-iphoneos/ExpoWidgetsTarget.appex/Info.plist /Users/gumclaw/work/gp2974-device/ios/ExpoWidgetsTarget/Info.plist (in target 'ExpoWidgetsTarget' from project 'Gumroad')
    cd /Users/gumclaw/work/gp2974-device/ios
    builtin-infoPlistUtility /Users/gumclaw/work/gp2974-device/ios/ExpoWidgetsTarget/Info.plist -producttype com.apple.product-type.app-extension -expandbuildsettings -format binary -platform iphoneos -requiredArchitecture arm64 -o /Users/gumclaw/work/gp2974-device/ios/build/dd/Build/Products/Release-iphoneos/ExpoWidgetsTarget.appex/Info.plist

ProcessInfoPlistFile /Users/gumclaw/work/gp2974-device/ios/build/dd/Build/Products/Release-iphoneos/ExpoTaskManager/ExpoTaskManager_privacy.bundle/Info.plist /Users/gumclaw/work/gp2974-device/ios/Pods/Target\ Support\ Files/ExpoTaskManager/ResourceBundle-ExpoTaskManager_privacy-ExpoTaskManager-Info.plist (in target 'ExpoTaskManager-ExpoTaskManager_privacy' from project 'Pods')
    cd /Users/gumclaw/work/gp2974-device/ios/Pods
    builtin-infoPlistUtility /Users/gumclaw/work/gp2974-device/ios/Pods/Target\ Support\ Files/ExpoTaskManager/ResourceBundle-ExpoTaskManager_privacy-ExpoTaskManager-Info.plist -producttype com.apple.product-type.bundle -expandbuildsettings -format binary -platform iphoneos -requiredArchitecture arm64 -o /Users/gumclaw/work/gp2974-device/ios/build/dd/Build/Products/Release-iphoneos/ExpoTaskManager/ExpoTaskManager_privacy.bundle/Info.plist

ProcessInfoPlistFile /Users/gumclaw/work/gp2974-device/ios/build/dd/Build/Products/Release-iphoneos/ExpoFileSystem/ExpoFileSystem_privacy.bundle/Info.plist /Users/gumclaw/work/gp2974-device/ios/Pods/Target\ Support\ Files/ExpoFileSystem/ResourceBundle-ExpoFileSystem_privacy-ExpoFileSystem-Info.plist (in target 'ExpoFileSystem-ExpoFileSystem_privacy' from project 'Pods')
    cd /Users/gumclaw/work/gp2974-device/ios/Pods
    builtin-infoPlistUtility /Users/gumclaw/work/gp2974-device/ios/Pods/Target\ Support\ Files/ExpoFileSystem/ResourceBundle-ExpoFileSystem_privacy-ExpoFileSystem-Info.plist -producttype com.apple.product-type.bundle -expandbuildsettings -format binary -platform iphoneos -requiredArchitecture arm64 -o /Users/gumclaw/work/gp2974-device/ios/build/dd/Build/Products/Release-iphoneos/ExpoFileSystem/ExpoFileSystem_privacy.bundle/Info.plist

ProcessInfoPlistFile /Users/gumclaw/work/gp2974-device/ios/build/dd/Build/Products/Release-iphoneos/SDWebImage/SDWebImage.bundle/Info.plist /Users/gumclaw/work/gp2974-device/ios/Pods/Target\ Support\ Files/SDWebImage/ResourceBundle-SDWebImage-SDWebImage-Info.plist (in target 'SDWebImage-SDWebImage' from project 'Pods')
    cd /Users/gumclaw/work/gp2974-device/ios/Pods
    builtin-infoPlistUtility /Users/gumclaw/work/gp2974-device/ios/Pods/Target\ Support\ Files/SDWebImage/ResourceBundle-SDWebImage-SDWebImage-Info.plist -producttype com.apple.product-type.bundle -expandbuildsettings -format binary -platform iphoneos -requiredArchitecture arm64 -o /Users/gumclaw/work/gp2974-device/ios/build/dd/Build/Products/Release-iphoneos/SDWebImage/SDWebImage.bundle/Info.plist

ProcessInfoPlistFile /Users/gumclaw/work/gp2974-device/ios/build/dd/Build/Products/Release-iphoneos/RNSVG/RNSVGFilters.bundle/Info.plist /Users/gumclaw/work/gp2974-device/ios/Pods/Target\ Support\ Files/RNSVG/ResourceBundle-RNSVGFilters-RNSVG-Info.plist (in target 'RNSVG-RNSVGFilters' from project 'Pods')
    cd /Users/gumclaw/work/gp2974-device/ios/Pods
    builtin-infoPlistUtility /Users/gumclaw/work/gp2974-device/ios/Pods/Target\ Support\ Files/RNSVG/ResourceBundle-RNSVGFilters-RNSVG-Info.plist -producttype com.apple.product-type.bundle -expandbuildsettings -format binary -platform iphoneos -requiredArchitecture arm64 -o /Users/gumclaw/work/gp2974-device/ios/build/dd/Build/Products/Release-iphoneos/RNSVG/RNSVGFilters.bundle/Info.plist

ProcessInfoPlistFile /Users/gumclaw/work/gp2974-device/ios/build/dd/Build/Products/Release-iphoneos/EXApplication/ExpoApplication_privacy.bundle/Info.plist /Users/gumclaw/work/gp2974-device/ios/Pods/Target\ Support\ Files/EXApplication/ResourceBundle-ExpoApplication_privacy-EXApplication-Info.plist (in target 'EXApplication-ExpoApplication_privacy' from project 'Pods')
    cd /Users/gumclaw/work/gp2974-device/ios/Pods
    builtin-infoPlistUtility /Users/gumclaw/work/gp2974-device/ios/Pods/Target\ Support\ Files/EXApplication/ResourceBundle-ExpoApplication_privacy-EXApplication-Info.plist -producttype com.apple.product-type.bundle -expandbuildsettings -format binary -platform iphoneos -requiredArchitecture arm64 -o /Users/gumclaw/work/gp2974-device/ios/build/dd/Build/Products/Release-iphoneos/EXApplication/ExpoApplication_privacy.bundle/Info.plist

ProcessInfoPlistFile /Users/gumclaw/work/gp2974-device/ios/build/dd/Build/Products/Release-iphoneos/ExpoSystemUI/ExpoSystemUI_privacy.bundle/Info.plist /Users/gumclaw/work/gp2974-device/ios/Pods/Target\ Support\ Files/ExpoSystemUI/ResourceBundle-ExpoSystemUI_privacy-ExpoSystemUI-Info.plist (in target 'ExpoSystemUI-ExpoSystemUI_privacy' from project 'Pods')
    cd /Users/gumclaw/work/gp2974-device/ios/Pods
    builtin-infoPlistUtility /Users/gumclaw/work/gp2974-device/ios/Pods/Target\ Support\ Files/ExpoSystemUI/ResourceBundle-ExpoSystemUI_privacy-ExpoSystemUI-Info.plist -producttype com.apple.product-type.bundle -expandbuildsettings -format binary -platform iphoneos -requiredArchitecture arm64 -o /Users/gumclaw/work/gp2974-device/ios/build/dd/Build/Products/Release-iphoneos/ExpoSystemUI/ExpoSystemUI_privacy.bundle/Info.plist

ProcessInfoPlistFile /Users/gumclaw/work/gp2974-device/ios/build/dd/Build/Products/Release-iphoneos/Sentry/Sentry.bundle/Info.plist /Users/gumclaw/work/gp2974-device/ios/Pods/Target\ Support\ Files/Sentry/ResourceBundle-Sentry-Sentry-Info.plist (in target 'Sentry-Sentry' from project 'Pods')
    cd /Users/gumclaw/work/gp2974-device/ios/Pods
    builtin-infoPlistUtility /Users/gumclaw/work/gp2974-device/ios/Pods/Target\ Support\ Files/Sentry/ResourceBundle-Sentry-Sentry-Info.plist -producttype com.apple.product-type.bundle -expandbuildsettings -format binary -platform iphoneos -requiredArchitecture arm64 -o /Users/gumclaw/work/gp2974-device/ios/build/dd/Build/Products/Release-iphoneos/Sentry/Sentry.bundle/Info.plist

ProcessInfoPlistFile /Users/gumclaw/work/gp2974-device/ios/build/dd/Build/Products/Release-iphoneos/react-native-blob-util/ReactNativeBlobUtilPrivacyInfo.bundle/Info.plist /Users/gumclaw/work/gp2974-device/ios/Pods/Target\ Support\ Files/react-native-blob-util/ResourceBundle-ReactNativeBlobUtilPrivacyInfo-react-native-blob-util-Info.plist (in target 'react-native-blob-util-ReactNativeBlobUtilPrivacyInfo' from project 'Pods')
    cd /Users/gumclaw/work/gp2974-device/ios/Pods
    builtin-infoPlistUtility /Users/gumclaw/work/gp2974-device/ios/Pods/Target\ Support\ Files/react-native-blob-util/ResourceBundle-ReactNativeBlobUtilPrivacyInfo-react-native-blob-util-Info.plist -producttype com.apple.product-type.bundle -expandbuildsettings -format binary -platform iphoneos -requiredArchitecture arm64 -o /Users/gumclaw/work/gp2974-device/ios/build/dd/Build/Products/Release-iphoneos/react-native-blob-util/ReactNativeBlobUtilPrivacyInfo.bundle/Info.plist

ProcessInfoPlistFile /Users/gumclaw/work/gp2974-device/ios/build/dd/Build/Products/Release-iphoneos/EXConstants/EXConstants.bundle/Info.plist /Users/gumclaw/work/gp2974-device/ios/Pods/Target\ Support\ Files/EXConstants/ResourceBundle-EXConstants-EXConstants-Info.plist (in target 'EXConstants-EXConstants' from project 'Pods')
    cd /Users/gumclaw/work/gp2974-device/ios/Pods
    builtin-infoPlistUtility /Users/gumclaw/work/gp2974-device/ios/Pods/Target\ Support\ Files/EXConstants/ResourceBundle-EXConstants-EXConstants-Info.plist -producttype com.apple.product-type.bundle -expandbuildsettings -format binary -platform iphoneos -requiredArchitecture arm64 -o /Users/gumclaw/work/gp2974-device/ios/build/dd/Build/Products/Release-iphoneos/EXConstants/EXConstants.bundle/Info.plist

ProcessInfoPlistFile /Users/gumclaw/work/gp2974-device/ios/build/dd/Build/Products/Release-iphoneos/expo-dev-menu/EXDevMenu.bundle/Info.plist /Users/gumclaw/work/gp2974-device/ios/Pods/Target\ Support\ Files/expo-dev-menu/ResourceBundle-EXDevMenu-expo-dev-menu-Info.plist (in target 'expo-dev-menu-EXDevMenu' from project 'Pods')
    cd /Users/gumclaw/work/gp2974-device/ios/Pods
    builtin-infoPlistUtility /Users/gumclaw/work/gp2974-device/ios/Pods/Target\ Support\ Files/expo-dev-menu/ResourceBundle-EXDevMenu-expo-dev-menu-Info.plist -producttype com.apple.product-type.bundle -expandbuildsettings -format binary -platform iphoneos -additionalcontentfile /Users/gumclaw/work/gp2974-device/ios/build/dd/Build/Intermediates.noindex/Pods.build/Release-iphoneos/expo-dev-menu-EXDevMenu.build/assetcatalog_generated_info.plist -requiredArchitecture arm64 -o /Users/gumclaw/work/gp2974-device/ios/build/dd/Build/Products/Release-iphoneos/expo-dev-menu/EXDevMenu.bundle/Info.plist

ProcessInfoPlistFile /Users/gumclaw/work/gp2974-device/ios/build/dd/Build/Products/Release-iphoneos/expo-dev-launcher/EXDevLauncher.bundle/Info.plist /Users/gumclaw/work/gp2974-device/ios/Pods/Target\ Support\ Files/expo-dev-launcher/ResourceBundle-EXDevLauncher-expo-dev-launcher-Info.plist (in target 'expo-dev-launcher-EXDevLauncher' from project 'Pods')
    cd /Users/gumclaw/work/gp2974-device/ios/Pods
    builtin-infoPlistUtility /Users/gumclaw/work/gp2974-device/ios/Pods/Target\ Support\ Files/expo-dev-launcher/ResourceBundle-EXDevLauncher-expo-dev-launcher-Info.plist -producttype com.apple.product-type.bundle -expandbuildsettings -format binary -platform iphoneos -additionalcontentfile /Users/gumclaw/work/gp2974-device/ios/build/dd/Build/Intermediates.noindex/Pods.build/Release-iphoneos/expo-dev-launcher-EXDevLauncher.build/assetcatalog_generated_info.plist -requiredArchitecture arm64 -o /Users/gumclaw/work/gp2974-device/ios/build/dd/Build/Products/Release-iphoneos/expo-dev-launcher/EXDevLauncher.bundle/Info.plist

ProcessInfoPlistFile /Users/gumclaw/work/gp2974-device/ios/build/dd/Build/Products/Release-iphoneos/EXConstants/ExpoConstants_privacy.bundle/Info.plist /Users/gumclaw/work/gp2974-device/ios/Pods/Target\ Support\ Files/EXConstants/ResourceBundle-ExpoConstants_privacy-EXConstants-Info.plist (in target 'EXConstants-ExpoConstants_privacy' from project 'Pods')
    cd /Users/gumclaw/work/gp2974-device/ios/Pods
    builtin-infoPlistUtility /Users/gumclaw/work/gp2974-device/ios/Pods/Target\ Support\ Files/EXConstants/ResourceBundle-ExpoConstants_privacy-EXConstants-Info.plist -producttype com.apple.product-type.bundle -expandbuildsettings -format binary -platform iphoneos -requiredArchitecture arm64 -o /Users/gumclaw/work/gp2974-device/ios/build/dd/Build/Products/Release-iphoneos/EXConstants/ExpoConstants_privacy.bundle/Info.plist

CodeSign /Users/gumclaw/work/gp2974-device/ios/build/dd/Build/Products/Release-iphoneos/ExpoWidgetsTarget.appex/ExpoWidgetsTarget.debug.dylib (in target 'ExpoWidgetsTarget' from project 'Gumroad')
    cd /Users/gumclaw/work/gp2974-device/ios
    
    Signing Identity:     "iPhone Developer: Created via API (GPLPV4AXJ9)"
    Provisioning Profile: "gumclaw agent dev com.GRD.Gumroad.ExpoWidgetsTarget"
                          (f38e7708-85e9-4627-a2e8-9b19ee6528d3)
    
    /usr/bin/codesign --force --sign 8C68E33CFE6F1FCCE165B0FEB20266B64437E199 --keychain /Users/gumclaw/Library/Keychains/gumclaw-signing.keychain-db --timestamp\=none --generate-entitlement-der /Users/gumclaw/work/gp2974-device/ios/build/dd/Build/Products/Release-iphoneos/ExpoWidgetsTarget.appex/ExpoWidgetsTarget.debug.dylib
/Users/gumclaw/work/gp2974-device/ios/build/dd/Build/Products/Release-iphoneos/ExpoWidgetsTarget.appex/ExpoWidgetsTarget.debug.dylib: replacing existing signature

PhaseScriptExecution [CP-User]\ Generate\ app.config\ for\ prebuilt\ Constants.manifest /Users/gumclaw/work/gp2974-device/ios/build/dd/Build/Intermediates.noindex/Pods.build/Release-iphoneos/EXConstants.build/Script-46EB2E00032090.sh (in target 'EXConstants' from project 'Pods')
    cd /Users/gumclaw/work/gp2974-device/ios/Pods
    export ACTION\=build
    export AD_HOC_CODE_SIGNING_ALLOWED\=NO
    export ALLOW_BUILD_REQUEST_OVERRIDES\=NO
    export ALLOW_TARGET_PLATFORM_SPECIALIZATION\=NO
    export ALTERNATE_GROUP\=staff
    export ALTERNATE_MODE\=u+w,go-w,a+rX
    export ALTERNATE_OWNER\=gumclaw
    export ALTERNATIVE_DISTRIBUTION_WEB\=NO
    export ALWAYS_EMBED_SWIFT_STANDARD_LIBRARIES\=NO
    export ALWAYS_SEARCH_USER_PATHS\=NO
    export ALWAYS_USE_SEPARATE_HEADERMAPS\=NO
    export ANDROID_DEPLOYMENT_TARGET\=21.0
    export APPLICATION_EXTENSION_API_ONLY\=NO
    export APPLY_RULES_IN_COPY_FILES\=NO
    export APPLY_RULES_IN_COPY_HEADERS\=NO
    export APP_SHORTCUTS_ENABLE_FLEXIBLE_MATCHING\=YES
    export ARCHS\=arm64
    export ARCHS_BASE\=arm64
    export ARCHS_STANDARD\=arm64
    export ARCHS_STANDARD_32_64_BIT\=armv7\ arm64
    export ARCHS_STANDARD_32_BIT\=armv7
    export ARCHS_STANDARD_64_BIT\=arm64
    export ARCHS_STANDARD_INCLUDING_64_BIT\=arm64
    export ARCHS_UNIVERSAL_IPHONE_OS\=armv7\ arm64
    export ARCH_COHORT_arm64e\=arm64e\ arm64e.x1
    export ASSETCATALOG_FILTER_FOR_DEVICE_MODEL\=iPhone18,3
    export ASSETCATALOG_FILTER_FOR_DEVICE_OS_VERSION\=26.4.2
    export ASSETCATALOG_FILTER_FOR_THINNING_DEVICE_CONFIGURATION\=iPhone18,3
    export AUTOMATICALLY_MERGE_DEPENDENCIES\=NO
    export AUTOMATION_APPLE_EVENTS\=NO
    export AVAILABLE_PLATFORMS\=android\ appletvos\ appletvsimulator\ driverkit\ freebsd\ iphoneos\ iphonesimulator\ linux\ macosx\ none\ openbsd\ qnx\ staticlinux\ watchos\ watchsimulator\ webassembly\ xros\ xrsimulator
    export BUILD_ACTIVE_RESOURCES_ONLY\=YES
    export BUILD_COMPONENTS\=headers\ build
    export BUILD_DIR\=/Users/gumclaw/work/gp2974-device/ios/build/dd/Build/Products
    export BUILD_LIBRARY_FOR_DISTRIBUTION\=NO
    export BUILD_ONLY_KNOWN_LOCALIZATIONS\=NO
    export BUILD_ROOT\=/Users/gumclaw/work/gp2974-device/ios/build/dd/Build/Products
    export BUILD_STYLE\=
    export BUILD_VARIANTS\=normal
    export BUILT_PRODUCTS_DIR\=/Users/gumclaw/work/gp2974-device/ios/build/dd/Build/Products/Release-iphoneos/EXConstants
    export BUNDLE_CONTENTS_FOLDER_PATH_deep\=Contents/
    export BUNDLE_EXECUTABLE_FOLDER_NAME_deep\=MacOS
    export BUNDLE_EXTENSIONS_FOLDER_PATH\=Extensions
    export BUNDLE_FORMAT\=shallow
    export BUNDLE_FRAMEWORKS_FOLDER_PATH\=Frameworks
    export BUNDLE_PLUGINS_FOLDER_PATH\=PlugIns
    export BUNDLE_PRIVATE_HEADERS_FOLDER_PATH\=PrivateHeaders
    export BUNDLE_PUBLIC_HEADERS_FOLDER_PATH\=Headers
    export CACHE_ROOT\=/var/folders/b8/m3wdk1md2zx4zcr6xhkd2k2m0000gq/C/com.apple.DeveloperTools/27.0-27A266a/Xcode
    export CCHROOT\=/var/folders/b8/m3wdk1md2zx4zcr6xhkd2k2m0000gq/C/com.apple.DeveloperTools/27.0-27A266a/Xcode
    export CHMOD\=/bin/chmod
    export CHOWN\=chown
    export CLANG_ANALYZER_LOCALIZABILITY_NONLOCALIZED\=YES
    export CLANG_ANALYZER_NONNULL\=YES
    export CLANG_ANALYZER_NUMBER_OBJECT_CONVERSION\=YES_AGGRESSIVE
    export CLANG_CACHE_FINE_GRAINED_OUTPUTS\=YES
    export CLANG_CXX_LANGUAGE_STANDARD\=c++20
    export CLANG_CXX_LIBRARY\=libc++
    export CLANG_ENABLE_EXPLICIT_MODULES\=YES
    export CLANG_ENABLE_MODULES\=YES
    export CLANG_ENABLE_MODULE_DEBUGGING\=NO
    export CLANG_ENABLE_OBJC_ARC\=YES
    export CLANG_ENABLE_OBJC_WEAK\=NO
    export CLANG_MODULES_BUILD_SESSION_FILE\=/Users/gumclaw/work/gp2974-device/ios/build/dd/ModuleCache.noindex/Session.modulevalidation
    export CLANG_WARN_BLOCK_CAPTURE_AUTORELEASING\=YES
    export CLANG_WARN_BOOL_CONVERSION\=YES
    export CLANG_WARN_COMMA\=YES
    export CLANG_WARN_CONSTANT_CONVERSION\=YES
    export CLANG_WARN_DEPRECATED_OBJC_IMPLEMENTATIONS\=YES
    export CLANG_WARN_DIRECT_OBJC_ISA_USAGE\=YES_ERROR
    export CLANG_WARN_DOCUMENTATION_COMMENTS\=YES
    export CLANG_WARN_EMPTY_BODY\=YES
    export CLANG_WARN_ENUM_CONVERSION\=YES
    export CLANG_WARN_INFINITE_RECURSION\=YES
    export CLANG_WARN_INT_CONVERSION\=YES
    export CLANG_WARN_NON_LITERAL_NULL_CONVERSION\=YES
    export CLANG_WARN_OBJC_IMPLICIT_RETAIN_SELF\=YES
    export CLANG_WARN_OBJC_LITERAL_CONVERSION\=YES
    export CLANG_WARN_OBJC_ROOT_CLASS\=YES_ERROR
    export CLANG_WARN_QUOTED_INCLUDE_IN_FRAMEWORK_HEADER\=NO
    export CLANG_WARN_RANGE_LOOP_ANALYSIS\=YES
    export CLANG_WARN_STRICT_PROTOTYPES\=YES
    export CLANG_WARN_SUSPICIOUS_MOVE\=YES
    export CLANG_WARN_UNGUARDED_AVAILABILITY\=YES_AGGRESSIVE
    export CLANG_WARN_UNREACHABLE_CODE\=YES
    export CLANG_WARN__DUPLICATE_METHOD_MATCH\=YES
    export CLASS_FILE_DIR\=/Users/gumclaw/work/gp2974-device/ios/build/dd/Build/Intermediates.noindex/Pods.build/Release-iphoneos/EXConstants.build/JavaClasses
    export CLEAN_PRECOMPS\=YES
    export CLONE_HEADERS\=NO
    export CODESIGNING_FOLDER_PATH\=/Users/gumclaw/work/gp2974-device/ios/build/dd/Build/Products/Release-iphoneos/EXConstants/libEXConstants.a
    export CODE_SIGNING_ALLOWED\=NO
    export CODE_SIGNING_REQUIRED\=YES
    export CODE_SIGN_CONTEXT_CLASS\=XCiPhoneOSCodeSignContext
    export CODE_SIGN_INJECT_BASE_ENTITLEMENTS\=YES
    export COLOR_DIAGNOSTICS\=NO
    export COMBINE_HIDPI_IMAGES\=NO
    export COMPILATION_CACHE_CAS_PATH\=/Users/gumclaw/work/gp2974-device/ios/build/dd/CompilationCache.noindex
    export COMPILATION_CACHE_KEEP_CAS_DIRECTORY\=YES
    export COMPILER_INDEX_STORE_ENABLE\=Default
    export COMPOSITE_SDK_DIRS\=/Users/gumclaw/work/gp2974-device/ios/build/dd/Build/Intermediates.noindex/CompositeSDKs
    export COMPRESS_PNG_FILES\=YES
    export CONFIGURATION\=Release
    export CONFIGURATION_BUILD_DIR\=/Users/gumclaw/work/gp2974-device/ios/build/dd/Build/Products/Release-iphoneos/EXConstants
    export CONFIGURATION_TEMP_DIR\=/Users/gumclaw/work/gp2974-device/ios/build/dd/Build/Intermediates.noindex/Pods.build/Release-iphoneos
    export COPYING_PRESERVES_HFS_DATA\=NO
    export COPY_HEADERS_RUN_UNIFDEF\=NO
    export COPY_PHASE_STRIP\=NO
    export CORRESPONDING_SIMULATOR_PLATFORM_DIR\=/Applications/Xcode.app/Contents/Developer/Platforms/iPhoneSimulator.platform
    export CORRESPONDING_SIMULATOR_PLATFORM_NAME\=iphonesimulator
    export CORRESPONDING_SIMULATOR_SDK_DIR\=/Applications/Xcode.app/Contents/Developer/Platforms/iPhoneSimulator.platform/Developer/SDKs/iPhoneSimulator27.0.sdk
    export CORRESPONDING_SIMULATOR_SDK_NAME\=iphonesimulator27.0
    export CP\=/bin/cp
    export CREATE_INFOPLIST_SECTION_IN_BINARY\=NO
    export CURRENT_ARCH\=undefined_arch
    export CURRENT_VARIANT\=normal
    export DEAD_CODE_STRIPPING\=YES
    export DEBUGGING_SYMBOLS\=YES
    export DEBUG_INFORMATION_FORMAT\=dwarf-with-dsym
    export DEBUG_INFORMATION_VERSION\=compiler-default
    export DEFAULT_COMPILER\=com.apple.compilers.llvm.clang.1_0
    export DEFAULT_DEXT_INSTALL_PATH\=/System/Library/DriverExtensions
    export DEFAULT_KEXT_INSTALL_PATH\=/System/Library/Extensions
    export DEFINES_MODULE\=YES
    export DEPLOYMENT_LOCATION\=NO
    export DEPLOYMENT_POSTPROCESSING\=NO
    export DEPLOYMENT_TARGET_SETTING_NAME\=IPHONEOS_DEPLOYMENT_TARGET
    export DEPLOYMENT_TARGET_SUGGESTED_VALUES\=15.0\ 15.1\ 15.2\ 15.3\ 15.4\ 15.5\ 15.6\ 16.0\ 16.1\ 16.2\ 16.3\ 16.4\ 16.5\ 16.6\ 17.0\ 17.1\ 17.2\ 17.3\ 17.4\ 17.5\ 17.6\ 18.0\ 18.1\ 18.2\ 18.3\ 18.4\ 18.5\ 18.6\ 26.0\ 26.2\ 26.3\ 26.4\ 26.5\ 26.6\ 27.0
    export DERIVED_FILES_DIR\=/Users/gumclaw/work/gp2974-device/ios/build/dd/Build/Intermediates.noindex/Pods.build/Release-iphoneos/EXConstants.build/DerivedSources
    export DERIVED_FILE_DIR\=/Users/gumclaw/work/gp2974-device/ios/build/dd/Build/Intermediates.noindex/Pods.build/Release-iphoneos/EXConstants.build/DerivedSources
    export DERIVED_SOURCES_DIR\=/Users/gumclaw/work/gp2974-device/ios/build/dd/Build/Intermediates.noindex/Pods.build/Release-iphoneos/EXConstants.build/DerivedSources
    export DERIVE_MACCATALYST_PRODUCT_BUNDLE_IDENTIFIER\=NO
    export DEVELOPER_APPLICATIONS_DIR\=/Applications/Xcode.app/Contents/Developer/Applications
    export DEVELOPER_BIN_DIR\=/Applications/Xcode.app/Contents/Developer/usr/bin
    export DEVELOPER_DIR\=/Applications/Xcode.app/Contents/Developer
    export DEVELOPER_FRAMEWORKS_DIR\=/Applications/Xcode.app/Contents/Developer/Library/Frameworks
    export DEVELOPER_FRAMEWORKS_DIR_QUOTED\=/Applications/Xcode.app/Contents/Developer/Library/Frameworks
    export DEVELOPER_LIBRARY_DIR\=/Applications/Xcode.app/Contents/Developer/Library
    export DEVELOPER_SDK_DIR\=/Applications/Xcode.app/Contents/Developer/Platforms/MacOSX.platform/Developer/SDKs
    export DEVELOPER_TOOLS_DIR\=/Applications/Xcode.app/Contents/Developer/Tools
    export DEVELOPER_USR_DIR\=/Applications/Xcode.app/Contents/Developer/usr
    export DEVELOPMENT_LANGUAGE\=en
    export DEVELOPMENT_TEAM\=66LJACJ2U7
    export DIAGNOSE_MISSING_TARGET_DEPENDENCIES\=YES
    export DIFF\=/usr/bin/diff
    export DONT_GENERATE_INFOPLIST_FILE\=NO
    export DSTROOT\=/tmp/Pods.dst
    export DT_TOOLCHAIN_DIR\=/Applications/Xcode.app/Contents/Developer/Toolchains/XcodeDefault.xctoolchain
    export DWARF_DSYM_FILE_NAME\=libEXConstants.a.dSYM
    export DWARF_DSYM_FILE_SHOULD_ACCOMPANY_PRODUCT\=NO
    export DWARF_DSYM_FOLDER_PATH\=/Users/gumclaw/work/gp2974-device/ios/build/dd/Build/Products/Release-iphoneos/EXConstants
    export DYNAMIC_LIBRARY_EXTENSION\=dylib
    export EAGER_COMPILATION_ALLOW_SCRIPTS\=NO
    export EAGER_LINKING\=NO
    export EFFECTIVE_PLATFORM_NAME\=-iphoneos
    export EFFECTIVE_SWIFT_VERSION\=5
    export EMBEDDED_CONTENT_CONTAINS_SWIFT\=NO
    export EMBEDDED_PROFILE_NAME\=embedded.mobileprovision
    export EMBED_ASSET_PACKS_IN_PRODUCT_BUNDLE\=NO
    export ENABLE_APP_SANDBOX\=NO
    export ENABLE_CODE_COVERAGE\=YES
    export ENABLE_COHORT_ARCHS\=YES
    export ENABLE_CPLUSPLUS_BOUNDS_SAFE_BUFFERS\=NO
    export ENABLE_C_BOUNDS_SAFETY\=NO
    export ENABLE_DEBUG_DYLIB\=NO
    export ENABLE_DEFAULT_HEADER_SEARCH_PATHS\=YES
    export ENABLE_DEFAULT_SEARCH_PATHS\=YES
    export ENABLE_ENHANCED_SECURITY\=NO
    export ENABLE_HARDENED_RUNTIME\=NO
    export ENABLE_HARDWARE_CHECKED_POINTER_ARITHMETIC_SLICE\=NO
    export ENABLE_HEADER_DEPENDENCIES\=YES
    export ENABLE_INCOMING_NETWORK_CONNECTIONS\=NO
    export ENABLE_MODULE_VERIFIER\=NO
    export ENABLE_NS_ASSERTIONS\=NO
    export ENABLE_ON_DEMAND_RESOURCES\=NO
    export ENABLE_OUTGOING_NETWORK_CONNECTIONS\=NO
    export ENABLE_POINTER_AUTHENTICATION\=NO
    export ENABLE_PREVIEWS\=NO
    export ENABLE_RESOURCE_ACCESS_AUDIO_INPUT\=NO
    export ENABLE_RESOURCE_ACCESS_BLUETOOTH\=NO
    export ENABLE_RESOURCE_ACCESS_CALENDARS\=NO
    export ENABLE_RESOURCE_ACCESS_CAMERA\=NO
    export ENABLE_RESOURCE_ACCESS_CONTACTS\=NO
    export ENABLE_RESOURCE_ACCESS_LOCATION\=NO
    export ENABLE_RESOURCE_ACCESS_PHOTO_LIBRARY\=NO
    export ENABLE_RESOURCE_ACCESS_PRINTING\=NO
    export ENABLE_RESOURCE_ACCESS_USB\=NO
    export ENABLE_SDK_IMPORTS\=NO
    export ENABLE_SECURITY_COMPILER_WARNINGS\=NO
    export ENABLE_STRICT_OBJC_MSGSEND\=YES
    export ENABLE_TESTABILITY\=NO
    export ENABLE_TESTING_SEARCH_PATHS\=NO
    export ENABLE_USER_SCRIPT_SANDBOXING\=NO
    export ENABLE_XOJIT_PREVIEWS\=NO
    export ENFORCE_VALID_ARCHS\=YES
    export ENTITLEMENTS_DESTINATION\=Signature
    export ENTITLEMENTS_REQUIRED\=YES
    export EXCLUDED_INSTALLSRC_SUBDIRECTORY_PATTERNS\=.DS_Store\ .svn\ .git\ .hg\ CVS
    export EXCLUDED_RECURSIVE_SEARCH_PATH_SUBDIRECTORIES\=\*.nib\ \*.lproj\ \*.framework\ \*.gch\ \*.xcode\*\ \*.xcassets\ \*.icon\ \(\*\)\ .DS_Store\ CVS\ .svn\ .git\ .hg\ \*.pbproj\ \*.pbxproj
    export EXECUTABLE_EXTENSION\=a
    export EXECUTABLE_NAME\=libEXConstants.a
    export EXECUTABLE_PATH\=libEXConstants.a
    export EXECUTABLE_PREFIX\=lib
    export EXECUTABLE_SUFFIX\=.a
    export FILE_LIST\=/Users/gumclaw/work/gp2974-device/ios/build/dd/Build/Intermediates.noindex/Pods.build/Release-iphoneos/EXConstants.build/Objects/LinkFileList
    export FIXED_FILES_DIR\=/Users/gumclaw/work/gp2974-device/ios/build/dd/Build/Intermediates.noindex/Pods.build/Release-iphoneos/EXConstants.build/FixedFiles
    export FRAMEWORK_FLAG_PREFIX\=-framework
    export FRAMEWORK_SEARCH_PATHS\=/Users/gumclaw/work/gp2974-device/ios/build/dd/Build/Products/Release-iphoneos/EXConstants\ \ \"/Users/gumclaw/work/gp2974-device/ios/Pods/React-Core-prebuilt\"\ \"/Users/gumclaw/work/gp2974-device/ios/Pods/ReactNativeDependencies/framework/packages/react-native\"\ \"/Users/gumclaw/work/gp2974-device/ios/Pods/hermes-engine/destroot/Library/Frameworks/universal\"\ \"/Users/gumclaw/work/gp2974-device/ios/build/dd/Build/Products/Release-iphoneos/XCFrameworkIntermediates/React-Core-prebuilt\"\ \"/Users/gumclaw/work/gp2974-device/ios/build/dd/Build/Products/Release-iphoneos/XCFrameworkIntermediates/ReactNativeDependencies\"\ \"/Users/gumclaw/work/gp2974-device/ios/build/dd/Build/Products/Release-iphoneos/XCFrameworkIntermediates/hermes-engine/Pre-built\"
    export FRAMEWORK_VERSION\=A
    export FULL_PRODUCT_NAME\=libEXConstants.a
    export FUSE_BUILD_PHASES\=YES
    export FUSE_BUILD_SCRIPT_PHASES\=NO
    export GCC3_VERSION\=3.3
    export GCC_C_LANGUAGE_STANDARD\=gnu11
    export GCC_NO_COMMON_BLOCKS\=YES
    export GCC_PFE_FILE_C_DIALECTS\=c\ objective-c\ c++\ objective-c++
    export GCC_PREFIX_HEADER\=Target\ Support\ Files/EXConstants/EXConstants-prefix.pch
    export GCC_PREPROCESSOR_DEFINITIONS\=POD_CONFIGURATION_RELEASE\=1\ \ COCOAPODS\=1
    export GCC_THUMB_SUPPORT\=YES
    export GCC_TREAT_WARNINGS_AS_ERRORS\=NO
    export GCC_VERSION\=com.apple.compilers.llvm.clang.1_0
    export GCC_VERSION_IDENTIFIER\=com_apple_compilers_llvm_clang_1_0
    export GCC_WARN_64_TO_32_BIT_CONVERSION\=YES
    export GCC_WARN_ABOUT_RETURN_TYPE\=YES_ERROR
    export GCC_WARN_UNDECLARED_SELECTOR\=YES
    export GCC_WARN_UNINITIALIZED_AUTOS\=YES_AGGRESSIVE
    export GCC_WARN_UNUSED_FUNCTION\=YES
    export GCC_WARN_UNUSED_VARIABLE\=YES
    export GENERATED_MODULEMAP_DIR\=/Users/gumclaw/work/gp2974-device/ios/build/dd/Build/Intermediates.noindex/GeneratedModuleMaps-iphoneos
    export GENERATE_INFOPLIST_FILE\=NO
    export GENERATE_INTERMEDIATE_TEXT_BASED_STUBS\=YES
    export GENERATE_PKGINFO_FILE\=NO
    export GENERATE_PRELINK_OBJECT_FILE\=NO
    export GENERATE_PROFILING_CODE\=NO
    export GENERATE_TEXT_BASED_STUBS\=NO
    export GID\=20
    export GROUP\=staff
    export HEADERMAP_INCLUDES_FLAT_ENTRIES_FOR_TARGET_BEING_BUILT\=YES
    export HEADERMAP_INCLUDES_FRAMEWORK_ENTRIES_FOR_ALL_PRODUCT_TYPES\=YES
    export HEADERMAP_INCLUDES_FRAMEWORK_ENTRIES_FOR_TARGETS_NOT_BEING_BUILT\=YES
    export HEADERMAP_INCLUDES_NONPUBLIC_NONPRIVATE_HEADERS\=YES
    export HEADERMAP_INCLUDES_PROJECT_HEADERS\=YES
    export HEADERMAP_USES_FRAMEWORK_PREFIX_ENTRIES\=YES
    export HEADERMAP_USES_VFS\=YES
    export HEADER_SEARCH_PATHS\=/Users/gumclaw/work/gp2974-device/ios/build/dd/Build/Products/Release-iphoneos/EXConstants/include\ \ \"/Users/gumclaw/work/gp2974-device/ios/Pods/Headers/Private\"\ \"/Users/gumclaw/work/gp2974-device/ios/Pods/Headers/Private/EXConstants\"\ \"/Users/gumclaw/work/gp2974-device/ios/Pods/Headers/Public\"\ \"/Users/gumclaw/work/gp2974-device/ios/Pods/Headers/Public/ExpoModulesCore\"\ \"/Users/gumclaw/work/gp2974-device/ios/Pods/Headers/Public/ExpoModulesJSI\"\ \"/Users/gumclaw/work/gp2974-device/ios/Pods/Headers/Public/FBLazyVector\"\ \"/Users/gumclaw/work/gp2974-device/ios/Pods/Headers/Public/RCTRequired\"\ \"/Users/gumclaw/work/gp2974-device/ios/Pods/Headers/Public/RCTSwiftUIWrapper\"\ \"/Users/gumclaw/work/gp2974-device/ios/Pods/Headers/Public/RCTTypeSafety\"\ \"/Users/gumclaw/work/gp2974-device/ios/Pods/Headers/Public/RNWorklets\"\ \"/Users/gumclaw/work/gp2974-device/ios/Pods/Headers/Public/React-Core\"\ \"/Users/gumclaw/work/gp2974-device/ios/Pods/Headers/Public/React-Core-prebuilt\"\ \"/Users/gumclaw/work/gp2974-device/ios/Pods/Headers/Public/React-CoreModules\"\ \"/Users/gumclaw/work/gp2974-device/ios/Pods/Headers/Public/React-Fabric\"\ \"/Users/gumclaw/work/gp2974-device/ios/Pods/Headers/Public/React-FabricComponents\"\ \"/Users/gumclaw/work/gp2974-device/ios/Pods/Headers/Public/React-FabricImage\"\ \"/Users/gumclaw/work/gp2974-device/ios/Pods/Headers/Public/React-ImageManager\"\ \"/Users/gumclaw/work/gp2974-device/ios/Pods/Headers/Public/React-Mapbuffer\"\ \"/Users/gumclaw/work/gp2974-device/ios/Pods/Headers/Public/React-NativeModulesApple\"\ \"/Users/gumclaw/work/gp2974-device/ios/Pods/Headers/Public/React-RCTAnimation\"\ \"/Users/gumclaw/work/gp2974-device/ios/Pods/Headers/Public/React-RCTBlob\"\ \"/Users/gumclaw/work/gp2974-device/ios/Pods/Headers/Public/React-RCTFBReactNativeSpec\"\ \"/Users/gumclaw/work/gp2974-device/ios/Pods/Headers/Public/React-RCTFabric\"\ \"/Users/gumclaw/work/gp2974-device/ios/Pods/Headers/Public/React-RCTImage\"\ \"/Users/gumclaw/work/gp2974-device/ios/Pods/Headers/Public/React-RCTRuntime\"\ \"/Users/gumclaw/work/gp2974-device/ios/Pods/Headers/Public/React-RCTText\"\ \"/Users/gumclaw/work/gp2974-device/ios/Pods/Headers/Public/React-RuntimeApple\"\ \"/Users/gumclaw/work/gp2974-device/ios/Pods/Headers/Public/React-RuntimeCore\"\ \"/Users/gumclaw/work/gp2974-device/ios/Pods/Headers/Public/React-RuntimeHermes\"\ \"/Users/gumclaw/work/gp2974-device/ios/Pods/Headers/Public/React-callinvoker\"\ \"/Users/gumclaw/work/gp2974-device/ios/Pods/Headers/Public/React-cxxreact\"\ \"/Users/gumclaw/work/gp2974-device/ios/Pods/Headers/Public/React-debug\"\ \"/Users/gumclaw/work/gp2974-device/ios/Pods/Headers/Public/React-defaultsnativemodule\"\ \"/Users/gumclaw/work/gp2974-device/ios/Pods/Headers/Public/React-domnativemodule\"\ \"/Users/gumclaw/work/gp2974-device/ios/Pods/Headers/Public/React-featureflags\"\ \"/Users/gumclaw/work/gp2974-device/ios/Pods/Headers/Public/React-featureflagsnativemodule\"\ \"/Users/gumclaw/work/gp2974-device/ios/Pods/Headers/Public/React-graphics\"\ \"/Users/gumclaw/work/gp2974-device/ios/Pods/Headers/Public/React-hermes\"\ \"/Users/gumclaw/work/gp2974-device/ios/Pods/Headers/Public/React-idlecallbacksnativemodule\"\ \"/Users/gumclaw/work/gp2974-device/ios/Pods/Headers/Public/React-intersectionobservernativemodule\"\ \"/Users/gumclaw/work/gp2974-device/ios/Pods/Headers/Public/React-jserrorhandler\"\ \"/Users/gumclaw/work/gp2974-device/ios/Pods/Headers/Public/React-jsi\"\ \"/Users/gumclaw/work/gp2974-device/ios/Pods/Headers/Public/React-jsiexecutor\"\ \"/Users/gumclaw/work/gp2974-device/ios/Pods/Headers/Public/React-jsinspector\"\ \"/Users/gumclaw/work/gp2974-device/ios/Pods/Headers/Public/React-jsinspectorcdp\"\ \"/Users/gumclaw/work/gp2974-device/ios/Pods/Headers/Public/React-jsinspectornetwork\"\ \"/Users/gumclaw/work/gp2974-device/ios/Pods/Headers/Public/React-jsinspectortracing\"\ \"/Users/gumclaw/work/gp2974-device/ios/Pods/Headers/Public/React-jsitooling\"\ \"/Users/gumclaw/work/gp2974-device/ios/Pods/Headers/Public/React-logger\"\ \"/Users/gumclaw/work/gp2974-device/ios/Pods/Headers/Public/React-microtasksnativemodule\"\ \"/Users/gumclaw/work/gp2974-device/ios/Pods/Headers/Public/React-networking\"\ \"/Users/gumclaw/work/gp2974-device/ios/Pods/Headers/Public/React-oscompat\"\ \"/Users/gumclaw/work/gp2974-device/ios/Pods/Headers/Public/React-perflogger\"\ \"/Users/gumclaw/work/gp2974-device/ios/Pods/Headers/Public/React-performancecdpmetrics\"\ \"/Users/gumclaw/work/gp2974-device/ios/Pods/Headers/Public/React-performancetimeline\"\ \"/Users/gumclaw/work/gp2974-device/ios/Pods/Headers/Public/React-rendererconsistency\"\ \"/Users/gumclaw/work/gp2974-device/ios/Pods/Headers/Public/React-renderercss\"\ \"/Users/gumclaw/work/gp2974-device/ios/Pods/Headers/Public/React-rendererdebug\"\ \"/Users/gumclaw/work/gp2974-device/ios/Pods/Headers/Public/React-runtimeexecutor\"\ \"/Users/gumclaw/work/gp2974-device/ios/Pods/Headers/Public/React-runtimescheduler\"\ \"/Users/gumclaw/work/gp2974-device/ios/Pods/Headers/Public/React-timing\"\ \"/Users/gumclaw/work/gp2974-device/ios/Pods/Headers/Public/React-utils\"\ \"/Users/gumclaw/work/gp2974-device/ios/Pods/Headers/Public/React-webperformancenativemodule\"\ \"/Users/gumclaw/work/gp2974-device/ios/Pods/Headers/Public/ReactCodegen\"\ \"/Users/gumclaw/work/gp2974-device/ios/Pods/Headers/Public/ReactCommon\"\ \"/Users/gumclaw/work/gp2974-device/ios/Pods/Headers/Public/ReactNativeDependencies\"\ \"/Users/gumclaw/work/gp2974-device/ios/Pods/Headers/Public/Yoga\"\ \"/Users/gumclaw/work/gp2974-device/ios/Pods/Headers/Public/hermes-engine\"
    export HOME\=/Users/gumclaw
    export HOST_ARCH\=arm64
    export HOST_PLATFORM\=macosx
    export ICONV\=/usr/bin/iconv
    export IMPLICIT_DEPENDENCY_DOMAIN\=default
    export INDEX_ENABLE_OPTIMIZATION_LEVEL_OVERRIDE\=YES
    export INDEX_STORE_COMPRESS\=NO
    export INDEX_STORE_ONLY_PROJECT_FILES\=NO
    export INFOPLIST_ENABLE_CFBUNDLEICONS_MERGE\=YES
    export INFOPLIST_EXPAND_BUILD_SETTINGS\=YES
    export INFOPLIST_OUTPUT_FORMAT\=binary
    export INFOPLIST_PREPROCESS\=NO
    export INLINE_PRIVATE_FRAMEWORKS\=NO
    export INSTALLAPI_IGNORE_SKIP_INSTALL\=YES
    export INSTALLHDRS_COPY_PHASE\=NO
    export INSTALLHDRS_SCRIPT_PHASE\=NO
    export INSTALL_DIR\=/tmp/Pods.dst/usr/local/lib
    export INSTALL_GROUP\=staff
    export INSTALL_MODE_FLAG\=u+w,go-w,a+rX
    export INSTALL_OWNER\=gumclaw
    export INSTALL_PATH\=/usr/local/lib
    export INSTALL_ROOT\=/tmp/Pods.dst
    export IPHONEOS_DEPLOYMENT_TARGET\=16.2
    export IS_UNOPTIMIZED_BUILD\=NO
    export JAVAC_DEFAULT_FLAGS\=-J-Xms64m\ -J-XX:NewSize\=4M\ -J-Dfile.encoding\=UTF8
    export JAVA_APP_STUB\=/System/Library/Frameworks/JavaVM.framework/Resources/MacOS/JavaApplicationStub
    export JAVA_ARCHIVE_CLASSES\=YES
    export JAVA_ARCHIVE_TYPE\=JAR
    export JAVA_COMPILER\=/usr/bin/javac
    export JAVA_FRAMEWORK_RESOURCES_DIRS\=Resources
    export JAVA_JAR_FLAGS\=cv
    export JAVA_SOURCE_SUBDIR\=.
    export JAVA_USE_DEPENDENCIES\=YES
    export JAVA_ZIP_FLAGS\=-urg
    export JIKES_DEFAULT_FLAGS\=+E\ +OLDCSO
    export KASAN_CFLAGS_CLASSIC\=-DKASAN\=1\ -DKASAN_CLASSIC\=1\ -fsanitize\=address\ -mllvm\ -asan-globals-live-support\ -mllvm\ -asan-force-dynamic-shadow
    export KASAN_CFLAGS_TBI\=-DKASAN\=1\ -DKASAN_TBI\=1\ -fsanitize\=kernel-hwaddress\ -mllvm\ -hwasan-recover\=0\ -mllvm\ -hwasan-instrument-atomics\=0\ -mllvm\ -hwasan-instrument-stack\=1\ -mllvm\ -hwasan-generate-tags-with-calls\=1\ -mllvm\ -hwasan-instrument-with-calls\=1\ -mllvm\ -hwasan-use-short-granules\=0\ -mllvm\ -hwasan-memory-access-callback-prefix\=__asan_
    export KASAN_DEFAULT_CFLAGS\=-DKASAN\=1\ -DKASAN_CLASSIC\=1\ -fsanitize\=address\ -mllvm\ -asan-globals-live-support\ -mllvm\ -asan-force-dynamic-shadow
    export KEEP_PRIVATE_EXTERNS\=NO
    export LD_DEPENDENCY_INFO_FILE\=/Users/gumclaw/work/gp2974-device/ios/build/dd/Build/Intermediates.noindex/Pods.build/Release-iphoneos/EXConstants.build/Objects-normal/undefined_arch/EXConstants_dependency_info.dat
    export LD_EXPORT_SYMBOLS\=YES
    export LD_GENERATE_MAP_FILE\=NO
    export LD_MAP_FILE_PATH\=/Users/gumclaw/work/gp2974-device/ios/build/dd/Build/Intermediates.noindex/Pods.build/Release-iphoneos/EXConstants.build/EXConstants-LinkMap-normal-undefined_arch.txt
    export LD_NO_PIE\=NO
    export LD_QUOTE_LINKER_ARGUMENTS_FOR_COMPILER_DRIVER\=YES
    export LD_SHARED_CACHE_ELIGIBLE\=Automatic
    export LD_WARN_DUPLICATE_LIBRARIES\=NO
    export LD_WARN_UNUSED_DYLIBS\=NO
    export LEGACY_DEVELOPER_DIR\=/Applications/Xcode.app/Contents/PlugIns/Xcode3Core.ideplugin/Contents/SharedSupport/Developer
    export LEX\=lex
    export LIBRARY_DEXT_INSTALL_PATH\=/Library/DriverExtensions
    export LIBRARY_FLAG_NOSPACE\=YES
    export LIBRARY_FLAG_PREFIX\=-l
    export LIBRARY_KEXT_INSTALL_PATH\=/Library/Extensions
    export LIBRARY_SEARCH_PATHS\=/Users/gumclaw/work/gp2974-device/ios/build/dd/Build/Products/Release-iphoneos/EXConstants\ 
    export LINKER_DISPLAYS_MANGLED_NAMES\=NO
    export LINK_FILE_LIST_normal_arm64\=/Users/gumclaw/work/gp2974-device/ios/build/dd/Build/Intermediates.noindex/Pods.build/Release-iphoneos/EXConstants.build/Objects-normal/arm64/EXConstants.LinkFileList
    export LINK_OBJC_RUNTIME\=YES
    export LINK_WITH_STANDARD_LIBRARIES\=YES
    export LLVM_TARGET_TRIPLE_OS_VERSION\=ios16.2
    export LLVM_TARGET_TRIPLE_VENDOR\=apple
    export LM_AUX_CONST_METADATA_LIST_PATH_normal_arm64\=/Users/gumclaw/work/gp2974-device/ios/build/dd/Build/Intermediates.noindex/Pods.build/Release-iphoneos/EXConstants.build/Objects-normal/arm64/EXConstants.SwiftConstValuesFileList
    export LOCALIZATION_EXPORT_SUPPORTED\=YES
    export LOCALIZATION_PREFERS_STRING_CATALOGS\=NO
    export LOCALIZED_STRING_CODE_COMMENTS\=NO
    export LOCALIZED_STRING_MACRO_NAMES\=NSLocalizedString\ CFCopyLocalizedString
    export LOCALIZED_STRING_SWIFTUI_SUPPORT\=YES
    export LOCAL_ADMIN_APPS_DIR\=/Applications/Utilities
    export LOCAL_APPS_DIR\=/Applications
    export LOCAL_DEVELOPER_DIR\=/Library/Developer
    export LOCAL_LIBRARY_DIR\=/Library
    export LOCROOT\=/Users/gumclaw/work/gp2974-device/ios/Pods
    export LOCSYMROOT\=/Users/gumclaw/work/gp2974-device/ios/Pods
    export MACH_O_TYPE\=staticlib
    export MAC_OS_X_PRODUCT_BUILD_VERSION\=26A428
    export MAC_OS_X_VERSION_ACTUAL\=270000
    export MAC_OS_X_VERSION_MAJOR\=270000
    export MAC_OS_X_VERSION_MINOR\=270000
    export MAKE_MERGEABLE\=NO
    export MERGEABLE_LIBRARY\=NO
    export MERGED_BINARY_TYPE\=none
    export MERGE_LINKED_LIBRARIES\=NO
    export METAL_LIBRARY_FILE_BASE\=default
    export METAL_LIBRARY_OUTPUT_DIR\=/Users/gumclaw/work/gp2974-device/ios/build/dd/Build/Products/Release-iphoneos/EXConstants/
    export MODULEMAP_FILE\=Headers/Public/EXConstants/EXConstants.modulemap
    export MODULE_CACHE_DIR\=/Users/gumclaw/work/gp2974-device/ios/build/dd/ModuleCache.noindex
    export MTL_ENABLE_DEBUG_INFO\=NO
    export MTL_FAST_MATH\=YES
    export NATIVE_ARCH\=arm64
    export NATIVE_ARCH_32_BIT\=arm
    export NATIVE_ARCH_64_BIT\=arm64
    export NATIVE_ARCH_ACTUAL\=arm64
    export NO_COMMON\=YES
    export OBJECT_FILE_DIR\=/Users/gumclaw/work/gp2974-device/ios/build/dd/Build/Intermediates.noindex/Pods.build/Release-iphoneos/EXConstants.build/Objects
    export OBJECT_FILE_DIR_normal\=/Users/gumclaw/work/gp2974-device/ios/build/dd/Build/Intermediates.noindex/Pods.build/Release-iphoneos/EXConstants.build/Objects-normal
    export OBJROOT\=/Users/gumclaw/work/gp2974-device/ios/build/dd/Build/Intermediates.noindex
    export ONLY_ACTIVE_ARCH\=NO
    export ONLY_ARCH\=arm64
    export OS\=MACOS
    export OSAC\=/usr/bin/osacompile
    export OTHER_CFLAGS\=\ -fmodule-map-file\=\"/Users/gumclaw/work/gp2974-device/ios/build/dd/Build/Products/Release-iphoneos/ExpoModulesCore/ExpoModulesCore.modulemap\"\ -fmodule-map-file\=\"/Users/gumclaw/work/gp2974-device/ios/build/dd/Build/Products/Release-iphoneos/RCTSwiftUI/RCTSwiftUI.modulemap\"\ -fmodule-map-file\=\"/Users/gumclaw/work/gp2974-device/ios/Pods/Headers/Public/ExpoModulesJSI/ExpoModulesJSI.modulemap\"\ -fmodule-map-file\=\"/Users/gumclaw/work/gp2974-device/ios/Pods/Headers/Public/RNWorklets/RNWorklets.modulemap\"\ -fmodule-map-file\=\"/Users/gumclaw/work/gp2974-device/ios/Pods/Headers/Public/ReactCodegen/ReactCodegen.modulemap\"\ -DNDEBUG
    export OTHER_CODE_SIGN_FLAGS\=--keychain\ /Users/gumclaw/Library/Keychains/gumclaw-signing.keychain-db
    export OTHER_CPLUSPLUSFLAGS\=\ -fmodule-map-file\=\"/Users/gumclaw/work/gp2974-device/ios/build/dd/Build/Products/Release-iphoneos/ExpoModulesCore/ExpoModulesCore.modulemap\"\ -fmodule-map-file\=\"/Users/gumclaw/work/gp2974-device/ios/build/dd/Build/Products/Release-iphoneos/RCTSwiftUI/RCTSwiftUI.modulemap\"\ -fmodule-map-file\=\"/Users/gumclaw/work/gp2974-device/ios/Pods/Headers/Public/ExpoModulesJSI/ExpoModulesJSI.modulemap\"\ -fmodule-map-file\=\"/Users/gumclaw/work/gp2974-device/ios/Pods/Headers/Public/RNWorklets/RNWorklets.modulemap\"\ -fmodule-map-file\=\"/Users/gumclaw/work/gp2974-device/ios/Pods/Headers/Public/ReactCodegen/ReactCodegen.modulemap\"\ -DNDEBUG\ -DNDEBUG
    export OTHER_SWIFT_FLAGS\=\ -D\ COCOAPODS\ -Xcc\ -fmodule-map-file\=\"/Users/gumclaw/work/gp2974-device/ios/build/dd/Build/Products/Release-iphoneos/ExpoModulesCore/ExpoModulesCore.modulemap\"\ -Xcc\ -fmodule-map-file\=\"/Users/gumclaw/work/gp2974-device/ios/build/dd/Build/Products/Release-iphoneos/RCTSwiftUI/RCTSwiftUI.modulemap\"\ -Xcc\ -fmodule-map-file\=\"/Users/gumclaw/work/gp2974-device/ios/Pods/Headers/Public/ExpoModulesJSI/ExpoModulesJSI.modulemap\"\ -Xcc\ -fmodule-map-file\=\"/Users/gumclaw/work/gp2974-device/ios/Pods/Headers/Public/RNWorklets/RNWorklets.modulemap\"\ -Xcc\ -fmodule-map-file\=\"/Users/gumclaw/work/gp2974-device/ios/Pods/Headers/Public/ReactCodegen/ReactCodegen.modulemap\"\ -import-underlying-module\ -Xcc\ -fmodule-map-file\=\"/Users/gumclaw/work/gp2974-device/ios/Pods/Headers/Public/EXConstants/EXConstants.modulemap\"
    export PACKAGE_TYPE\=com.apple.package-type.static-library
    export PASCAL_STRINGS\=YES
    export PATH\=/Applications/Xcode.app/Contents/SharedFrameworks/SwiftBuild.framework/Versions/A/PlugIns/SWBBuildService.bundle/Contents/PlugIns/SWBUniversalPlatformPlugin.bundle/Contents/Frameworks/SWBUniversalPlatform.framework/Resources:/Applications/Xcode.app/Contents/Developer/Toolchains/XcodeDefault.xctoolchain/usr/bin:/Applications/Xcode.app/Contents/Developer/Toolchains/XcodeDefault.xctoolchain/usr/local/bin:/Applications/Xcode.app/Contents/Developer/Toolchains/XcodeDefault.xctoolchain/usr/libexec:/Applications/Xcode.app/Contents/Developer/Platforms/iPhoneOS.platform/usr/bin:/Applications/Xcode.app/Contents/Developer/Platforms/iPhoneOS.platform/usr/local/bin:/Applications/Xcode.app/Contents/Developer/Platforms/iPhoneOS.platform/Developer/usr/bin:/Applications/Xcode.app/Contents/Developer/Platforms/iPhoneOS.platform/Developer/usr/local/bin:/Applications/Xcode.app/Contents/Developer/usr/bin:/Applications/Xcode.app/Contents/Developer/usr/local/bin:/Users/gumclaw/.gusto/bin:/Users/gumclaw/.npm-global/bin:/Users/gumclaw/.rbenv/shims:/Users/gumclaw/.nodenv/shims:/Users/gumclaw/.local/bin:/opt/homebrew/bin:/usr/local/bin:/System/Cryptexes/App/usr/bin:/usr/bin:/bin:/usr/sbin:/sbin:/var/run/com.apple.security.cryptexd/codex.system/bootstrap/usr/local/bin:/var/run/com.apple.security.cryptexd/codex.system/bootstrap/usr/bin:/var/run/com.apple.security.cryptexd/codex.system/bootstrap/usr/appleinternal/bin:/opt/pkg/env/active/bin:/opt/pmk/env/global/bin:/opt/X11/bin:/Library/Apple/usr/bin:/usr/local/MacGPG2/bin:/Library/Frameworks/Mono.framework/Versions/Current/Commands:/Applications/Postgres.app/Contents/Versions/latest/bin:/var/folders/b8/m3wdk1md2zx4zcr6xhkd2k2m0000gq/T/.tmpilcVkY:/Users/gumclaw/bin:/opt/homebrew/sbin:/Users/gumclaw/.maestro/bin
    export PATH_PREFIXES_EXCLUDED_FROM_HEADER_DEPENDENCIES\=/usr/include\ /usr/local/include\ /System/Library/Frameworks\ /System/Library/PrivateFrameworks\ /Applications/Xcode.app/Contents/Developer/Headers\ /Applications/Xcode.app/Contents/Developer/SDKs\ /Applications/Xcode.app/Contents/Developer/Platforms
    export PER_ARCH_MODULE_FILE_DIR\=/Users/gumclaw/work/gp2974-device/ios/build/dd/Build/Intermediates.noindex/Pods.build/Release-iphoneos/EXConstants.build/Objects-normal/undefined_arch
    export PER_ARCH_OBJECT_FILE_DIR\=/Users/gumclaw/work/gp2974-device/ios/build/dd/Build/Intermediates.noindex/Pods.build/Release-iphoneos/EXConstants.build/Objects-normal/undefined_arch
    export PER_VARIANT_OBJECT_FILE_DIR\=/Users/gumclaw/work/gp2974-device/ios/build/dd/Build/Intermediates.noindex/Pods.build/Release-iphoneos/EXConstants.build/Objects-normal
    export PKGINFO_FILE_PATH\=/Users/gumclaw/work/gp2974-device/ios/build/dd/Build/Intermediates.noindex/Pods.build/Release-iphoneos/EXConstants.build/PkgInfo
    export PLATFORM_DEVELOPER_APPLICATIONS_DIR\=/Applications/Xcode.app/Contents/Developer/Platforms/iPhoneOS.platform/Developer/Applications
    export PLATFORM_DEVELOPER_BIN_DIR\=/Applications/Xcode.app/Contents/Developer/Platforms/iPhoneOS.platform/Developer/usr/bin
    export PLATFORM_DEVELOPER_LIBRARY_DIR\=/Applications/Xcode.app/Contents/Developer/Platforms/iPhoneOS.platform/Developer/Library
    export PLATFORM_DEVELOPER_SDK_DIR\=/Applications/Xcode.app/Contents/Developer/Platforms/iPhoneOS.platform/Developer/SDKs
    export PLATFORM_DEVELOPER_TOOLS_DIR\=/Applications/Xcode.app/Contents/Developer/Platforms/iPhoneOS.platform/Developer/Tools
    export PLATFORM_DEVELOPER_USR_DIR\=/Applications/Xcode.app/Contents/Developer/Platforms/iPhoneOS.platform/Developer/usr
    export PLATFORM_DIR\=/Applications/Xcode.app/Contents/Developer/Platforms/iPhoneOS.platform
    export PLATFORM_DISPLAY_NAME\=iOS
    export PLATFORM_FAMILY_NAME\=iOS
    export PLATFORM_NAME\=iphoneos
    export PLATFORM_PREFERRED_ARCH\=arm64
    export PLATFORM_PRODUCT_BUILD_VERSION\=24A430
    export PLATFORM_REQUIRES_SWIFT_AUTOLINK_EXTRACT\=NO
    export PLATFORM_REQUIRES_SWIFT_MODULEWRAP\=NO
    export PLATFORM_USES_DSYMS\=YES
    export PLIST_FILE_OUTPUT_FORMAT\=binary
    export PODS_BUILD_DIR\=/Users/gumclaw/work/gp2974-device/ios/build/dd/Build/Products
    export PODS_CONFIGURATION_BUILD_DIR\=/Users/gumclaw/work/gp2974-device/ios/build/dd/Build/Products/Release-iphoneos
    export PODS_DEVELOPMENT_LANGUAGE\=en
    export PODS_ROOT\=/Users/gumclaw/work/gp2974-device/ios/Pods
    export PODS_TARGET_SRCROOT\=/Users/gumclaw/work/gp2974-device/ios/Pods/../../node_modules/expo-constants/ios
    export PODS_XCFRAMEWORKS_BUILD_DIR\=/Users/gumclaw/work/gp2974-device/ios/build/dd/Build/Products/Release-iphoneos/XCFrameworkIntermediates
    export PRECOMPS_INCLUDE_HEADERS_FROM_BUILT_PRODUCTS_DIR\=YES
    export PRECOMP_DESTINATION_DIR\=/Users/gumclaw/work/gp2974-device/ios/build/dd/Build/Intermediates.noindex/Pods.build/Release-iphoneos/EXConstants.build/PrefixHeaders
    export PRELINK_DEPENDENCY_INFO_FILE\=/Users/gumclaw/work/gp2974-device/ios/build/dd/Build/Intermediates.noindex/Pods.build/Release-iphoneos/EXConstants.build/Objects-normal/undefined_arch/EXConstants_prelink_dependency_info.dat
    export PROCESSED_INFOPLIST_PATH\=/Users/gumclaw/work/gp2974-device/ios/build/dd/Build/Intermediates.noindex/Pods.build/Release-iphoneos/EXConstants.build/Objects-normal/undefined_arch/Processed-Info.plist
    export PRODUCT_BUNDLE_IDENTIFIER\=org.cocoapods.EXConstants
    export PRODUCT_MODULE_NAME\=EXConstants
    export PRODUCT_NAME\=EXConstants
    export PRODUCT_SETTINGS_PATH\=
    export PRODUCT_TYPE\=com.apple.product-type.library.static
    export PROFILING_CODE\=NO
    export PROJECT\=Pods
    export PROJECT_DERIVED_FILE_DIR\=/Users/gumclaw/work/gp2974-device/ios/build/dd/Build/Intermediates.noindex/Pods.build/DerivedSources
    export PROJECT_DIR\=/Users/gumclaw/work/gp2974-device/ios/Pods
    export PROJECT_FILE_PATH\=/Users/gumclaw/work/gp2974-device/ios/Pods/Pods.xcodeproj
    export PROJECT_GUID\=8699adb1dd336b26511df848a716bd42
    export PROJECT_NAME\=Pods
    export PROJECT_TEMP_DIR\=/Users/gumclaw/work/gp2974-device/ios/build/dd/Build/Intermediates.noindex/Pods.build
    export PROJECT_TEMP_ROOT\=/Users/gumclaw/work/gp2974-device/ios/build/dd/Build/Intermediates.noindex
    export REACT_NATIVE_PATH\=/Users/gumclaw/work/gp2974-device/ios/Pods/../../node_modules/react-native
    export RECOMMENDED_IPHONEOS_DEPLOYMENT_TARGET\=17.0
    export RECURSIVE_SEARCH_PATHS_FOLLOW_SYMLINKS\=YES
    export REMOVE_CVS_FROM_RESOURCES\=YES
    export REMOVE_GIT_FROM_RESOURCES\=YES
    export REMOVE_HEADERS_FROM_EMBEDDED_BUNDLES\=YES
    export REMOVE_HG_FROM_RESOURCES\=YES
    export REMOVE_STATIC_EXECUTABLES_FROM_EMBEDDED_BUNDLES\=YES
    export REMOVE_SVN_FROM_RESOURCES\=YES
    export RESCHEDULE_INDEPENDENT_HEADERS_PHASES\=YES
    export REZ_COLLECTOR_DIR\=/Users/gumclaw/work/gp2974-device/ios/build/dd/Build/Intermediates.noindex/Pods.build/Release-iphoneos/EXConstants.build/ResourceManagerResources
    export REZ_EXECUTABLE\=YES
    export REZ_OBJECTS_DIR\=/Users/gumclaw/work/gp2974-device/ios/build/dd/Build/Intermediates.noindex/Pods.build/Release-iphoneos/EXConstants.build/ResourceManagerResources/Objects
    export REZ_SEARCH_PATHS\=/Users/gumclaw/work/gp2974-device/ios/build/dd/Build/Products/Release-iphoneos/EXConstants\ 
    export RPATH_ORIGIN\=@loader_path
    export RUNTIME_EXCEPTION_ALLOW_DYLD_ENVIRONMENT_VARIABLES\=NO
    export RUNTIME_EXCEPTION_ALLOW_JIT\=NO
    export RUNTIME_EXCEPTION_ALLOW_UNSIGNED_EXECUTABLE_MEMORY\=NO
    export RUNTIME_EXCEPTION_DEBUGGING_TOOL\=NO
    export RUNTIME_EXCEPTION_DISABLE_EXECUTABLE_PAGE_PROTECTION\=NO
    export RUNTIME_EXCEPTION_DISABLE_LIBRARY_VALIDATION\=NO
    export SCANNING_PCM_KEEP_CACHE_DIRECTORY\=YES
    export SCAN_ALL_SOURCE_FILES_FOR_INCLUDES\=NO
    export SCRIPT_INPUT_FILE_COUNT\=0
    export SCRIPT_INPUT_FILE_LIST_COUNT\=0
    export SCRIPT_OUTPUT_FILE_COUNT\=0
    export SCRIPT_OUTPUT_FILE_LIST_COUNT\=0
    export SDKROOT\=/Applications/Xcode.app/Contents/Developer/Platforms/iPhoneOS.platform/Developer/SDKs/iPhoneOS27.0.sdk
    export SDK_DIR\=/Applications/Xcode.app/Contents/Developer/Platforms/iPhoneOS.platform/Developer/SDKs/iPhoneOS27.0.sdk
    export SDK_DIR_iphoneos\=/Applications/Xcode.app/Contents/Developer/Platforms/iPhoneOS.platform/Developer/SDKs/iPhoneOS27.0.sdk
    export SDK_DIR_iphoneos27_0\=/Applications/Xcode.app/Contents/Developer/Platforms/iPhoneOS.platform/Developer/SDKs/iPhoneOS27.0.sdk
    export SDK_NAME\=iphoneos27.0
    export SDK_NAMES\=iphoneos27.0
    export SDK_PRODUCT_BUILD_VERSION\=24A430
    export SDK_STAT_CACHE_DIR\=/Users/gumclaw/work/gp2974-device/ios/build/dd
    export SDK_STAT_CACHE_ENABLE\=YES
    export SDK_STAT_CACHE_PATH\=/Users/gumclaw/work/gp2974-device/ios/build/dd/SDKStatCaches.noindex/iphoneos27.0-24A430-6c78b3cbc238196c85e1bf6c792c5915.sdkstatcache
    export SDK_VERSION\=27.0
    export SDK_VERSION_ACTUAL\=270000
    export SDK_VERSION_MAJOR\=270000
    export SDK_VERSION_MINOR\=270000
    export SED\=/usr/bin/sed
    export SEPARATE_STRIP\=NO
    export SEPARATE_SYMBOL_EDIT\=NO
    export SET_DIR_MODE_OWNER_GROUP\=YES
    export SET_FILE_MODE_OWNER_GROUP\=NO
    export SHALLOW_BUNDLE\=NO
    export SHARED_DERIVED_FILE_DIR\=/Users/gumclaw/work/gp2974-device/ios/build/dd/Build/Products/Release-iphoneos/EXConstants/DerivedSources
    export SHARED_PRECOMPS_DIR\=/Users/gumclaw/work/gp2974-device/ios/build/dd/Build/Intermediates.noindex/PrecompiledHeaders
    export SKIP_COPYING_TEST_FRAMEWORKS\=YES
    export SKIP_INSTALL\=YES
    export SKIP_MERGEABLE_LIBRARY_BUNDLE_HOOK\=NO
    export SOURCE_ROOT\=/Users/gumclaw/work/gp2974-device/ios/Pods
    export SRCROOT\=/Users/gumclaw/work/gp2974-device/ios/Pods
    export STRINGSDATA_DIR\=/Users/gumclaw/work/gp2974-device/ios/build/dd/Build/Intermediates.noindex/Pods.build/Release-iphoneos/EXConstants.build/Objects-normal/undefined_arch
    export STRINGSDATA_ROOT\=/Users/gumclaw/work/gp2974-device/ios/build/dd/Build/Intermediates.noindex/Pods.build/Release-iphoneos/EXConstants.build
    export STRINGS_FILE_INFOPLIST_RENAME\=YES
    export STRINGS_FILE_OUTPUT_ENCODING\=binary
    export STRING_CATALOG_GENERATE_SYMBOLS\=NO
    export STRIP_BITCODE_FROM_COPIED_FILES\=YES
    export STRIP_INSTALLED_PRODUCT\=NO
    export STRIP_STYLE\=debugging
    export STRIP_SWIFT_SYMBOLS\=YES
    export SUPPORTED_DEVICE_FAMILIES\=1,2
    export SUPPORTED_PLATFORMS\=iphoneos\ iphonesimulator
    export SUPPORTS_MACCATALYST\=YES
    export SUPPORTS_MAC_DESIGNED_FOR_IPHONE_IPAD\=YES
    export SUPPORTS_TEXT_BASED_API\=NO
    export SUPPORTS_XR_DESIGNED_FOR_IPHONE_IPAD\=YES
    export SUPPRESS_WARNINGS\=NO
    export SWIFTC_PASS_SDKROOT\=YES
    export SWIFTC_PASS_SYSROOT\=NO
    export SWIFT_ACTIVE_COMPILATION_CONDITIONS\=\ 
    export SWIFT_COLOR_DIAGNOSTICS\=NO
    export SWIFT_COMPILATION_MODE\=wholemodule
    export SWIFT_COMPILE_FOR_STATIC_LINKING\=YES
    export SWIFT_EMIT_CONST_VALUE_PROTOCOLS\=AnyResolverProviding\ AppEntity\ AppEnum\ AppExtension\ AppIntent\ AppIntentsPackage\ AppShortcutProviding\ AppShortcutsProvider\ AppUnionValue\ AppUnionValueCasesProviding\ DynamicOptionsProvider\ EntityQuery\ ExtensionPointDefining\ IntentValueQuery\ Resolver\ TransientEntity\ _AssistantIntentsProvider\ _GenerativeFunctionExtractable\ _IntentValueRepresentable
    export SWIFT_EMIT_LOC_STRINGS\=NO
    export SWIFT_ENABLE_EXPLICIT_MODULES\=NO
    export SWIFT_INCLUDE_PATHS\=/Users/gumclaw/work/gp2974-device/ios/build/dd/Build/Products/Release-iphoneos/EXConstants\ \ \"/Users/gumclaw/work/gp2974-device/ios/build/dd/Build/Products/Release-iphoneos/ExpoModulesCore\"\ \"/Users/gumclaw/work/gp2974-device/ios/build/dd/Build/Products/Release-iphoneos/RCTSwiftUI\"
    export SWIFT_INSTALL_OBJC_HEADER\=YES
    export SWIFT_OPTIMIZATION_LEVEL\=-O
    export SWIFT_PLATFORM_TARGET_PREFIX\=ios
    export SWIFT_RESPONSE_FILE_PATH_normal_arm64\=/Users/gumclaw/work/gp2974-device/ios/build/dd/Build/Intermediates.noindex/Pods.build/Release-iphoneos/EXConstants.build/Objects-normal/arm64/EXConstants.SwiftFileList
    export SWIFT_VERSION\=5.9
    export SYMROOT\=/Users/gumclaw/work/gp2974-device/ios/build/dd/Build/Products
    export SYSROOT\=/Applications/Xcode.app/Contents/Developer/Platforms/iPhoneOS.platform/Developer/SDKs/iPhoneOS27.0.sdk
    export SYSTEM_ADMIN_APPS_DIR\=/Applications/Utilities
    export SYSTEM_APPS_DIR\=/Applications
    export SYSTEM_CORE_SERVICES_DIR\=/System/Library/CoreServices
    export SYSTEM_DEMOS_DIR\=/Applications/Extras
    export SYSTEM_DEVELOPER_APPS_DIR\=/Applications/Xcode.app/Contents/Developer/Applications
    export SYSTEM_DEVELOPER_BIN_DIR\=/Applications/Xcode.app/Contents/Developer/usr/bin
    export SYSTEM_DEVELOPER_DEMOS_DIR\=/Applications/Xcode.app/Contents/Developer/Applications/Utilities/Built\ Examples
    export SYSTEM_DEVELOPER_DIR\=/Applications/Xcode.app/Contents/Developer
    export SYSTEM_DEVELOPER_DOC_DIR\=/Applications/Xcode.app/Contents/Developer/ADC\ Reference\ Library
    export SYSTEM_DEVELOPER_GRAPHICS_TOOLS_DIR\=/Applications/Xcode.app/Contents/Developer/Applications/Graphics\ Tools
    export SYSTEM_DEVELOPER_JAVA_TOOLS_DIR\=/Applications/Xcode.app/Contents/Developer/Applications/Java\ Tools
    export SYSTEM_DEVELOPER_PERFORMANCE_TOOLS_DIR\=/Applications/Xcode.app/Contents/Developer/Applications/Performance\ Tools
    export SYSTEM_DEVELOPER_RELEASENOTES_DIR\=/Applications/Xcode.app/Contents/Developer/ADC\ Reference\ Library/releasenotes
    export SYSTEM_DEVELOPER_TOOLS\=/Applications/Xcode.app/Contents/Developer/Tools
    export SYSTEM_DEVELOPER_TOOLS_DOC_DIR\=/Applications/Xcode.app/Contents/Developer/ADC\ Reference\ Library/documentation/DeveloperTools
    export SYSTEM_DEVELOPER_TOOLS_RELEASENOTES_DIR\=/Applications/Xcode.app/Contents/Developer/ADC\ Reference\ Library/releasenotes/DeveloperTools
    export SYSTEM_DEVELOPER_USR_DIR\=/Applications/Xcode.app/Contents/Developer/usr
    export SYSTEM_DEVELOPER_UTILITIES_DIR\=/Applications/Xcode.app/Contents/Developer/Applications/Utilities
    export SYSTEM_DEXT_INSTALL_PATH\=/System/Library/DriverExtensions
    export SYSTEM_DOCUMENTATION_DIR\=/Library/Documentation
    export SYSTEM_KEXT_INSTALL_PATH\=/System/Library/Extensions
    export SYSTEM_LIBRARY_DIR\=/System/Library
    export TAPI_DEMANGLE\=YES
    export TAPI_ENABLE_PROJECT_HEADERS\=NO
    export TAPI_LANGUAGE\=objective-c
    export TAPI_LANGUAGE_STANDARD\=compiler-default
    export TAPI_USE_SRCROOT\=YES
    export TAPI_VERIFY_MODE\=Pedantic
    export TARGETED_DEVICE_FAMILY\=1,2
    export TARGETNAME\=EXConstants
    export TARGET_BUILD_DIR\=/Users/gumclaw/work/gp2974-device/ios/build/dd/Build/Products/Release-iphoneos/EXConstants
    export TARGET_DEVICE_IDENTIFIER\=00008150-000E3C2A0C85401C
    export TARGET_DEVICE_MODEL\=iPhone18,3
    export TARGET_DEVICE_OS_VERSION\=26.4.2
    export TARGET_DEVICE_PLATFORM_NAME\=iphoneos
    export TARGET_NAME\=EXConstants
    export TARGET_TEMP_DIR\=/Users/gumclaw/work/gp2974-device/ios/build/dd/Build/Intermediates.noindex/Pods.build/Release-iphoneos/EXConstants.build
    export TEMP_DIR\=/Users/gumclaw/work/gp2974-device/ios/build/dd/Build/Intermediates.noindex/Pods.build/Release-iphoneos/EXConstants.build
    export TEMP_FILES_DIR\=/Users/gumclaw/work/gp2974-device/ios/build/dd/Build/Intermediates.noindex/Pods.build/Release-iphoneos/EXConstants.build
    export TEMP_FILE_DIR\=/Users/gumclaw/work/gp2974-device/ios/build/dd/Build/Intermediates.noindex/Pods.build/Release-iphoneos/EXConstants.build
    export TEMP_ROOT\=/Users/gumclaw/work/gp2974-device/ios/build/dd/Build/Intermediates.noindex
    export TEMP_SANDBOX_DIR\=/Users/gumclaw/work/gp2974-device/ios/build/dd/Build/Intermediates.noindex/TemporaryTaskSandboxes
    export TEST_FRAMEWORK_SEARCH_PATHS\=\ /Applications/Xcode.app/Contents/Developer/Platforms/iPhoneOS.platform/Developer/Library/Frameworks\ /Applications/Xcode.app/Contents/Developer/Platforms/iPhoneOS.platform/Developer/SDKs/iPhoneOS27.0.sdk/Developer/Library/Frameworks
    export TEST_LIBRARY_SEARCH_PATHS\=\ /Applications/Xcode.app/Contents/Developer/Platforms/iPhoneOS.platform/Developer/usr/lib
    export TOOLCHAINS\=com.apple.dt.toolchain.XcodeDefault
    export TOOLCHAIN_DIR\=/Applications/Xcode.app/Contents/Developer/Toolchains/XcodeDefault.xctoolchain
    export TREAT_MISSING_BASELINES_AS_TEST_FAILURES\=NO
    export TREAT_MISSING_SCRIPT_PHASE_OUTPUTS_AS_ERRORS\=NO
    export UID\=503
    export UNINSTALLED_PRODUCTS_DIR\=/Users/gumclaw/work/gp2974-device/ios/build/dd/Build/Intermediates.noindex/UninstalledProducts
    export UNSTRIPPED_PRODUCT\=NO
    export USER\=gumclaw
    export USER_APPS_DIR\=/Users/gumclaw/Applications
    export USER_LIBRARY_DIR\=/Users/gumclaw/Library
    export USE_DYNAMIC_NO_PIC\=YES
    export USE_HEADERMAP\=YES
    export USE_HEADER_SYMLINKS\=NO
    export USE_HERMES\=true
    export USE_RECURSIVE_SCRIPT_INPUTS_IN_SCRIPT_PHASES\=YES
    export VALIDATE_DEVELOPMENT_ASSET_PATHS\=YES_ERROR
    export VALIDATE_PRODUCT\=YES
    export VALID_ARCHS\=arm64\ arm64e\ arm64e.x1\ armv7\ armv7s
    export VERBOSE_PBXCP\=NO
    export VERSION_INFO_BUILDER\=gumclaw
    export VERSION_INFO_FILE\=EXConstants_vers.c
    export VERSION_INFO_STRING\=\"@\(\#\)PROGRAM:EXConstants\ \ PROJECT:Pods-\"
    export WORKSPACE_DIR\=/Users/gumclaw/work/gp2974-device/ios
    export WRAP_ASSET_PACKS_IN_SEPARATE_DIRECTORIES\=NO
    export XCODE_APP_SUPPORT_DIR\=/Applications/Xcode.app/Contents/Developer/Library/Xcode
    export XCODE_PRODUCT_BUILD_VERSION\=27A266a
    export XCODE_VERSION_ACTUAL\=2700
    export XCODE_VERSION_MAJOR\=2700
    export XCODE_VERSION_MINOR\=2700
    export XPCSERVICES_FOLDER_PATH\=/XPCServices
    export YACC\=yacc
    export _DISCOVER_COMMAND_LINE_LINKER_INPUTS\=YES
    export _DISCOVER_COMMAND_LINE_LINKER_INPUTS_INCLUDE_WL\=YES
    export _LD_MULTIARCH\=YES
    export _SWIFT_EXPLICIT_MODULES_ALLOW_CXX_INTEROP\=NO
    export __ARCHS__\=arm64
    export __DIAGNOSE_DEPRECATED_ARCHS\=YES
    export __DIAGNOSE_INVALID_DEPLOYMENT_TARGET_AS_ERROR\=YES
    export __ORIGINAL_SDK_DEFINED_LLVM_TARGET_TRIPLE_SYS\=ios
    export arch\=undefined_arch
    export variant\=normal
    /bin/sh -c /Users/gumclaw/work/gp2974-device/ios/build/dd/Build/Intermediates.noindex/Pods.build/Release-iphoneos/EXConstants.build/Script-46EB2E00032090.sh
Node found at: /Users/gumclaw/.nodenv/versions/22.22.2/bin/node
The NODE_ENV environment variable is required but was not specified. Ensure the project is bundled with Expo CLI or NODE_ENV is set. Using only .env.local and .env

CodeSign /Users/gumclaw/work/gp2974-device/ios/build/dd/Build/Products/Release-iphoneos/ExpoWidgetsTarget.appex/__preview.dylib (in target 'ExpoWidgetsTarget' from project 'Gumroad')
    cd /Users/gumclaw/work/gp2974-device/ios
    
    Signing Identity:     "iPhone Developer: Created via API (GPLPV4AXJ9)"
    Provisioning Profile: "gumclaw agent dev com.GRD.Gumroad.ExpoWidgetsTarget"
                          (f38e7708-85e9-4627-a2e8-9b19ee6528d3)
    
    /usr/bin/codesign --force --sign 8C68E33CFE6F1FCCE165B0FEB20266B64437E199 --keychain /Users/gumclaw/Library/Keychains/gumclaw-signing.keychain-db --timestamp\=none --generate-entitlement-der /Users/gumclaw/work/gp2974-device/ios/build/dd/Build/Products/Release-iphoneos/ExpoWidgetsTarget.appex/__preview.dylib
/Users/gumclaw/work/gp2974-device/ios/build/dd/Build/Products/Release-iphoneos/ExpoWidgetsTarget.appex/__preview.dylib: replacing existing signature

CodeSign /Users/gumclaw/work/gp2974-device/ios/build/dd/Build/Products/Release-iphoneos/ExpoWidgetsTarget.appex (in target 'ExpoWidgetsTarget' from project 'Gumroad')
    cd /Users/gumclaw/work/gp2974-device/ios
    
    Signing Identity:     "iPhone Developer: Created via API (GPLPV4AXJ9)"
    Provisioning Profile: "gumclaw agent dev com.GRD.Gumroad.ExpoWidgetsTarget"
                          (f38e7708-85e9-4627-a2e8-9b19ee6528d3)
    
    /usr/bin/codesign --force --sign 8C68E33CFE6F1FCCE165B0FEB20266B64437E199 --keychain /Users/gumclaw/Library/Keychains/gumclaw-signing.keychain-db --entitlements /Users/gumclaw/work/gp2974-device/ios/build/dd/Build/Intermediates.noindex/Gumroad.build/Release-iphoneos/ExpoWidgetsTarget.build/ExpoWidgetsTarget.appex.xcent --timestamp\=none --generate-entitlement-der /Users/gumclaw/work/gp2974-device/ios/build/dd/Build/Products/Release-iphoneos/ExpoWidgetsTarget.appex
/Users/gumclaw/work/gp2974-device/ios/build/dd/Build/Products/Release-iphoneos/ExpoWidgetsTarget.appex: replacing existing signature

note: Run script build phase 'Bundle React Native code and images' will be run during every build because the option to run the script phase "Based on dependency analysis" is unchecked. (in target 'Gumroad' from project 'Gumroad')
note: Run script build phase '[Expo] Configure project' will be run during every build because the option to run the script phase "Based on dependency analysis" is unchecked. (in target 'Gumroad' from project 'Gumroad')
warning: Run script build phase 'Upload Debug Symbols to Sentry' will be run during every build because it does not specify any outputs. To address this issue, either add output dependencies to the script phase, or configure it to run in every build by unchecking "Based on dependency analysis" in the script phase. (in target 'Gumroad' from project 'Gumroad')
warning: Run script build phase '[Expo Dev Launcher] Strip Local Network Keys for Release' will be run during every build because it does not specify any outputs. To address this issue, either add output dependencies to the script phase, or configure it to run in every build by unchecking "Based on dependency analysis" in the script phase. (in target 'Gumroad' from project 'Gumroad')
PhaseScriptExecution [Expo]\ Configure\ project /Users/gumclaw/work/gp2974-device/ios/build/dd/Build/Intermediates.noindex/Gumroad.build/Release-iphoneos/Gumroad.build/Script-107D9771C03B348E6202B940.sh (in target 'Gumroad' from project 'Gumroad')
    cd /Users/gumclaw/work/gp2974-device/ios
    export ACTION\=build
    export AD_HOC_CODE_SIGNING_ALLOWED\=NO
    export AGGREGATE_TRACKED_DOMAINS\=YES
    export ALLOW_BUILD_REQUEST_OVERRIDES\=NO
    export ALLOW_TARGET_PLATFORM_SPECIALIZATION\=NO
    export ALTERNATE_GROUP\=staff
    export ALTERNATE_MODE\=u+w,go-w,a+rX
    export ALTERNATE_OWNER\=gumclaw
    export ALTERNATIVE_DISTRIBUTION_WEB\=NO
    export ALWAYS_EMBED_SWIFT_STANDARD_LIBRARIES\=YES
    export ALWAYS_SEARCH_USER_PATHS\=NO
    export ALWAYS_USE_SEPARATE_HEADERMAPS\=NO
    export ANDROID_DEPLOYMENT_TARGET\=21.0
    export APPLICATION_EXTENSION_API_ONLY\=NO
    export APPLY_RULES_IN_COPY_FILES\=NO
    export APPLY_RULES_IN_COPY_HEADERS\=NO
    export APP_SHORTCUTS_ENABLE_FLEXIBLE_MATCHING\=YES
    export ARCHS\=arm64
    export ARCHS_BASE\=arm64
    export ARCHS_STANDARD\=arm64
    export ARCHS_STANDARD_32_64_BIT\=armv7\ arm64
    export ARCHS_STANDARD_32_BIT\=armv7
    export ARCHS_STANDARD_64_BIT\=arm64
    export ARCHS_STANDARD_INCLUDING_64_BIT\=arm64
    export ARCHS_UNIVERSAL_IPHONE_OS\=armv7\ arm64
    export ARCH_COHORT_arm64e\=arm64e\ arm64e.x1
    export ASSETCATALOG_COMPILER_APPICON_NAME\=AppIcon
    export ASSETCATALOG_FILTER_FOR_DEVICE_MODEL\=iPhone18,3
    export ASSETCATALOG_FILTER_FOR_DEVICE_OS_VERSION\=26.4.2
    export ASSETCATALOG_FILTER_FOR_THINNING_DEVICE_CONFIGURATION\=iPhone18,3
    export AUTOMATICALLY_MERGE_DEPENDENCIES\=NO
    export AUTOMATION_APPLE_EVENTS\=NO
    export AVAILABLE_PLATFORMS\=android\ appletvos\ appletvsimulator\ driverkit\ freebsd\ iphoneos\ iphonesimulator\ linux\ macosx\ none\ openbsd\ qnx\ staticlinux\ watchos\ watchsimulator\ webassembly\ xros\ xrsimulator
    export AppIdentifierPrefix\=66LJACJ2U7.
    export BUILD_ACTIVE_RESOURCES_ONLY\=YES
    export BUILD_COMPONENTS\=headers\ build
    export BUILD_DIR\=/Users/gumclaw/work/gp2974-device/ios/build/dd/Build/Products
    export BUILD_LIBRARY_FOR_DISTRIBUTION\=NO
    export BUILD_ONLY_KNOWN_LOCALIZATIONS\=NO
    export BUILD_ROOT\=/Users/gumclaw/work/gp2974-device/ios/build/dd/Build/Products
    export BUILD_STYLE\=
    export BUILD_VARIANTS\=normal
    export BUILT_PRODUCTS_DIR\=/Users/gumclaw/work/gp2974-device/ios/build/dd/Build/Products/Release-iphoneos
    export BUNDLE_CONTENTS_FOLDER_PATH_deep\=Contents/
    export BUNDLE_EXECUTABLE_FOLDER_NAME_deep\=MacOS
    export BUNDLE_EXTENSIONS_FOLDER_PATH\=Extensions
    export BUNDLE_FORMAT\=shallow
    export BUNDLE_FRAMEWORKS_FOLDER_PATH\=Frameworks
    export BUNDLE_PLUGINS_FOLDER_PATH\=PlugIns
    export BUNDLE_PRIVATE_HEADERS_FOLDER_PATH\=PrivateHeaders
    export BUNDLE_PUBLIC_HEADERS_FOLDER_PATH\=Headers
    export CACHE_ROOT\=/var/folders/b8/m3wdk1md2zx4zcr6xhkd2k2m0000gq/C/com.apple.DeveloperTools/27.0-27A266a/Xcode
    export CCHROOT\=/var/folders/b8/m3wdk1md2zx4zcr6xhkd2k2m0000gq/C/com.apple.DeveloperTools/27.0-27A266a/Xcode
    export CHMOD\=/bin/chmod
    export CHOWN\=chown
    export CLANG_ANALYZER_LOCALIZABILITY_NONLOCALIZED\=YES
    export CLANG_CACHE_FINE_GRAINED_OUTPUTS\=YES
    export CLANG_CXX_LANGUAGE_STANDARD\=c++20
    export CLANG_CXX_LIBRARY\=libc++
    export CLANG_ENABLE_EXPLICIT_MODULES\=YES
    export CLANG_ENABLE_MODULES\=YES
    export CLANG_ENABLE_OBJC_ARC\=YES
    export CLANG_MODULES_BUILD_SESSION_FILE\=/Users/gumclaw/work/gp2974-device/ios/build/dd/ModuleCache.noindex/Session.modulevalidation
    export CLANG_WARN_BLOCK_CAPTURE_AUTORELEASING\=YES
    export CLANG_WARN_BOOL_CONVERSION\=YES
    export CLANG_WARN_COMMA\=YES
    export CLANG_WARN_CONSTANT_CONVERSION\=YES
    export CLANG_WARN_DEPRECATED_OBJC_IMPLEMENTATIONS\=YES
    export CLANG_WARN_DIRECT_OBJC_ISA_USAGE\=YES_ERROR
    export CLANG_WARN_EMPTY_BODY\=YES
    export CLANG_WARN_ENUM_CONVERSION\=YES
    export CLANG_WARN_INFINITE_RECURSION\=YES
    export CLANG_WARN_INT_CONVERSION\=YES
    export CLANG_WARN_NON_LITERAL_NULL_CONVERSION\=YES
    export CLANG_WARN_OBJC_IMPLICIT_RETAIN_SELF\=YES
    export CLANG_WARN_OBJC_LITERAL_CONVERSION\=YES
    export CLANG_WARN_OBJC_ROOT_CLASS\=YES_ERROR
    export CLANG_WARN_QUOTED_INCLUDE_IN_FRAMEWORK_HEADER\=NO
    export CLANG_WARN_RANGE_LOOP_ANALYSIS\=YES
    export CLANG_WARN_STRICT_PROTOTYPES\=YES
    export CLANG_WARN_SUSPICIOUS_MOVE\=YES
    export CLANG_WARN_UNREACHABLE_CODE\=YES
    export CLANG_WARN__DUPLICATE_METHOD_MATCH\=YES
    export CLASS_FILE_DIR\=/Users/gumclaw/work/gp2974-device/ios/build/dd/Build/Intermediates.noindex/Gumroad.build/Release-iphoneos/Gumroad.build/JavaClasses
    export CLEAN_PRECOMPS\=YES
    export CLONE_HEADERS\=NO
    export CODESIGNING_FOLDER_PATH\=/Users/gumclaw/work/gp2974-device/ios/build/dd/Build/Products/Release-iphoneos/Gumroad.app
    export CODE_SIGNING_ALLOWED\=YES
    export CODE_SIGNING_REQUIRED\=YES
    export CODE_SIGN_CONTEXT_CLASS\=XCiPhoneOSCodeSignContext
    export CODE_SIGN_ENTITLEMENTS\=Gumroad/Gumroad.entitlements
    export CODE_SIGN_IDENTITY\=iPhone\ Developer:\ Created\ via\ API\ \(GPLPV4AXJ9\)
    export CODE_SIGN_INJECT_BASE_ENTITLEMENTS\=YES
    export CODE_SIGN_STYLE\=Manual
    export COLOR_DIAGNOSTICS\=NO
    export COMBINE_HIDPI_IMAGES\=NO
    export COMPILATION_CACHE_CAS_PATH\=/Users/gumclaw/work/gp2974-device/ios/build/dd/CompilationCache.noindex
    export COMPILATION_CACHE_KEEP_CAS_DIRECTORY\=YES
    export COMPILER_INDEX_STORE_ENABLE\=Default
    export COMPOSITE_SDK_DIRS\=/Users/gumclaw/work/gp2974-device/ios/build/dd/Build/Intermediates.noindex/CompositeSDKs
    export COMPRESS_PNG_FILES\=YES
    export CONFIGURATION\=Release
    export CONFIGURATION_BUILD_DIR\=/Users/gumclaw/work/gp2974-device/ios/build/dd/Build/Products/Release-iphoneos
    export CONFIGURATION_TEMP_DIR\=/Users/gumclaw/work/gp2974-device/ios/build/dd/Build/Intermediates.noindex/Gumroad.build/Release-iphoneos
    export CONTENTS_FOLDER_PATH\=Gumroad.app
    export CONTENTS_FOLDER_PATH_SHALLOW_BUNDLE_NO\=Gumroad.app/Contents
    export CONTENTS_FOLDER_PATH_SHALLOW_BUNDLE_YES\=Gumroad.app
    export COPYING_PRESERVES_HFS_DATA\=NO
    export COPY_HEADERS_RUN_UNIFDEF\=NO
    export COPY_PHASE_STRIP\=YES
    export CORRESPONDING_SIMULATOR_PLATFORM_DIR\=/Applications/Xcode.app/Contents/Developer/Platforms/iPhoneSimulator.platform
    export CORRESPONDING_SIMULATOR_PLATFORM_NAME\=iphonesimulator
    export CORRESPONDING_SIMULATOR_SDK_DIR\=/Applications/Xcode.app/Contents/Developer/Platforms/iPhoneSimulator.platform/Developer/SDKs/iPhoneSimulator27.0.sdk
    export CORRESPONDING_SIMULATOR_SDK_NAME\=iphonesimulator27.0
    export CP\=/bin/cp
    export CREATE_INFOPLIST_SECTION_IN_BINARY\=NO
    export CURRENT_ARCH\=undefined_arch
    export CURRENT_PROJECT_VERSION\=1
    export CURRENT_VARIANT\=normal
    export DEAD_CODE_STRIPPING\=YES
    export DEBUGGING_SYMBOLS\=YES
    export DEBUG_INFORMATION_FORMAT\=dwarf-with-dsym
    export DEBUG_INFORMATION_VERSION\=compiler-default
    export DEFAULT_COMPILER\=com.apple.compilers.llvm.clang.1_0
    export DEFAULT_DEXT_INSTALL_PATH\=/System/Library/DriverExtensions
    export DEFAULT_KEXT_INSTALL_PATH\=/System/Library/Extensions
    export DEFINES_MODULE\=NO
    export DEPLOYMENT_LOCATION\=NO
    export DEPLOYMENT_POSTPROCESSING\=NO
    export DEPLOYMENT_TARGET_SETTING_NAME\=IPHONEOS_DEPLOYMENT_TARGET
    export DEPLOYMENT_TARGET_SUGGESTED_VALUES\=15.0\ 15.1\ 15.2\ 15.3\ 15.4\ 15.5\ 15.6\ 16.0\ 16.1\ 16.2\ 16.3\ 16.4\ 16.5\ 16.6\ 17.0\ 17.1\ 17.2\ 17.3\ 17.4\ 17.5\ 17.6\ 18.0\ 18.1\ 18.2\ 18.3\ 18.4\ 18.5\ 18.6\ 26.0\ 26.2\ 26.3\ 26.4\ 26.5\ 26.6\ 27.0
    export DERIVED_FILES_DIR\=/Users/gumclaw/work/gp2974-device/ios/build/dd/Build/Intermediates.noindex/Gumroad.build/Release-iphoneos/Gumroad.build/DerivedSources
    export DERIVED_FILE_DIR\=/Users/gumclaw/work/gp2974-device/ios/build/dd/Build/Intermediates.noindex/Gumroad.build/Release-iphoneos/Gumroad.build/DerivedSources
    export DERIVED_SOURCES_DIR\=/Users/gumclaw/work/gp2974-device/ios/build/dd/Build/Intermediates.noindex/Gumroad.build/Release-iphoneos/Gumroad.build/DerivedSources
    export DERIVE_MACCATALYST_PRODUCT_BUNDLE_IDENTIFIER\=NO
    export DEVELOPER_APPLICATIONS_DIR\=/Applications/Xcode.app/Contents/Developer/Applications
    export DEVELOPER_BIN_DIR\=/Applications/Xcode.app/Contents/Developer/usr/bin
    export DEVELOPER_DIR\=/Applications/Xcode.app/Contents/Developer
    export DEVELOPER_FRAMEWORKS_DIR\=/Applications/Xcode.app/Contents/Developer/Library/Frameworks
    export DEVELOPER_FRAMEWORKS_DIR_QUOTED\=/Applications/Xcode.app/Contents/Developer/Library/Frameworks
    export DEVELOPER_LIBRARY_DIR\=/Applications/Xcode.app/Contents/Developer/Library
    export DEVELOPER_SDK_DIR\=/Applications/Xcode.app/Contents/Developer/Platforms/MacOSX.platform/Developer/SDKs
    export DEVELOPER_TOOLS_DIR\=/Applications/Xcode.app/Contents/Developer/Tools
    export DEVELOPER_USR_DIR\=/Applications/Xcode.app/Contents/Developer/usr
    export DEVELOPMENT_LANGUAGE\=en
    export DEVELOPMENT_TEAM\=66LJACJ2U7
    export DIAGNOSE_MISSING_TARGET_DEPENDENCIES\=YES
    export DIFF\=/usr/bin/diff
    export DOCUMENTATION_FOLDER_PATH\=Gumroad.app/en.lproj/Documentation
    export DONT_GENERATE_INFOPLIST_FILE\=NO
    export DSTROOT\=/tmp/Gumroad.dst
    export DT_TOOLCHAIN_DIR\=/Applications/Xcode.app/Contents/Developer/Toolchains/XcodeDefault.xctoolchain
    export DWARF_DSYM_FILE_NAME\=Gumroad.app.dSYM
    export DWARF_DSYM_FILE_SHOULD_ACCOMPANY_PRODUCT\=NO
    export DWARF_DSYM_FOLDER_PATH\=/Users/gumclaw/work/gp2974-device/ios/build/dd/Build/Products/Release-iphoneos
    export DYNAMIC_LIBRARY_EXTENSION\=dylib
    export EAGER_COMPILATION_ALLOW_SCRIPTS\=NO
    export EAGER_LINKING\=NO
    export EFFECTIVE_PLATFORM_NAME\=-iphoneos
    export EFFECTIVE_SWIFT_VERSION\=5
    export EMBEDDED_CONTENT_CONTAINS_SWIFT\=NO
    export EMBEDDED_PROFILE_NAME\=embedded.mobileprovision
    export EMBED_ASSET_PACKS_IN_PRODUCT_BUNDLE\=NO
    export ENABLE_APP_SANDBOX\=NO
    export ENABLE_CODE_COVERAGE\=YES
    export ENABLE_COHORT_ARCHS\=YES
    export ENABLE_CPLUSPLUS_BOUNDS_SAFE_BUFFERS\=NO
    export ENABLE_C_BOUNDS_SAFETY\=NO
    export ENABLE_DEBUG_DYLIB\=NO
    export ENABLE_DEFAULT_HEADER_SEARCH_PATHS\=YES
    export ENABLE_DEFAULT_SEARCH_PATHS\=YES
    export ENABLE_ENHANCED_SECURITY\=NO
    export ENABLE_HARDENED_RUNTIME\=NO
    export ENABLE_HARDWARE_CHECKED_POINTER_ARITHMETIC_SLICE\=NO
    export ENABLE_HEADER_DEPENDENCIES\=YES
    export ENABLE_INCOMING_NETWORK_CONNECTIONS\=NO
    export ENABLE_NS_ASSERTIONS\=NO
    export ENABLE_ON_DEMAND_RESOURCES\=YES
    export ENABLE_OUTGOING_NETWORK_CONNECTIONS\=NO
    export ENABLE_POINTER_AUTHENTICATION\=NO
    export ENABLE_PREVIEWS\=NO
    export ENABLE_RESOURCE_ACCESS_AUDIO_INPUT\=NO
    export ENABLE_RESOURCE_ACCESS_BLUETOOTH\=NO
    export ENABLE_RESOURCE_ACCESS_CALENDARS\=NO
    export ENABLE_RESOURCE_ACCESS_CAMERA\=NO
    export ENABLE_RESOURCE_ACCESS_CONTACTS\=NO
    export ENABLE_RESOURCE_ACCESS_LOCATION\=NO
    export ENABLE_RESOURCE_ACCESS_PHOTO_LIBRARY\=NO
    export ENABLE_RESOURCE_ACCESS_PRINTING\=NO
    export ENABLE_RESOURCE_ACCESS_USB\=NO
    export ENABLE_SDK_IMPORTS\=NO
    export ENABLE_SECURITY_COMPILER_WARNINGS\=NO
    export ENABLE_STRICT_OBJC_MSGSEND\=YES
    export ENABLE_TESTABILITY\=NO
    export ENABLE_TESTING_SEARCH_PATHS\=NO
    export ENABLE_USER_SCRIPT_SANDBOXING\=NO
    export ENABLE_XOJIT_PREVIEWS\=NO
    export ENFORCE_VALID_ARCHS\=YES
    export ENTITLEMENTS_ALLOWED\=YES
    export ENTITLEMENTS_DESTINATION\=Signature
    export ENTITLEMENTS_REQUIRED\=NO
    export EXCLUDED_INSTALLSRC_SUBDIRECTORY_PATTERNS\=.DS_Store\ .svn\ .git\ .hg\ CVS
    export EXCLUDED_RECURSIVE_SEARCH_PATH_SUBDIRECTORIES\=\*.nib\ \*.lproj\ \*.framework\ \*.gch\ \*.xcode\*\ \*.xcassets\ \*.icon\ \(\*\)\ .DS_Store\ CVS\ .svn\ .git\ .hg\ \*.pbproj\ \*.pbxproj
    export EXECUTABLES_FOLDER_PATH\=Gumroad.app/Executables
    export EXECUTABLE_FOLDER_PATH\=Gumroad.app
    export EXECUTABLE_FOLDER_PATH_SHALLOW_BUNDLE_NO\=Gumroad.app/MacOS
    export EXECUTABLE_FOLDER_PATH_SHALLOW_BUNDLE_YES\=Gumroad.app
    export EXECUTABLE_NAME\=Gumroad
    export EXECUTABLE_PATH\=Gumroad.app/Gumroad
    export EXPANDED_CODE_SIGN_IDENTITY\=8C68E33CFE6F1FCCE165B0FEB20266B64437E199
    export EXPANDED_CODE_SIGN_IDENTITY_NAME\=iPhone\ Developer:\ Created\ via\ API\ \(GPLPV4AXJ9\)
    export EXPANDED_PROVISIONING_PROFILE\=6ed91838-f134-4e46-8d28-820dcaf7c75c
    export EXTENSIONS_FOLDER_PATH\=Gumroad.app/Extensions
    export FILE_LIST\=/Users/gumclaw/work/gp2974-device/ios/build/dd/Build/Intermediates.noindex/Gumroad.build/Release-iphoneos/Gumroad.build/Objects/LinkFileList
    export FIXED_FILES_DIR\=/Users/gumclaw/work/gp2974-device/ios/build/dd/Build/Intermediates.noindex/Gumroad.build/Release-iphoneos/Gumroad.build/FixedFiles
    export FRAMEWORKS_FOLDER_PATH\=Gumroad.app/Frameworks
    export FRAMEWORK_FLAG_PREFIX\=-framework
    export FRAMEWORK_SEARCH_PATHS\=/Users/gumclaw/work/gp2974-device/ios/build/dd/Build/Products/Release-iphoneos\ \ \"/Users/gumclaw/work/gp2974-device/ios/Pods/React-Core-prebuilt\"\ \"/Users/gumclaw/work/gp2974-device/ios/Pods/ReactNativeDependencies/framework/packages/react-native\"\ \"/Users/gumclaw/work/gp2974-device/ios/Pods/hermes-engine/destroot/Library/Frameworks/universal\"\ \"/Users/gumclaw/work/gp2974-device/ios/build/dd/Build/Products/Release-iphoneos/XCFrameworkIntermediates/React-Core-prebuilt\"\ \"/Users/gumclaw/work/gp2974-device/ios/build/dd/Build/Products/Release-iphoneos/XCFrameworkIntermediates/ReactNativeDependencies\"\ \"/Users/gumclaw/work/gp2974-device/ios/build/dd/Build/Products/Release-iphoneos/XCFrameworkIntermediates/hermes-engine/Pre-built\"
    export FRAMEWORK_VERSION\=A
    export FULL_PRODUCT_NAME\=Gumroad.app
    export FUSE_BUILD_PHASES\=YES
    export FUSE_BUILD_SCRIPT_PHASES\=NO
    export GCC3_VERSION\=3.3
    export GCC_C_LANGUAGE_STANDARD\=gnu99
    export GCC_DYNAMIC_NO_PIC\=NO
    export GCC_INLINES_ARE_PRIVATE_EXTERN\=YES
    export GCC_NO_COMMON_BLOCKS\=YES
    export GCC_PFE_FILE_C_DIALECTS\=c\ objective-c\ c++\ objective-c++
    export GCC_PREPROCESSOR_DEFINITIONS\=\ COCOAPODS\=1\ \ SD_WEBP\=1
    export GCC_SYMBOLS_PRIVATE_EXTERN\=YES
    export GCC_THUMB_SUPPORT\=YES
    export GCC_TREAT_WARNINGS_AS_ERRORS\=NO
    export GCC_VERSION\=com.apple.compilers.llvm.clang.1_0
    export GCC_VERSION_IDENTIFIER\=com_apple_compilers_llvm_clang_1_0
    export GCC_WARN_64_TO_32_BIT_CONVERSION\=YES
    export GCC_WARN_ABOUT_RETURN_TYPE\=YES_ERROR
    export GCC_WARN_UNDECLARED_SELECTOR\=YES
    export GCC_WARN_UNINITIALIZED_AUTOS\=YES_AGGRESSIVE
    export GCC_WARN_UNUSED_FUNCTION\=YES
    export GCC_WARN_UNUSED_VARIABLE\=YES
    export GENERATED_MODULEMAP_DIR\=/Users/gumclaw/work/gp2974-device/ios/build/dd/Build/Intermediates.noindex/GeneratedModuleMaps-iphoneos
    export GENERATE_INFOPLIST_FILE\=NO
    export GENERATE_INTERMEDIATE_TEXT_BASED_STUBS\=YES
    export GENERATE_PKGINFO_FILE\=YES
    export GENERATE_PRELINK_OBJECT_FILE\=NO
    export GENERATE_PROFILING_CODE\=NO
    export GENERATE_TEXT_BASED_STUBS\=NO
    export GID\=20
    export GROUP\=staff
    export HEADERMAP_INCLUDES_FLAT_ENTRIES_FOR_TARGET_BEING_BUILT\=YES
    export HEADERMAP_INCLUDES_FRAMEWORK_ENTRIES_FOR_ALL_PRODUCT_TYPES\=YES
    export HEADERMAP_INCLUDES_FRAMEWORK_ENTRIES_FOR_TARGETS_NOT_BEING_BUILT\=YES
    export HEADERMAP_INCLUDES_NONPUBLIC_NONPRIVATE_HEADERS\=YES
    export HEADERMAP_INCLUDES_PROJECT_HEADERS\=YES
    export HEADERMAP_USES_FRAMEWORK_PREFIX_ENTRIES\=YES
    export HEADERMAP_USES_VFS\=NO
    export HEADER_SEARCH_PATHS\=/Users/gumclaw/work/gp2974-device/ios/build/dd/Build/Products/Release-iphoneos/include\ \ \"/Users/gumclaw/work/gp2974-device/ios/Pods/Headers/Public\"\ \"/Users/gumclaw/work/gp2974-device/ios/Pods/Headers/Public/BVLinearGradient\"\ \"/Users/gumclaw/work/gp2974-device/ios/Pods/Headers/Public/EXApplication\"\ \"/Users/gumclaw/work/gp2974-device/ios/Pods/Headers/Public/EXConstants\"\ \"/Users/gumclaw/work/gp2974-device/ios/Pods/Headers/Public/EXJSONUtils\"\ \"/Users/gumclaw/work/gp2974-device/ios/Pods/Headers/Public/Expo\"\ \"/Users/gumclaw/work/gp2974-device/ios/Pods/Headers/Public/ExpoFileSystem\"\ \"/Users/gumclaw/work/gp2974-device/ios/Pods/Headers/Public/ExpoModulesCore\"\ \"/Users/gumclaw/work/gp2974-device/ios/Pods/Headers/Public/ExpoModulesJSI\"\ \"/Users/gumclaw/work/gp2974-device/ios/Pods/Headers/Public/ExpoScreenOrientation\"\ \"/Users/gumclaw/work/gp2974-device/ios/Pods/Headers/Public/ExpoTaskManager\"\ \"/Users/gumclaw/work/gp2974-device/ios/Pods/Headers/Public/ExpoUI\"\ \"/Users/gumclaw/work/gp2974-device/ios/Pods/Headers/Public/FBLazyVector\"\ \"/Users/gumclaw/work/gp2974-device/ios/Pods/Headers/Public/RCTDeprecation\"\ \"/Users/gumclaw/work/gp2974-device/ios/Pods/Headers/Public/RCTRequired\"\ \"/Users/gumclaw/work/gp2974-device/ios/Pods/Headers/Public/RCTSwiftUIWrapper\"\ \"/Users/gumclaw/work/gp2974-device/ios/Pods/Headers/Public/RCTTypeSafety\"\ \"/Users/gumclaw/work/gp2974-device/ios/Pods/Headers/Public/RNGestureHandler\"\ \"/Users/gumclaw/work/gp2974-device/ios/Pods/Headers/Public/RNReanimated\"\ \"/Users/gumclaw/work/gp2974-device/ios/Pods/Headers/Public/RNSVG\"\ \"/Users/gumclaw/work/gp2974-device/ios/Pods/Headers/Public/RNScreens\"\ \"/Users/gumclaw/work/gp2974-device/ios/Pods/Headers/Public/RNSentry\"\ \"/Users/gumclaw/work/gp2974-device/ios/Pods/Headers/Public/RNWorklets\"\ \"/Users/gumclaw/work/gp2974-device/ios/Pods/Headers/Public/React-Core\"\ \"/Users/gumclaw/work/gp2974-device/ios/Pods/Headers/Public/React-Core-prebuilt\"\ \"/Users/gumclaw/work/gp2974-device/ios/Pods/Headers/Public/React-CoreModules\"\ \"/Users/gumclaw/work/gp2974-device/ios/Pods/Headers/Public/React-Fabric\"\ \"/Users/gumclaw/work/gp2974-device/ios/Pods/Headers/Public/React-FabricComponents\"\ \"/Users/gumclaw/work/gp2974-device/ios/Pods/Headers/Public/React-FabricImage\"\ \"/Users/gumclaw/work/gp2974-device/ios/Pods/Headers/Public/React-ImageManager\"\ \"/Users/gumclaw/work/gp2974-device/ios/Pods/Headers/Public/React-Mapbuffer\"\ \"/Users/gumclaw/work/gp2974-device/ios/Pods/Headers/Public/React-NativeModulesApple\"\ \"/Users/gumclaw/work/gp2974-device/ios/Pods/Headers/Public/React-RCTAnimation\"\ \"/Users/gumclaw/work/gp2974-device/ios/Pods/Headers/Public/React-RCTAppDelegate\"\ \"/Users/gumclaw/work/gp2974-device/ios/Pods/Headers/Public/React-RCTBlob\"\ \"/Users/gumclaw/work/gp2974-device/ios/Pods/Headers/Public/React-RCTFBReactNativeSpec\"\ \"/Users/gumclaw/work/gp2974-device/ios/Pods/Headers/Public/React-RCTFabric\"\ \"/Users/gumclaw/work/gp2974-device/ios/Pods/Headers/Public/React-RCTImage\"\ \"/Users/gumclaw/work/gp2974-device/ios/Pods/Headers/Public/React-RCTRuntime\"\ \"/Users/gumclaw/work/gp2974-device/ios/Pods/Headers/Public/React-RCTSettings\"\ \"/Users/gumclaw/work/gp2974-device/ios/Pods/Headers/Public/React-RCTText\"\ \"/Users/gumclaw/work/gp2974-device/ios/Pods/Headers/Public/React-RCTVibration\"\ \"/Users/gumclaw/work/gp2974-device/ios/Pods/Headers/Public/React-RuntimeApple\"\ \"/Users/gumclaw/work/gp2974-device/ios/Pods/Headers/Public/React-RuntimeCore\"\ \"/Users/gumclaw/work/gp2974-device/ios/Pods/Headers/Public/React-RuntimeHermes\"\ \"/Users/gumclaw/work/gp2974-device/ios/Pods/Headers/Public/React-callinvoker\"\ \"/Users/gumclaw/work/gp2974-device/ios/Pods/Headers/Public/React-cxxreact\"\ \"/Users/gumclaw/work/gp2974-device/ios/Pods/Headers/Public/React-debug\"\ \"/Users/gumclaw/work/gp2974-device/ios/Pods/Headers/Public/React-defaultsnativemodule\"\ \"/Users/gumclaw/work/gp2974-device/ios/Pods/Headers/Public/React-domnativemodule\"\ \"/Users/gumclaw/work/gp2974-device/ios/Pods/Headers/Public/React-featureflags\"\ \"/Users/gumclaw/work/gp2974-device/ios/Pods/Headers/Public/React-featureflagsnativemodule\"\ \"/Users/gumclaw/work/gp2974-device/ios/Pods/Headers/Public/React-graphics\"\ \"/Users/gumclaw/work/gp2974-device/ios/Pods/Headers/Public/React-hermes\"\ \"/Users/gumclaw/work/gp2974-device/ios/Pods/Headers/Public/React-idlecallbacksnativemodule\"\ \"/Users/gumclaw/work/gp2974-device/ios/Pods/Headers/Public/React-intersectionobservernativemodule\"\ \"/Users/gumclaw/work/gp2974-device/ios/Pods/Headers/Public/React-jserrorhandler\"\ \"/Users/gumclaw/work/gp2974-device/ios/Pods/Headers/Public/React-jsi\"\ \"/Users/gumclaw/work/gp2974-device/ios/Pods/Headers/Public/React-jsiexecutor\"\ \"/Users/gumclaw/work/gp2974-device/ios/Pods/Headers/Public/React-jsinspector\"\ \"/Users/gumclaw/work/gp2974-device/ios/Pods/Headers/Public/React-jsinspectorcdp\"\ \"/Users/gumclaw/work/gp2974-device/ios/Pods/Headers/Public/React-jsinspectornetwork\"\ \"/Users/gumclaw/work/gp2974-device/ios/Pods/Headers/Public/React-jsinspectortracing\"\ \"/Users/gumclaw/work/gp2974-device/ios/Pods/Headers/Public/React-jsitooling\"\ \"/Users/gumclaw/work/gp2974-device/ios/Pods/Headers/Public/React-logger\"\ \"/Users/gumclaw/work/gp2974-device/ios/Pods/Headers/Public/React-microtasksnativemodule\"\ \"/Users/gumclaw/work/gp2974-device/ios/Pods/Headers/Public/React-networking\"\ \"/Users/gumclaw/work/gp2974-device/ios/Pods/Headers/Public/React-oscompat\"\ \"/Users/gumclaw/work/gp2974-device/ios/Pods/Headers/Public/React-perflogger\"\ \"/Users/gumclaw/work/gp2974-device/ios/Pods/Headers/Public/React-performancecdpmetrics\"\ \"/Users/gumclaw/work/gp2974-device/ios/Pods/Headers/Public/React-performancetimeline\"\ \"/Users/gumclaw/work/gp2974-device/ios/Pods/Headers/Public/React-rendererconsistency\"\ \"/Users/gumclaw/work/gp2974-device/ios/Pods/Headers/Public/React-renderercss\"\ \"/Users/gumclaw/work/gp2974-device/ios/Pods/Headers/Public/React-rendererdebug\"\ \"/Users/gumclaw/work/gp2974-device/ios/Pods/Headers/Public/React-runtimeexecutor\"\ \"/Users/gumclaw/work/gp2974-device/ios/Pods/Headers/Public/React-runtimescheduler\"\ \"/Users/gumclaw/work/gp2974-device/ios/Pods/Headers/Public/React-timing\"\ \"/Users/gumclaw/work/gp2974-device/ios/Pods/Headers/Public/React-utils\"\ \"/Users/gumclaw/work/gp2974-device/ios/Pods/Headers/Public/React-webperformancenativemodule\"\ \"/Users/gumclaw/work/gp2974-device/ios/Pods/Headers/Public/ReactAppDependencyProvider\"\ \"/Users/gumclaw/work/gp2974-device/ios/Pods/Headers/Public/ReactCodegen\"\ \"/Users/gumclaw/work/gp2974-device/ios/Pods/Headers/Public/ReactCommon\"\ \"/Users/gumclaw/work/gp2974-device/ios/Pods/Headers/Public/ReactNativeDependencies\"\ \"/Users/gumclaw/work/gp2974-device/ios/Pods/Headers/Public/SDWebImage\"\ \"/Users/gumclaw/work/gp2974-device/ios/Pods/Headers/Public/SDWebImageAVIFCoder\"\ \"/Users/gumclaw/work/gp2974-device/ios/Pods/Headers/Public/SDWebImageSVGCoder\"\ \"/Users/gumclaw/work/gp2974-device/ios/Pods/Headers/Public/SDWebImageWebPCoder\"\ \"/Users/gumclaw/work/gp2974-device/ios/Pods/Headers/Public/Sentry\"\ \"/Users/gumclaw/work/gp2974-device/ios/Pods/Headers/Public/UMAppLoader\"\ \"/Users/gumclaw/work/gp2974-device/ios/Pods/Headers/Public/Yoga\"\ \"/Users/gumclaw/work/gp2974-device/ios/Pods/Headers/Public/expo-dev-launcher\"\ \"/Users/gumclaw/work/gp2974-device/ios/Pods/Headers/Public/expo-dev-menu\"\ \"/Users/gumclaw/work/gp2974-device/ios/Pods/Headers/Public/hermes-engine\"\ \"/Users/gumclaw/work/gp2974-device/ios/Pods/Headers/Public/libavif\"\ \"/Users/gumclaw/work/gp2974-device/ios/Pods/Headers/Public/libdav1d\"\ \"/Users/gumclaw/work/gp2974-device/ios/Pods/Headers/Public/libwebp\"\ \"/Users/gumclaw/work/gp2974-device/ios/Pods/Headers/Public/react-native-blob-util\"\ \"/Users/gumclaw/work/gp2974-device/ios/Pods/Headers/Public/react-native-context-menu-view\"\ \"/Users/gumclaw/work/gp2974-device/ios/Pods/Headers/Public/react-native-pdf\"\ \"/Users/gumclaw/work/gp2974-device/ios/Pods/Headers/Public/react-native-safe-area-context\"\ \"/Users/gumclaw/work/gp2974-device/ios/Pods/Headers/Public/react-native-webview\"\ \"/Users/gumclaw/work/gp2974-device/ios/build/dd/Build/Products/Release-iphoneos/EXManifests/Swift\ Compatibility\ Header\"\ \"/Users/gumclaw/work/gp2974-device/ios/build/dd/Build/Products/Release-iphoneos/EXUpdatesInterface/Swift\ Compatibility\ Header\"\ \"/Users/gumclaw/work/gp2974-device/ios/build/dd/Build/Products/Release-iphoneos/Expo/Swift\ Compatibility\ Header\"\ \"/Users/gumclaw/work/gp2974-device/ios/Pods/Headers/Private/Yoga\"\ \"/Users/gumclaw/work/gp2974-device/ios/build/dd/Build/Products/Release-iphoneos/ExpoModulesCore/Swift\ Compatibility\ Header\"\ \"/Users/gumclaw/work/gp2974-device/ios/Pods/Headers/Private/Yoga\"\ \"/Users/gumclaw/work/gp2974-device/ios/build/dd/Build/Products/Release-iphoneos/ExpoScreenOrientation/Swift\ Compatibility\ Header\"\ \"/Users/gumclaw/work/gp2974-device/ios/Pods/boost\"\ \"/Users/gumclaw/work/gp2974-device/ios/Pods/boost-for-react-native\"\ \"/Users/gumclaw/work/gp2974-device/ios/Pods/glog\"\ \"/Users/gumclaw/work/gp2974-device/ios/Pods/RCT-Folly\"\ \"/Users/gumclaw/work/gp2974-device/ios/Pods/Headers/Public/React-hermes\"\ \"/Users/gumclaw/work/gp2974-device/ios/Pods/Headers/Public/hermes-engine\"\ \"/Users/gumclaw/work/gp2974-device/ios/Pods/Headers/Public/RNWorklets\"\ \"/Users/gumclaw/work/gp2974-device/ios/Pods/../../node_modules/react-native/ReactCommon\"\ \"/Users/gumclaw/work/gp2974-device/ios/Pods/../../node_modules/react-native-reanimated/apple\"\ \"/Users/gumclaw/work/gp2974-device/ios/Pods/../../node_modules/react-native-reanimated/Common/cpp\"\ \"/Users/gumclaw/work/gp2974-device/ios/Pods/../../node_modules/react-native-reanimated/Common/NativeView\"\ \"/Users/gumclaw/work/gp2974-device/ios/Pods/../../node_modules/react-native-worklets/apple\"\ \"/Users/gumclaw/work/gp2974-device/ios/Pods/../../node_modules/react-native-worklets/Common/cpp\"\ \"/Users/gumclaw/work/gp2974-device/ios/Pods/boost\"\ \"/Users/gumclaw/work/gp2974-device/ios/Pods/boost-for-react-native\"\ \"/Users/gumclaw/work/gp2974-device/ios/Pods/glog\"\ \"/Users/gumclaw/work/gp2974-device/ios/Pods/RCT-Folly\"\ \"/Users/gumclaw/work/gp2974-device/ios/Pods/Headers/Public/React-hermes\"\ \"/Users/gumclaw/work/gp2974-device/ios/Pods/Headers/Public/hermes-engine\"\ \"/Users/gumclaw/work/gp2974-device/ios/Pods/../../node_modules/react-native/ReactCommon\"\ \"/Users/gumclaw/work/gp2974-device/ios/Pods/../../node_modules/react-native-worklets/apple\"\ \"/Users/gumclaw/work/gp2974-device/ios/Pods/../../node_modules/react-native-worklets/Common/cpp\"\ \"/Users/gumclaw/work/gp2974-device/ios/Pods/Headers/Private/React-Core\"\ \"/Users/gumclaw/work/gp2974-device/ios/Pods/Headers/Private/React-Core\"\ \"/Users/gumclaw/work/gp2974-device/ios/Pods/Headers/Private/Yoga\"\ \"/Users/gumclaw/work/gp2974-device/ios/build/dd/Build/Products/Release-iphoneos/expo-dev-menu-interface/Swift\ Compatibility\ Header\"
    export HERMES_CLI_PATH\=/Users/gumclaw/work/gp2974-device/node_modules/hermes-compiler/hermesc/osx-bin/hermesc
    export HOME\=/Users/gumclaw
    export HOST_ARCH\=arm64
    export HOST_PLATFORM\=macosx
    export ICONV\=/usr/bin/iconv
    export IMPLICIT_DEPENDENCY_DOMAIN\=default
    export INDEX_ENABLE_OPTIMIZATION_LEVEL_OVERRIDE\=YES
    export INDEX_STORE_COMPRESS\=NO
    export INDEX_STORE_ONLY_PROJECT_FILES\=NO
    export INFOPLIST_ENABLE_CFBUNDLEICONS_MERGE\=YES
    export INFOPLIST_EXPAND_BUILD_SETTINGS\=YES
    export INFOPLIST_FILE\=Gumroad/Info.plist
    export INFOPLIST_OUTPUT_FORMAT\=binary
    export INFOPLIST_PATH\=Gumroad.app/Info.plist
    export INFOPLIST_PREPROCESS\=NO
    export INFOSTRINGS_PATH\=Gumroad.app/en.lproj/InfoPlist.strings
    export INLINE_PRIVATE_FRAMEWORKS\=NO
    export INSTALLAPI_IGNORE_SKIP_INSTALL\=YES
    export INSTALLHDRS_COPY_PHASE\=NO
    export INSTALLHDRS_SCRIPT_PHASE\=NO
    export INSTALL_DIR\=/tmp/Gumroad.dst/Applications
    export INSTALL_GROUP\=staff
    export INSTALL_MODE_FLAG\=u+w,go-w,a+rX
    export INSTALL_OWNER\=gumclaw
    export INSTALL_PATH\=/Applications
    export INSTALL_ROOT\=/tmp/Gumroad.dst
    export IPHONEOS_DEPLOYMENT_TARGET\=16.2
    export IS_UNOPTIMIZED_BUILD\=NO
    export JAVAC_DEFAULT_FLAGS\=-J-Xms64m\ -J-XX:NewSize\=4M\ -J-Dfile.encoding\=UTF8
    export JAVA_APP_STUB\=/System/Library/Frameworks/JavaVM.framework/Resources/MacOS/JavaApplicationStub
    export JAVA_ARCHIVE_CLASSES\=YES
    export JAVA_ARCHIVE_TYPE\=JAR
    export JAVA_COMPILER\=/usr/bin/javac
    export JAVA_FOLDER_PATH\=Gumroad.app/Java
    export JAVA_FRAMEWORK_RESOURCES_DIRS\=Resources
    export JAVA_JAR_FLAGS\=cv
    export JAVA_SOURCE_SUBDIR\=.
    export JAVA_USE_DEPENDENCIES\=YES
    export JAVA_ZIP_FLAGS\=-urg
    export JIKES_DEFAULT_FLAGS\=+E\ +OLDCSO
    export KASAN_CFLAGS_CLASSIC\=-DKASAN\=1\ -DKASAN_CLASSIC\=1\ -fsanitize\=address\ -mllvm\ -asan-globals-live-support\ -mllvm\ -asan-force-dynamic-shadow
    export KASAN_CFLAGS_TBI\=-DKASAN\=1\ -DKASAN_TBI\=1\ -fsanitize\=kernel-hwaddress\ -mllvm\ -hwasan-recover\=0\ -mllvm\ -hwasan-instrument-atomics\=0\ -mllvm\ -hwasan-instrument-stack\=1\ -mllvm\ -hwasan-generate-tags-with-calls\=1\ -mllvm\ -hwasan-instrument-with-calls\=1\ -mllvm\ -hwasan-use-short-granules\=0\ -mllvm\ -hwasan-memory-access-callback-prefix\=__asan_
    export KASAN_DEFAULT_CFLAGS\=-DKASAN\=1\ -DKASAN_CLASSIC\=1\ -fsanitize\=address\ -mllvm\ -asan-globals-live-support\ -mllvm\ -asan-force-dynamic-shadow
    export KEEP_PRIVATE_EXTERNS\=NO
    export LD_DEPENDENCY_INFO_FILE\=/Users/gumclaw/work/gp2974-device/ios/build/dd/Build/Intermediates.noindex/Gumroad.build/Release-iphoneos/Gumroad.build/Objects-normal/undefined_arch/Gumroad_dependency_info.dat
    export LD_EXPORT_SYMBOLS\=YES
    export LD_GENERATE_MAP_FILE\=NO
    export LD_MAP_FILE_PATH\=/Users/gumclaw/work/gp2974-device/ios/build/dd/Build/Intermediates.noindex/Gumroad.build/Release-iphoneos/Gumroad.build/Gumroad-LinkMap-normal-undefined_arch.txt
    export LD_NO_PIE\=NO
    export LD_QUOTE_LINKER_ARGUMENTS_FOR_COMPILER_DRIVER\=YES
    export LD_RUNPATH_SEARCH_PATHS\=/usr/lib/swift\ \ /usr/lib/swift\ \'@executable_path/Frameworks\'\ \'@loader_path/Frameworks\'\ @executable_path/Frameworks
    export LD_RUNPATH_SEARCH_PATHS_YES\=@loader_path/../Frameworks
    export LD_SHARED_CACHE_ELIGIBLE\=Automatic
    export LD_WARN_DUPLICATE_LIBRARIES\=NO
    export LD_WARN_UNUSED_DYLIBS\=NO
    export LEGACY_DEVELOPER_DIR\=/Applications/Xcode.app/Contents/PlugIns/Xcode3Core.ideplugin/Contents/SharedSupport/Developer
    export LEX\=lex
    export LIBRARY_DEXT_INSTALL_PATH\=/Library/DriverExtensions
    export LIBRARY_FLAG_NOSPACE\=YES
    export LIBRARY_FLAG_PREFIX\=-l
    export LIBRARY_KEXT_INSTALL_PATH\=/Library/Extensions
    export LIBRARY_SEARCH_PATHS\=/Users/gumclaw/work/gp2974-device/ios/build/dd/Build/Products/Release-iphoneos\ /Applications/Xcode.app/Contents/Developer/Platforms/iPhoneOS.platform/Developer/SDKs/iPhoneOS27.0.sdk/usr/lib/swift\ /Users/gumclaw/work/gp2974-device/ios/build/dd/Build/Products/Release-iphoneos/BVLinearGradient\ /Users/gumclaw/work/gp2974-device/ios/build/dd/Build/Products/Release-iphoneos/EXApplication\ /Users/gumclaw/work/gp2974-device/ios/build/dd/Build/Products/Release-iphoneos/EXConstants\ /Users/gumclaw/work/gp2974-device/ios/build/dd/Build/Products/Release-iphoneos/EXJSONUtils\ /Users/gumclaw/work/gp2974-device/ios/build/dd/Build/Products/Release-iphoneos/EXManifests\ /Users/gumclaw/work/gp2974-device/ios/build/dd/Build/Products/Release-iphoneos/EXUpdatesInterface\ /Users/gumclaw/work/gp2974-device/ios/build/dd/Build/Products/Release-iphoneos/Expo\ /Users/gumclaw/work/gp2974-device/ios/build/dd/Build/Products/Release-iphoneos/ExpoAsset\ /Users/gumclaw/work/gp2974-device/ios/build/dd/Build/Products/Release-iphoneos/ExpoBackgroundFetch\ /Users/gumclaw/work/gp2974-device/ios/build/dd/Build/Products/Release-iphoneos/ExpoCrypto\ /Users/gumclaw/work/gp2974-device/ios/build/dd/Build/Products/Release-iphoneos/ExpoDomWebView\ /Users/gumclaw/work/gp2974-device/ios/build/dd/Build/Products/Release-iphoneos/ExpoFileSystem\ /Users/gumclaw/work/gp2974-device/ios/build/dd/Build/Products/Release-iphoneos/ExpoFont\ /Users/gumclaw/work/gp2974-device/ios/build/dd/Build/Products/Release-iphoneos/ExpoGlassEffect\ /Users/gumclaw/work/gp2974-device/ios/build/dd/Build/Products/Release-iphoneos/ExpoHaptics\ /Users/gumclaw/work/gp2974-device/ios/build/dd/Build/Products/Release-iphoneos/ExpoImage\ /Users/gumclaw/work/gp2974-device/ios/build/dd/Build/Products/Release-iphoneos/ExpoKeepAwake\ /Users/gumclaw/work/gp2974-device/ios/build/dd/Build/Products/Release-iphoneos/ExpoLinking\ /Users/gumclaw/work/gp2974-device/ios/build/dd/Build/Products/Release-iphoneos/ExpoLogBox\ /Users/gumclaw/work/gp2974-device/ios/build/dd/Build/Products/Release-iphoneos/ExpoModulesCore\ /Users/gumclaw/work/gp2974-device/ios/build/dd/Build/Products/Release-iphoneos/ExpoModulesJSI\ /Users/gumclaw/work/gp2974-device/ios/build/dd/Build/Products/Release-iphoneos/ExpoNotifications\ /Users/gumclaw/work/gp2974-device/ios/build/dd/Build/Products/Release-iphoneos/ExpoRouter\ /Users/gumclaw/work/gp2974-device/ios/build/dd/Build/Products/Release-iphoneos/ExpoScreenOrientation\ /Users/gumclaw/work/gp2974-device/ios/build/dd/Build/Products/Release-iphoneos/ExpoSecureStore\ /Users/gumclaw/work/gp2974-device/ios/build/dd/Build/Products/Release-iphoneos/ExpoSharing\ /Users/gumclaw/work/gp2974-device/ios/build/dd/Build/Products/Release-iphoneos/ExpoSplashScreen\ /Users/gumclaw/work/gp2974-device/ios/build/dd/Build/Products/Release-iphoneos/ExpoSymbols\ /Users/gumclaw/work/gp2974-device/ios/build/dd/Build/Products/Release-iphoneos/ExpoSystemUI\ /Users/gumclaw/work/gp2974-device/ios/build/dd/Build/Products/Release-iphoneos/ExpoTaskManager\ /Users/gumclaw/work/gp2974-device/ios/build/dd/Build/Products/Release-iphoneos/ExpoUI\ /Users/gumclaw/work/gp2974-device/ios/build/dd/Build/Products/Release-iphoneos/ExpoVideo\ /Users/gumclaw/work/gp2974-device/ios/build/dd/Build/Products/Release-iphoneos/ExpoWebBrowser\ /Users/gumclaw/work/gp2974-device/ios/build/dd/Build/Products/Release-iphoneos/ExpoWidgets\ /Users/gumclaw/work/gp2974-device/ios/build/dd/Build/Products/Release-iphoneos/PdfThumbnail\ /Users/gumclaw/work/gp2974-device/ios/build/dd/Build/Products/Release-iphoneos/RCTSwiftUI\ /Users/gumclaw/work/gp2974-device/ios/build/dd/Build/Products/Release-iphoneos/RCTSwiftUIWrapper\ /Users/gumclaw/work/gp2974-device/ios/build/dd/Build/Products/Release-iphoneos/RNGestureHandler\ /Users/gumclaw/work/gp2974-device/ios/build/dd/Build/Products/Release-iphoneos/RNReanimated\ /Users/gumclaw/work/gp2974-device/ios/build/dd/Build/Products/Release-iphoneos/RNSVG\ /Users/gumclaw/work/gp2974-device/ios/build/dd/Build/Products/Release-iphoneos/RNScreens\ /Users/gumclaw/work/gp2974-device/ios/build/dd/Build/Products/Release-iphoneos/RNSentry\ /Users/gumclaw/work/gp2974-device/ios/build/dd/Build/Products/Release-iphoneos/RNWorklets\ /Users/gumclaw/work/gp2974-device/ios/build/dd/Build/Products/Release-iphoneos/ReactAppDependencyProvider\ /Users/gumclaw/work/gp2974-device/ios/build/dd/Build/Products/Release-iphoneos/ReactCodegen\ /Users/gumclaw/work/gp2974-device/ios/build/dd/Build/Products/Release-iphoneos/SDWebImage\ /Users/gumclaw/work/gp2974-device/ios/build/dd/Build/Products/Release-iphoneos/SDWebImageAVIFCoder\ /Users/gumclaw/work/gp2974-device/ios/build/dd/Build/Products/Release-iphoneos/SDWebImageSVGCoder\ /Users/gumclaw/work/gp2974-device/ios/build/dd/Build/Products/Release-iphoneos/SDWebImageWebPCoder\ /Users/gumclaw/work/gp2974-device/ios/build/dd/Build/Products/Release-iphoneos/Sentry\ /Users/gumclaw/work/gp2974-device/ios/build/dd/Build/Products/Release-iphoneos/SwiftAudioEx\ /Users/gumclaw/work/gp2974-device/ios/build/dd/Build/Products/Release-iphoneos/UMAppLoader\ /Users/gumclaw/work/gp2974-device/ios/build/dd/Build/Products/Release-iphoneos/expo-dev-menu-interface\ /Users/gumclaw/work/gp2974-device/ios/build/dd/Build/Products/Release-iphoneos/libavif\ /Users/gumclaw/work/gp2974-device/ios/build/dd/Build/Products/Release-iphoneos/libdav1d\ /Users/gumclaw/work/gp2974-device/ios/build/dd/Build/Products/Release-iphoneos/libwebp\ /Users/gumclaw/work/gp2974-device/ios/build/dd/Build/Products/Release-iphoneos/react-native-blob-util\ /Users/gumclaw/work/gp2974-device/ios/build/dd/Build/Products/Release-iphoneos/react-native-context-menu-view\ /Users/gumclaw/work/gp2974-device/ios/build/dd/Build/Products/Release-iphoneos/react-native-pdf\ /Users/gumclaw/work/gp2974-device/ios/build/dd/Build/Products/Release-iphoneos/react-native-safe-area-context\ /Users/gumclaw/work/gp2974-device/ios/build/dd/Build/Products/Release-iphoneos/react-native-track-player\ /Users/gumclaw/work/gp2974-device/ios/build/dd/Build/Products/Release-iphoneos/react-native-webview\ /Applications/Xcode.app/Contents/Developer/Toolchains/XcodeDefault.xctoolchain/usr/lib/swift/iphoneos\ /Applications/Xcode.app/Contents/Developer/Platforms/iPhoneOS.platform/Developer/SDKs/iPhoneOS27.0.sdk/usr/lib/swift
    export LINKER_DISPLAYS_MANGLED_NAMES\=NO
    export LINK_FILE_LIST_normal_arm64\=/Users/gumclaw/work/gp2974-device/ios/build/dd/Build/Intermediates.noindex/Gumroad.build/Release-iphoneos/Gumroad.build/Objects-normal/arm64/Gumroad.LinkFileList
    export LINK_OBJC_RUNTIME\=YES
    export LINK_WITH_STANDARD_LIBRARIES\=YES
    export LLVM_TARGET_TRIPLE_OS_VERSION\=ios16.2
    export LLVM_TARGET_TRIPLE_VENDOR\=apple
    export LM_AUX_CONST_METADATA_LIST_PATH_normal_arm64\=/Users/gumclaw/work/gp2974-device/ios/build/dd/Build/Intermediates.noindex/Gumroad.build/Release-iphoneos/Gumroad.build/Objects-normal/arm64/Gumroad.SwiftConstValuesFileList
    export LOCALIZATION_EXPORT_SUPPORTED\=YES
    export LOCALIZATION_PREFERS_STRING_CATALOGS\=NO
    export LOCALIZED_RESOURCES_FOLDER_PATH\=Gumroad.app/en.lproj
    export LOCALIZED_STRING_CODE_COMMENTS\=NO
    export LOCALIZED_STRING_MACRO_NAMES\=NSLocalizedString\ CFCopyLocalizedString
    export LOCALIZED_STRING_SWIFTUI_SUPPORT\=YES
    export LOCAL_ADMIN_APPS_DIR\=/Applications/Utilities
    export LOCAL_APPS_DIR\=/Applications
    export LOCAL_DEVELOPER_DIR\=/Library/Developer
    export LOCAL_LIBRARY_DIR\=/Library
    export LOCROOT\=/Users/gumclaw/work/gp2974-device/ios
    export LOCSYMROOT\=/Users/gumclaw/work/gp2974-device/ios
    export MACH_O_TYPE\=mh_execute
    export MAC_OS_X_PRODUCT_BUILD_VERSION\=26A428
    export MAC_OS_X_VERSION_ACTUAL\=270000
    export MAC_OS_X_VERSION_MAJOR\=270000
    export MAC_OS_X_VERSION_MINOR\=270000
    export MAKE_MERGEABLE\=NO
    export MARKETING_VERSION\=1.0
    export MERGEABLE_LIBRARY\=NO
    export MERGED_BINARY_TYPE\=none
    export MERGE_LINKED_LIBRARIES\=NO
    export METAL_LIBRARY_FILE_BASE\=default
    export METAL_LIBRARY_OUTPUT_DIR\=/Users/gumclaw/work/gp2974-device/ios/build/dd/Build/Products/Release-iphoneos/Gumroad.app
    export MODULES_FOLDER_PATH\=Gumroad.app/Modules
    export MODULE_CACHE_DIR\=/Users/gumclaw/work/gp2974-device/ios/build/dd/ModuleCache.noindex
    export MTL_ENABLE_DEBUG_INFO\=NO
    export NATIVE_ARCH\=arm64
    export NATIVE_ARCH_32_BIT\=arm
    export NATIVE_ARCH_64_BIT\=arm64
    export NATIVE_ARCH_ACTUAL\=arm64
    export NO_COMMON\=YES
    export OBJECT_FILE_DIR\=/Users/gumclaw/work/gp2974-device/ios/build/dd/Build/Intermediates.noindex/Gumroad.build/Release-iphoneos/Gumroad.build/Objects
    export OBJECT_FILE_DIR_normal\=/Users/gumclaw/work/gp2974-device/ios/build/dd/Build/Intermediates.noindex/Gumroad.build/Release-iphoneos/Gumroad.build/Objects-normal
    export OBJROOT\=/Users/gumclaw/work/gp2974-device/ios/build/dd/Build/Intermediates.noindex
    export ONLY_ACTIVE_ARCH\=NO
    export ONLY_ARCH\=arm64
    export OS\=MACOS
    export OSAC\=/usr/bin/osacompile
    export OTHER_CFLAGS\=\ -fmodule-map-file\=\"/Users/gumclaw/work/gp2974-device/ios/build/dd/Build/Products/Release-iphoneos/EXApplication/EXApplication.modulemap\"\ -fmodule-map-file\=\"/Users/gumclaw/work/gp2974-device/ios/build/dd/Build/Products/Release-iphoneos/EXConstants/EXConstants.modulemap\"\ -fmodule-map-file\=\"/Users/gumclaw/work/gp2974-device/ios/build/dd/Build/Products/Release-iphoneos/EXManifests/EXManifests.modulemap\"\ -fmodule-map-file\=\"/Users/gumclaw/work/gp2974-device/ios/build/dd/Build/Products/Release-iphoneos/EXUpdatesInterface/EXUpdatesInterface.modulemap\"\ -fmodule-map-file\=\"/Users/gumclaw/work/gp2974-device/ios/build/dd/Build/Products/Release-iphoneos/Expo/Expo.modulemap\"\ -fmodule-map-file\=\"/Users/gumclaw/work/gp2974-device/ios/build/dd/Build/Products/Release-iphoneos/ExpoAsset/ExpoAsset.modulemap\"\ -fmodule-map-file\=\"/Users/gumclaw/work/gp2974-device/ios/build/dd/Build/Products/Release-iphoneos/ExpoBackgroundFetch/ExpoBackgroundFetch.modulemap\"\ -fmodule-map-file\=\"/Users/gumclaw/work/gp2974-device/ios/build/dd/Build/Products/Release-iphoneos/ExpoCrypto/ExpoCrypto.modulemap\"\ -fmodule-map-file\=\"/Users/gumclaw/work/gp2974-device/ios/build/dd/Build/Products/Release-iphoneos/ExpoDomWebView/ExpoDomWebView.modulemap\"\ -fmodule-map-file\=\"/Users/gumclaw/work/gp2974-device/ios/build/dd/Build/Products/Release-iphoneos/ExpoFileSystem/ExpoFileSystem.modulemap\"\ -fmodule-map-file\=\"/Users/gumclaw/work/gp2974-device/ios/build/dd/Build/Products/Release-iphoneos/ExpoFont/ExpoFont.modulemap\"\ -fmodule-map-file\=\"/Users/gumclaw/work/gp2974-device/ios/build/dd/Build/Products/Release-iphoneos/ExpoGlassEffect/ExpoGlassEffect.modulemap\"\ -fmodule-map-file\=\"/Users/gumclaw/work/gp2974-device/ios/build/dd/Build/Products/Release-iphoneos/ExpoHaptics/ExpoHaptics.modulemap\"\ -fmodule-map-file\=\"/Users/gumclaw/work/gp2974-device/ios/build/dd/Build/Products/Release-iphoneos/ExpoImage/ExpoImage.modulemap\"\ -fmodule-map-file\=\"/Users/gumclaw/work/gp2974-device/ios/build/dd/Build/Products/Release-iphoneos/ExpoKeepAwake/ExpoKeepAwake.modulemap\"\ -fmodule-map-file\=\"/Users/gumclaw/work/gp2974-device/ios/build/dd/Build/Products/Release-iphoneos/ExpoLinking/ExpoLinking.modulemap\"\ -fmodule-map-file\=\"/Users/gumclaw/work/gp2974-device/ios/build/dd/Build/Products/Release-iphoneos/ExpoLogBox/ExpoLogBox.modulemap\"\ -fmodule-map-file\=\"/Users/gumclaw/work/gp2974-device/ios/build/dd/Build/Products/Release-iphoneos/ExpoModulesCore/ExpoModulesCore.modulemap\"\ -fmodule-map-file\=\"/Users/gumclaw/work/gp2974-device/ios/build/dd/Build/Products/Release-iphoneos/ExpoNotifications/ExpoNotifications.modulemap\"\ -fmodule-map-file\=\"/Users/gumclaw/work/gp2974-device/ios/build/dd/Build/Products/Release-iphoneos/ExpoRouter/ExpoRouter.modulemap\"\ -fmodule-map-file\=\"/Users/gumclaw/work/gp2974-device/ios/build/dd/Build/Products/Release-iphoneos/ExpoScreenOrientation/ExpoScreenOrientation.modulemap\"\ -fmodule-map-file\=\"/Users/gumclaw/work/gp2974-device/ios/build/dd/Build/Products/Release-iphoneos/ExpoSecureStore/ExpoSecureStore.modulemap\"\ -fmodule-map-file\=\"/Users/gumclaw/work/gp2974-device/ios/build/dd/Build/Products/Release-iphoneos/ExpoSharing/ExpoSharing.modulemap\"\ -fmodule-map-file\=\"/Users/gumclaw/work/gp2974-device/ios/build/dd/Build/Products/Release-iphoneos/ExpoSplashScreen/ExpoSplashScreen.modulemap\"\ -fmodule-map-file\=\"/Users/gumclaw/work/gp2974-device/ios/build/dd/Build/Products/Release-iphoneos/ExpoSymbols/ExpoSymbols.modulemap\"\ -fmodule-map-file\=\"/Users/gumclaw/work/gp2974-device/ios/build/dd/Build/Products/Release-iphoneos/ExpoSystemUI/ExpoSystemUI.modulemap\"\ -fmodule-map-file\=\"/Users/gumclaw/work/gp2974-device/ios/build/dd/Build/Products/Release-iphoneos/ExpoTaskManager/ExpoTaskManager.modulemap\"\ -fmodule-map-file\=\"/Users/gumclaw/work/gp2974-device/ios/build/dd/Build/Products/Release-iphoneos/ExpoUI/ExpoUI.modulemap\"\ -fmodule-map-file\=\"/Users/gumclaw/work/gp2974-device/ios/build/dd/Build/Products/Release-iphoneos/ExpoVideo/ExpoVideo.modulemap\"\ -fmodule-map-file\=\"/Users/gumclaw/work/gp2974-device/ios/build/dd/Build/Products/Release-iphoneos/ExpoWebBrowser/ExpoWebBrowser.modulemap\"\ -fmodule-map-file\=\"/Users/gumclaw/work/gp2974-device/ios/build/dd/Build/Products/Release-iphoneos/ExpoWidgets/ExpoWidgets.modulemap\"\ -fmodule-map-file\=\"/Users/gumclaw/work/gp2974-device/ios/build/dd/Build/Products/Release-iphoneos/PdfThumbnail/PdfThumbnail.modulemap\"\ -fmodule-map-file\=\"/Users/gumclaw/work/gp2974-device/ios/build/dd/Build/Products/Release-iphoneos/RCTSwiftUI/RCTSwiftUI.modulemap\"\ -fmodule-map-file\=\"/Users/gumclaw/work/gp2974-device/ios/build/dd/Build/Products/Release-iphoneos/RNScreens/RNScreens.modulemap\"\ -fmodule-map-file\=\"/Users/gumclaw/work/gp2974-device/ios/build/dd/Build/Products/Release-iphoneos/Sentry/Sentry.modulemap\"\ -fmodule-map-file\=\"/Users/gumclaw/work/gp2974-device/ios/build/dd/Build/Products/Release-iphoneos/SwiftAudioEx/SwiftAudioEx.modulemap\"\ -fmodule-map-file\=\"/Users/gumclaw/work/gp2974-device/ios/build/dd/Build/Products/Release-iphoneos/expo-dev-menu-interface/EXDevMenuInterface.modulemap\"\ -fmodule-map-file\=\"/Users/gumclaw/work/gp2974-device/ios/build/dd/Build/Products/Release-iphoneos/react-native-track-player/react_native_track_player.modulemap\"\ -fmodule-map-file\=\"/Users/gumclaw/work/gp2974-device/ios/Pods/Headers/Private/SDWebImageSVGCoder/SDWebImageSVGCoder.modulemap\"\ -fmodule-map-file\=\"/Users/gumclaw/work/gp2974-device/ios/Pods/Headers/Private/SDWebImageWebPCoder/SDWebImageWebPCoder.modulemap\"\ -fmodule-map-file\=\"/Users/gumclaw/work/gp2974-device/ios/Pods/Headers/Public/EXJSONUtils/EXJSONUtils.modulemap\"\ -fmodule-map-file\=\"/Users/gumclaw/work/gp2974-device/ios/Pods/Headers/Public/ExpoModulesJSI/ExpoModulesJSI.modulemap\"\ -fmodule-map-file\=\"/Users/gumclaw/work/gp2974-device/ios/Pods/Headers/Public/RNReanimated/RNReanimated.modulemap\"\ -fmodule-map-file\=\"/Users/gumclaw/work/gp2974-device/ios/Pods/Headers/Public/RNWorklets/RNWorklets.modulemap\"\ -fmodule-map-file\=\"/Users/gumclaw/work/gp2974-device/ios/Pods/Headers/Public/ReactAppDependencyProvider/ReactAppDependencyProvider.modulemap\"\ -fmodule-map-file\=\"/Users/gumclaw/work/gp2974-device/ios/Pods/Headers/Public/ReactCodegen/ReactCodegen.modulemap\"\ -fmodule-map-file\=\"/Users/gumclaw/work/gp2974-device/ios/Pods/Headers/Public/SDWebImage/SDWebImage.modulemap\"\ -fmodule-map-file\=\"/Users/gumclaw/work/gp2974-device/ios/Pods/Headers/Public/SDWebImageAVIFCoder/SDWebImageAVIFCoder.modulemap\"\ -fmodule-map-file\=\"/Users/gumclaw/work/gp2974-device/ios/Pods/Headers/Public/UMAppLoader/UMAppLoader.modulemap\"\ -fmodule-map-file\=\"/Users/gumclaw/work/gp2974-device/ios/Pods/Headers/Public/libavif/libavif.modulemap\"\ \ \ -DREACT_NATIVE_MINOR_VERSION\=83\ \ \ -DREACT_NATIVE_MINOR_VERSION\=83\ -DREANIMATED_VERSION\=4.2.1\ \ -DREANIMATED_FEATURE_FLAGS\=\"\[RUNTIME_TEST_FLAG:false\]\[DISABLE_COMMIT_PAUSING_MECHANISM:false\]\[ANDROID_SYNCHRONOUSLY_UPDATE_UI_PROPS:false\]\[IOS_SYNCHRONOUSLY_UPDATE_UI_PROPS:false\]\[EXPERIMENTAL_CSS_ANIMATIONS_FOR_SVG_COMPONENTS:false\]\[USE_SYNCHRONIZABLE_FOR_MUTABLES:false\]\[USE_COMMIT_HOOK_ONLY_FOR_REACT_COMMITS:false\]\[ENABLE_SHARED_ELEMENT_TRANSITIONS:false\]\[FORCE_REACT_RENDER_FOR_SETTLED_ANIMATIONS:false\]\"\ \ -DREACT_NATIVE_MINOR_VERSION\=83\ -DNDEBUG
    export OTHER_CODE_SIGN_FLAGS\=--keychain\ /Users/gumclaw/Library/Keychains/gumclaw-signing.keychain-db
    export OTHER_CPLUSPLUSFLAGS\=\ -fmodule-map-file\=\"/Users/gumclaw/work/gp2974-device/ios/build/dd/Build/Products/Release-iphoneos/EXApplication/EXApplication.modulemap\"\ -fmodule-map-file\=\"/Users/gumclaw/work/gp2974-device/ios/build/dd/Build/Products/Release-iphoneos/EXConstants/EXConstants.modulemap\"\ -fmodule-map-file\=\"/Users/gumclaw/work/gp2974-device/ios/build/dd/Build/Products/Release-iphoneos/EXManifests/EXManifests.modulemap\"\ -fmodule-map-file\=\"/Users/gumclaw/work/gp2974-device/ios/build/dd/Build/Products/Release-iphoneos/EXUpdatesInterface/EXUpdatesInterface.modulemap\"\ -fmodule-map-file\=\"/Users/gumclaw/work/gp2974-device/ios/build/dd/Build/Products/Release-iphoneos/Expo/Expo.modulemap\"\ -fmodule-map-file\=\"/Users/gumclaw/work/gp2974-device/ios/build/dd/Build/Products/Release-iphoneos/ExpoAsset/ExpoAsset.modulemap\"\ -fmodule-map-file\=\"/Users/gumclaw/work/gp2974-device/ios/build/dd/Build/Products/Release-iphoneos/ExpoBackgroundFetch/ExpoBackgroundFetch.modulemap\"\ -fmodule-map-file\=\"/Users/gumclaw/work/gp2974-device/ios/build/dd/Build/Products/Release-iphoneos/ExpoCrypto/ExpoCrypto.modulemap\"\ -fmodule-map-file\=\"/Users/gumclaw/work/gp2974-device/ios/build/dd/Build/Products/Release-iphoneos/ExpoDomWebView/ExpoDomWebView.modulemap\"\ -fmodule-map-file\=\"/Users/gumclaw/work/gp2974-device/ios/build/dd/Build/Products/Release-iphoneos/ExpoFileSystem/ExpoFileSystem.modulemap\"\ -fmodule-map-file\=\"/Users/gumclaw/work/gp2974-device/ios/build/dd/Build/Products/Release-iphoneos/ExpoFont/ExpoFont.modulemap\"\ -fmodule-map-file\=\"/Users/gumclaw/work/gp2974-device/ios/build/dd/Build/Products/Release-iphoneos/ExpoGlassEffect/ExpoGlassEffect.modulemap\"\ -fmodule-map-file\=\"/Users/gumclaw/work/gp2974-device/ios/build/dd/Build/Products/Release-iphoneos/ExpoHaptics/ExpoHaptics.modulemap\"\ -fmodule-map-file\=\"/Users/gumclaw/work/gp2974-device/ios/build/dd/Build/Products/Release-iphoneos/ExpoImage/ExpoImage.modulemap\"\ -fmodule-map-file\=\"/Users/gumclaw/work/gp2974-device/ios/build/dd/Build/Products/Release-iphoneos/ExpoKeepAwake/ExpoKeepAwake.modulemap\"\ -fmodule-map-file\=\"/Users/gumclaw/work/gp2974-device/ios/build/dd/Build/Products/Release-iphoneos/ExpoLinking/ExpoLinking.modulemap\"\ -fmodule-map-file\=\"/Users/gumclaw/work/gp2974-device/ios/build/dd/Build/Products/Release-iphoneos/ExpoLogBox/ExpoLogBox.modulemap\"\ -fmodule-map-file\=\"/Users/gumclaw/work/gp2974-device/ios/build/dd/Build/Products/Release-iphoneos/ExpoModulesCore/ExpoModulesCore.modulemap\"\ -fmodule-map-file\=\"/Users/gumclaw/work/gp2974-device/ios/build/dd/Build/Products/Release-iphoneos/ExpoNotifications/ExpoNotifications.modulemap\"\ -fmodule-map-file\=\"/Users/gumclaw/work/gp2974-device/ios/build/dd/Build/Products/Release-iphoneos/ExpoRouter/ExpoRouter.modulemap\"\ -fmodule-map-file\=\"/Users/gumclaw/work/gp2974-device/ios/build/dd/Build/Products/Release-iphoneos/ExpoScreenOrientation/ExpoScreenOrientation.modulemap\"\ -fmodule-map-file\=\"/Users/gumclaw/work/gp2974-device/ios/build/dd/Build/Products/Release-iphoneos/ExpoSecureStore/ExpoSecureStore.modulemap\"\ -fmodule-map-file\=\"/Users/gumclaw/work/gp2974-device/ios/build/dd/Build/Products/Release-iphoneos/ExpoSharing/ExpoSharing.modulemap\"\ -fmodule-map-file\=\"/Users/gumclaw/work/gp2974-device/ios/build/dd/Build/Products/Release-iphoneos/ExpoSplashScreen/ExpoSplashScreen.modulemap\"\ -fmodule-map-file\=\"/Users/gumclaw/work/gp2974-device/ios/build/dd/Build/Products/Release-iphoneos/ExpoSymbols/ExpoSymbols.modulemap\"\ -fmodule-map-file\=\"/Users/gumclaw/work/gp2974-device/ios/build/dd/Build/Products/Release-iphoneos/ExpoSystemUI/ExpoSystemUI.modulemap\"\ -fmodule-map-file\=\"/Users/gumclaw/work/gp2974-device/ios/build/dd/Build/Products/Release-iphoneos/ExpoTaskManager/ExpoTaskManager.modulemap\"\ -fmodule-map-file\=\"/Users/gumclaw/work/gp2974-device/ios/build/dd/Build/Products/Release-iphoneos/ExpoUI/ExpoUI.modulemap\"\ -fmodule-map-file\=\"/Users/gumclaw/work/gp2974-device/ios/build/dd/Build/Products/Release-iphoneos/ExpoVideo/ExpoVideo.modulemap\"\ -fmodule-map-file\=\"/Users/gumclaw/work/gp2974-device/ios/build/dd/Build/Products/Release-iphoneos/ExpoWebBrowser/ExpoWebBrowser.modulemap\"\ -fmodule-map-file\=\"/Users/gumclaw/work/gp2974-device/ios/build/dd/Build/Products/Release-iphoneos/ExpoWidgets/ExpoWidgets.modulemap\"\ -fmodule-map-file\=\"/Users/gumclaw/work/gp2974-device/ios/build/dd/Build/Products/Release-iphoneos/PdfThumbnail/PdfThumbnail.modulemap\"\ -fmodule-map-file\=\"/Users/gumclaw/work/gp2974-device/ios/build/dd/Build/Products/Release-iphoneos/RCTSwiftUI/RCTSwiftUI.modulemap\"\ -fmodule-map-file\=\"/Users/gumclaw/work/gp2974-device/ios/build/dd/Build/Products/Release-iphoneos/RNScreens/RNScreens.modulemap\"\ -fmodule-map-file\=\"/Users/gumclaw/work/gp2974-device/ios/build/dd/Build/Products/Release-iphoneos/Sentry/Sentry.modulemap\"\ -fmodule-map-file\=\"/Users/gumclaw/work/gp2974-device/ios/build/dd/Build/Products/Release-iphoneos/SwiftAudioEx/SwiftAudioEx.modulemap\"\ -fmodule-map-file\=\"/Users/gumclaw/work/gp2974-device/ios/build/dd/Build/Products/Release-iphoneos/expo-dev-menu-interface/EXDevMenuInterface.modulemap\"\ -fmodule-map-file\=\"/Users/gumclaw/work/gp2974-device/ios/build/dd/Build/Products/Release-iphoneos/react-native-track-player/react_native_track_player.modulemap\"\ -fmodule-map-file\=\"/Users/gumclaw/work/gp2974-device/ios/Pods/Headers/Private/SDWebImageSVGCoder/SDWebImageSVGCoder.modulemap\"\ -fmodule-map-file\=\"/Users/gumclaw/work/gp2974-device/ios/Pods/Headers/Private/SDWebImageWebPCoder/SDWebImageWebPCoder.modulemap\"\ -fmodule-map-file\=\"/Users/gumclaw/work/gp2974-device/ios/Pods/Headers/Public/EXJSONUtils/EXJSONUtils.modulemap\"\ -fmodule-map-file\=\"/Users/gumclaw/work/gp2974-device/ios/Pods/Headers/Public/ExpoModulesJSI/ExpoModulesJSI.modulemap\"\ -fmodule-map-file\=\"/Users/gumclaw/work/gp2974-device/ios/Pods/Headers/Public/RNReanimated/RNReanimated.modulemap\"\ -fmodule-map-file\=\"/Users/gumclaw/work/gp2974-device/ios/Pods/Headers/Public/RNWorklets/RNWorklets.modulemap\"\ -fmodule-map-file\=\"/Users/gumclaw/work/gp2974-device/ios/Pods/Headers/Public/ReactAppDependencyProvider/ReactAppDependencyProvider.modulemap\"\ -fmodule-map-file\=\"/Users/gumclaw/work/gp2974-device/ios/Pods/Headers/Public/ReactCodegen/ReactCodegen.modulemap\"\ -fmodule-map-file\=\"/Users/gumclaw/work/gp2974-device/ios/Pods/Headers/Public/SDWebImage/SDWebImage.modulemap\"\ -fmodule-map-file\=\"/Users/gumclaw/work/gp2974-device/ios/Pods/Headers/Public/SDWebImageAVIFCoder/SDWebImageAVIFCoder.modulemap\"\ -fmodule-map-file\=\"/Users/gumclaw/work/gp2974-device/ios/Pods/Headers/Public/UMAppLoader/UMAppLoader.modulemap\"\ -fmodule-map-file\=\"/Users/gumclaw/work/gp2974-device/ios/Pods/Headers/Public/libavif/libavif.modulemap\"\ \ \ -DREACT_NATIVE_MINOR_VERSION\=83\ \ \ -DREACT_NATIVE_MINOR_VERSION\=83\ -DREANIMATED_VERSION\=4.2.1\ \ -DREANIMATED_FEATURE_FLAGS\=\"\[RUNTIME_TEST_FLAG:false\]\[DISABLE_COMMIT_PAUSING_MECHANISM:false\]\[ANDROID_SYNCHRONOUSLY_UPDATE_UI_PROPS:false\]\[IOS_SYNCHRONOUSLY_UPDATE_UI_PROPS:false\]\[EXPERIMENTAL_CSS_ANIMATIONS_FOR_SVG_COMPONENTS:false\]\[USE_SYNCHRONIZABLE_FOR_MUTABLES:false\]\[USE_COMMIT_HOOK_ONLY_FOR_REACT_COMMITS:false\]\[ENABLE_SHARED_ELEMENT_TRANSITIONS:false\]\[FORCE_REACT_RENDER_FOR_SETTLED_ANIMATIONS:false\]\"\ \ -DREACT_NATIVE_MINOR_VERSION\=83\ -DNDEBUG\ -DNDEBUG\ -DRCT_NEW_ARCH_ENABLED\=1
    export OTHER_LDFLAGS\=\ -ObjC\ -l\"BVLinearGradient\"\ -l\"EXApplication\"\ -l\"EXConstants\"\ -l\"EXJSONUtils\"\ -l\"EXManifests\"\ -l\"EXUpdatesInterface\"\ -l\"Expo\"\ -l\"ExpoAsset\"\ -l\"ExpoBackgroundFetch\"\ -l\"ExpoCrypto\"\ -l\"ExpoDomWebView\"\ -l\"ExpoFileSystem\"\ -l\"ExpoFont\"\ -l\"ExpoGlassEffect\"\ -l\"ExpoHaptics\"\ -l\"ExpoImage\"\ -l\"ExpoKeepAwake\"\ -l\"ExpoLinking\"\ -l\"ExpoLogBox\"\ -l\"ExpoModulesCore\"\ -l\"ExpoModulesJSI\"\ -l\"ExpoNotifications\"\ -l\"ExpoRouter\"\ -l\"ExpoScreenOrientation\"\ -l\"ExpoSecureStore\"\ -l\"ExpoSharing\"\ -l\"ExpoSplashScreen\"\ -l\"ExpoSymbols\"\ -l\"ExpoSystemUI\"\ -l\"ExpoTaskManager\"\ -l\"ExpoUI\"\ -l\"ExpoVideo\"\ -l\"ExpoWebBrowser\"\ -l\"ExpoWidgets\"\ -l\"PdfThumbnail\"\ -l\"RCTSwiftUI\"\ -l\"RCTSwiftUIWrapper\"\ -l\"RNGestureHandler\"\ -l\"RNReanimated\"\ -l\"RNSVG\"\ -l\"RNScreens\"\ -l\"RNSentry\"\ -l\"RNWorklets\"\ -l\"ReactAppDependencyProvider\"\ -l\"ReactCodegen\"\ -l\"SDWebImage\"\ -l\"SDWebImageAVIFCoder\"\ -l\"SDWebImageSVGCoder\"\ -l\"SDWebImageWebPCoder\"\ -l\"Sentry\"\ -l\"SwiftAudioEx\"\ -l\"UMAppLoader\"\ -l\"c++\"\ -l\"expo-dev-menu-interface\"\ -l\"libavif\"\ -l\"libdav1d\"\ -l\"libwebp\"\ -l\"react-native-blob-util\"\ -l\"react-native-context-menu-view\"\ -l\"react-native-pdf\"\ -l\"react-native-safe-area-context\"\ -l\"react-native-track-player\"\ -l\"react-native-webview\"\ -framework\ \"Accelerate\"\ -framework\ \"AudioToolbox\"\ -framework\ \"CoreGraphics\"\ -framework\ \"Foundation\"\ -framework\ \"ImageIO\"\ -framework\ \"MobileCoreServices\"\ -framework\ \"PDFKit\"\ -framework\ \"Photos\"\ -framework\ \"QuartzCore\"\ -framework\ \"React\"\ -framework\ \"ReactNativeDependencies\"\ -framework\ \"UIKit\"\ -framework\ \"hermesvm\"\ -weak_framework\ \"JavaScriptCore\"\ -ObjC\ -lc++
    export OTHER_MODULE_VERIFIER_FLAGS\=\ \"-F/Users/gumclaw/work/gp2974-device/ios/build/dd/Build/Products/Release-iphoneos/BVLinearGradient\"\ \"-F/Users/gumclaw/work/gp2974-device/ios/build/dd/Build/Products/Release-iphoneos/EXApplication\"\ \"-F/Users/gumclaw/work/gp2974-device/ios/build/dd/Build/Products/Release-iphoneos/EXConstants\"\ \"-F/Users/gumclaw/work/gp2974-device/ios/build/dd/Build/Products/Release-iphoneos/EXJSONUtils\"\ \"-F/Users/gumclaw/work/gp2974-device/ios/build/dd/Build/Products/Release-iphoneos/EXManifests\"\ \"-F/Users/gumclaw/work/gp2974-device/ios/build/dd/Build/Products/Release-iphoneos/EXUpdatesInterface\"\ \"-F/Users/gumclaw/work/gp2974-device/ios/build/dd/Build/Products/Release-iphoneos/Expo\"\ \"-F/Users/gumclaw/work/gp2974-device/ios/build/dd/Build/Products/Release-iphoneos/ExpoAsset\"\ \"-F/Users/gumclaw/work/gp2974-device/ios/build/dd/Build/Products/Release-iphoneos/ExpoBackgroundFetch\"\ \"-F/Users/gumclaw/work/gp2974-device/ios/build/dd/Build/Products/Release-iphoneos/ExpoCrypto\"\ \"-F/Users/gumclaw/work/gp2974-device/ios/build/dd/Build/Products/Release-iphoneos/ExpoDomWebView\"\ \"-F/Users/gumclaw/work/gp2974-device/ios/build/dd/Build/Products/Release-iphoneos/ExpoFileSystem\"\ \"-F/Users/gumclaw/work/gp2974-device/ios/build/dd/Build/Products/Release-iphoneos/ExpoFont\"\ \"-F/Users/gumclaw/work/gp2974-device/ios/build/dd/Build/Products/Release-iphoneos/ExpoGlassEffect\"\ \"-F/Users/gumclaw/work/gp2974-device/ios/build/dd/Build/Products/Release-iphoneos/ExpoHaptics\"\ \"-F/Users/gumclaw/work/gp2974-device/ios/build/dd/Build/Products/Release-iphoneos/ExpoImage\"\ \"-F/Users/gumclaw/work/gp2974-device/ios/build/dd/Build/Products/Release-iphoneos/ExpoKeepAwake\"\ \"-F/Users/gumclaw/work/gp2974-device/ios/build/dd/Build/Products/Release-iphoneos/ExpoLinking\"\ \"-F/Users/gumclaw/work/gp2974-device/ios/build/dd/Build/Products/Release-iphoneos/ExpoLogBox\"\ \"-F/Users/gumclaw/work/gp2974-device/ios/build/dd/Build/Products/Release-iphoneos/ExpoModulesCore\"\ \"-F/Users/gumclaw/work/gp2974-device/ios/build/dd/Build/Products/Release-iphoneos/ExpoModulesJSI\"\ \"-F/Users/gumclaw/work/gp2974-device/ios/build/dd/Build/Products/Release-iphoneos/ExpoNotifications\"\ \"-F/Users/gumclaw/work/gp2974-device/ios/build/dd/Build/Products/Release-iphoneos/ExpoRouter\"\ \"-F/Users/gumclaw/work/gp2974-device/ios/build/dd/Build/Products/Release-iphoneos/ExpoScreenOrientation\"\ \"-F/Users/gumclaw/work/gp2974-device/ios/build/dd/Build/Products/Release-iphoneos/ExpoSecureStore\"\ \"-F/Users/gumclaw/work/gp2974-device/ios/build/dd/Build/Products/Release-iphoneos/ExpoSharing\"\ \"-F/Users/gumclaw/work/gp2974-device/ios/build/dd/Build/Products/Release-iphoneos/ExpoSplashScreen\"\ \"-F/Users/gumclaw/work/gp2974-device/ios/build/dd/Build/Products/Release-iphoneos/ExpoSymbols\"\ \"-F/Users/gumclaw/work/gp2974-device/ios/build/dd/Build/Products/Release-iphoneos/ExpoSystemUI\"\ \"-F/Users/gumclaw/work/gp2974-device/ios/build/dd/Build/Products/Release-iphoneos/ExpoTaskManager\"\ \"-F/Users/gumclaw/work/gp2974-device/ios/build/dd/Build/Products/Release-iphoneos/ExpoUI\"\ \"-F/Users/gumclaw/work/gp2974-device/ios/build/dd/Build/Products/Release-iphoneos/ExpoVideo\"\ \"-F/Users/gumclaw/work/gp2974-device/ios/build/dd/Build/Products/Release-iphoneos/ExpoWebBrowser\"\ \"-F/Users/gumclaw/work/gp2974-device/ios/build/dd/Build/Products/Release-iphoneos/ExpoWidgets\"\ \"-F/Users/gumclaw/work/gp2974-device/ios/build/dd/Build/Products/Release-iphoneos/FBLazyVector\"\ \"-F/Users/gumclaw/work/gp2974-device/ios/build/dd/Build/Products/Release-iphoneos/PdfThumbnail\"\ \"-F/Users/gumclaw/work/gp2974-device/ios/build/dd/Build/Products/Release-iphoneos/RCTDeprecation\"\ \"-F/Users/gumclaw/work/gp2974-device/ios/build/dd/Build/Products/Release-iphoneos/RCTRequired\"\ \"-F/Users/gumclaw/work/gp2974-device/ios/build/dd/Build/Products/Release-iphoneos/RCTSwiftUI\"\ \"-F/Users/gumclaw/work/gp2974-device/ios/build/dd/Build/Products/Release-iphoneos/RCTSwiftUIWrapper\"\ \"-F/Users/gumclaw/work/gp2974-device/ios/build/dd/Build/Products/Release-iphoneos/RCTTypeSafety\"\ \"-F/Users/gumclaw/work/gp2974-device/ios/build/dd/Build/Products/Release-iphoneos/RNGestureHandler\"\ \"-F/Users/gumclaw/work/gp2974-device/ios/build/dd/Build/Products/Release-iphoneos/RNReanimated\"\ \"-F/Users/gumclaw/work/gp2974-device/ios/build/dd/Build/Products/Release-iphoneos/RNSVG\"\ \"-F/Users/gumclaw/work/gp2974-device/ios/build/dd/Build/Products/Release-iphoneos/RNScreens\"\ \"-F/Users/gumclaw/work/gp2974-device/ios/build/dd/Build/Products/Release-iphoneos/RNSentry\"\ \"-F/Users/gumclaw/work/gp2974-device/ios/build/dd/Build/Products/Release-iphoneos/RNWorklets\"\ \"-F/Users/gumclaw/work/gp2974-device/ios/build/dd/Build/Products/Release-iphoneos/React\"\ \"-F/Users/gumclaw/work/gp2974-device/ios/build/dd/Build/Products/Release-iphoneos/React-Core\"\ \"-F/Users/gumclaw/work/gp2974-device/ios/build/dd/Build/Products/Release-iphoneos/React-Core-prebuilt\"\ \"-F/Users/gumclaw/work/gp2974-device/ios/build/dd/Build/Products/Release-iphoneos/React-CoreModules\"\ \"-F/Users/gumclaw/work/gp2974-device/ios/build/dd/Build/Products/Release-iphoneos/React-Fabric\"\ \"-F/Users/gumclaw/work/gp2974-device/ios/build/dd/Build/Products/Release-iphoneos/React-FabricComponents\"\ \"-F/Users/gumclaw/work/gp2974-device/ios/build/dd/Build/Products/Release-iphoneos/React-FabricImage\"\ \"-F/Users/gumclaw/work/gp2974-device/ios/build/dd/Build/Products/Release-iphoneos/React-ImageManager\"\ \"-F/Users/gumclaw/work/gp2974-device/ios/build/dd/Build/Products/Release-iphoneos/React-Mapbuffer\"\ \"-F/Users/gumclaw/work/gp2974-device/ios/build/dd/Build/Products/Release-iphoneos/React-NativeModulesApple\"\ \"-F/Users/gumclaw/work/gp2974-device/ios/build/dd/Build/Products/Release-iphoneos/React-RCTActionSheet\"\ \"-F/Users/gumclaw/work/gp2974-device/ios/build/dd/Build/Products/Release-iphoneos/React-RCTAnimation\"\ \"-F/Users/gumclaw/work/gp2974-device/ios/build/dd/Build/Products/Release-iphoneos/React-RCTAppDelegate\"\ \"-F/Users/gumclaw/work/gp2974-device/ios/build/dd/Build/Products/Release-iphoneos/React-RCTBlob\"\ \"-F/Users/gumclaw/work/gp2974-device/ios/build/dd/Build/Products/Release-iphoneos/React-RCTFBReactNativeSpec\"\ \"-F/Users/gumclaw/work/gp2974-device/ios/build/dd/Build/Products/Release-iphoneos/React-RCTFabric\"\ \"-F/Users/gumclaw/work/gp2974-device/ios/build/dd/Build/Products/Release-iphoneos/React-RCTImage\"\ \"-F/Users/gumclaw/work/gp2974-device/ios/build/dd/Build/Products/Release-iphoneos/React-RCTLinking\"\ \"-F/Users/gumclaw/work/gp2974-device/ios/build/dd/Build/Products/Release-iphoneos/React-RCTNetwork\"\ \"-F/Users/gumclaw/work/gp2974-device/ios/build/dd/Build/Products/Release-iphoneos/React-RCTRuntime\"\ \"-F/Users/gumclaw/work/gp2974-device/ios/build/dd/Build/Products/Release-iphoneos/React-RCTSettings\"\ \"-F/Users/gumclaw/work/gp2974-device/ios/build/dd/Build/Products/Release-iphoneos/React-RCTText\"\ \"-F/Users/gumclaw/work/gp2974-device/ios/build/dd/Build/Products/Release-iphoneos/React-RCTVibration\"\ \"-F/Users/gumclaw/work/gp2974-device/ios/build/dd/Build/Products/Release-iphoneos/React-RuntimeApple\"\ \"-F/Users/gumclaw/work/gp2974-device/ios/build/dd/Build/Products/Release-iphoneos/React-RuntimeCore\"\ \"-F/Users/gumclaw/work/gp2974-device/ios/build/dd/Build/Products/Release-iphoneos/React-RuntimeHermes\"\ \"-F/Users/gumclaw/work/gp2974-device/ios/build/dd/Build/Products/Release-iphoneos/React-callinvoker\"\ \"-F/Users/gumclaw/work/gp2974-device/ios/build/dd/Build/Products/Release-iphoneos/React-cxxreact\"\ \"-F/Users/gumclaw/work/gp2974-device/ios/build/dd/Build/Products/Release-iphoneos/React-debug\"\ \"-F/Users/gumclaw/work/gp2974-device/ios/build/dd/Build/Products/Release-iphoneos/React-defaultsnativemodule\"\ \"-F/Users/gumclaw/work/gp2974-device/ios/build/dd/Build/Products/Release-iphoneos/React-domnativemodule\"\ \"-F/Users/gumclaw/work/gp2974-device/ios/build/dd/Build/Products/Release-iphoneos/React-featureflags\"\ \"-F/Users/gumclaw/work/gp2974-device/ios/build/dd/Build/Products/Release-iphoneos/React-featureflagsnativemodule\"\ \"-F/Users/gumclaw/work/gp2974-device/ios/build/dd/Build/Products/Release-iphoneos/React-graphics\"\ \"-F/Users/gumclaw/work/gp2974-device/ios/build/dd/Build/Products/Release-iphoneos/React-hermes\"\ \"-F/Users/gumclaw/work/gp2974-device/ios/build/dd/Build/Products/Release-iphoneos/React-idlecallbacksnativemodule\"\ \"-F/Users/gumclaw/work/gp2974-device/ios/build/dd/Build/Products/Release-iphoneos/React-intersectionobservernativemodule\"\ \"-F/Users/gumclaw/work/gp2974-device/ios/build/dd/Build/Products/Release-iphoneos/React-jserrorhandler\"\ \"-F/Users/gumclaw/work/gp2974-device/ios/build/dd/Build/Products/Release-iphoneos/React-jsi\"\ \"-F/Users/gumclaw/work/gp2974-device/ios/build/dd/Build/Products/Release-iphoneos/React-jsiexecutor\"\ \"-F/Users/gumclaw/work/gp2974-device/ios/build/dd/Build/Products/Release-iphoneos/React-jsinspector\"\ \"-F/Users/gumclaw/work/gp2974-device/ios/build/dd/Build/Products/Release-iphoneos/React-jsinspectorcdp\"\ \"-F/Users/gumclaw/work/gp2974-device/ios/build/dd/Build/Products/Release-iphoneos/React-jsinspectornetwork\"\ \"-F/Users/gumclaw/work/gp2974-device/ios/build/dd/Build/Products/Release-iphoneos/React-jsinspectortracing\"\ \"-F/Users/gumclaw/work/gp2974-device/ios/build/dd/Build/Products/Release-iphoneos/React-jsitooling\"\ \"-F/Users/gumclaw/work/gp2974-device/ios/build/dd/Build/Products/Release-iphoneos/React-jsitracing\"\ \"-F/Users/gumclaw/work/gp2974-device/ios/build/dd/Build/Products/Release-iphoneos/React-logger\"\ \"-F/Users/gumclaw/work/gp2974-device/ios/build/dd/Build/Products/Release-iphoneos/React-microtasksnativemodule\"\ \"-F/Users/gumclaw/work/gp2974-device/ios/build/dd/Build/Products/Release-iphoneos/React-networking\"\ \"-F/Users/gumclaw/work/gp2974-device/ios/build/dd/Build/Products/Release-iphoneos/React-oscompat\"\ \"-F/Users/gumclaw/work/gp2974-device/ios/build/dd/Build/Products/Release-iphoneos/React-perflogger\"\ \"-F/Users/gumclaw/work/gp2974-device/ios/build/dd/Build/Products/Release-iphoneos/React-performancecdpmetrics\"\ \"-F/Users/gumclaw/work/gp2974-device/ios/build/dd/Build/Products/Release-iphoneos/React-performancetimeline\"\ \"-F/Users/gumclaw/work/gp2974-device/ios/build/dd/Build/Products/Release-iphoneos/React-rendererconsistency\"\ \"-F/Users/gumclaw/work/gp2974-device/ios/build/dd/Build/Products/Release-iphoneos/React-renderercss\"\ \"-F/Users/gumclaw/work/gp2974-device/ios/build/dd/Build/Products/Release-iphoneos/React-rendererdebug\"\ \"-F/Users/gumclaw/work/gp2974-device/ios/build/dd/Build/Products/Release-iphoneos/React-runtimeexecutor\"\ \"-F/Users/gumclaw/work/gp2974-device/ios/build/dd/Build/Products/Release-iphoneos/React-runtimescheduler\"\ \"-F/Users/gumclaw/work/gp2974-device/ios/build/dd/Build/Products/Release-iphoneos/React-timing\"\ \"-F/Users/gumclaw/work/gp2974-device/ios/build/dd/Build/Products/Release-iphoneos/React-utils\"\ \"-F/Users/gumclaw/work/gp2974-device/ios/build/dd/Build/Products/Release-iphoneos/React-webperformancenativemodule\"\ \"-F/Users/gumclaw/work/gp2974-device/ios/build/dd/Build/Products/Release-iphoneos/ReactAppDependencyProvider\"\ \"-F/Users/gumclaw/work/gp2974-device/ios/build/dd/Build/Products/Release-iphoneos/ReactCodegen\"\ \"-F/Users/gumclaw/work/gp2974-device/ios/build/dd/Build/Products/Release-iphoneos/ReactCommon\"\ \"-F/Users/gumclaw/work/gp2974-device/ios/build/dd/Build/Products/Release-iphoneos/ReactNativeDependencies\"\ \"-F/Users/gumclaw/work/gp2974-device/ios/build/dd/Build/Products/Release-iphoneos/SDWebImage\"\ \"-F/Users/gumclaw/work/gp2974-device/ios/build/dd/Build/Products/Release-iphoneos/SDWebImageAVIFCoder\"\ \"-F/Users/gumclaw/work/gp2974-device/ios/build/dd/Build/Products/Release-iphoneos/SDWebImageSVGCoder\"\ \"-F/Users/gumclaw/work/gp2974-device/ios/build/dd/Build/Products/Release-iphoneos/SDWebImageWebPCoder\"\ \"-F/Users/gumclaw/work/gp2974-device/ios/build/dd/Build/Products/Release-iphoneos/Sentry\"\ \"-F/Users/gumclaw/work/gp2974-device/ios/build/dd/Build/Products/Release-iphoneos/SwiftAudioEx\"\ \"-F/Users/gumclaw/work/gp2974-device/ios/build/dd/Build/Products/Release-iphoneos/UMAppLoader\"\ \"-F/Users/gumclaw/work/gp2974-device/ios/build/dd/Build/Products/Release-iphoneos/Yoga\"\ \"-F/Users/gumclaw/work/gp2974-device/ios/build/dd/Build/Products/Release-iphoneos/expo-dev-client\"\ \"-F/Users/gumclaw/work/gp2974-device/ios/build/dd/Build/Products/Release-iphoneos/expo-dev-menu-interface\"\ \"-F/Users/gumclaw/work/gp2974-device/ios/build/dd/Build/Products/Release-iphoneos/hermes-engine\"\ \"-F/Users/gumclaw/work/gp2974-device/ios/build/dd/Build/Products/Release-iphoneos/libavif\"\ \"-F/Users/gumclaw/work/gp2974-device/ios/build/dd/Build/Products/Release-iphoneos/libdav1d\"\ \"-F/Users/gumclaw/work/gp2974-device/ios/build/dd/Build/Products/Release-iphoneos/libwebp\"\ \"-F/Users/gumclaw/work/gp2974-device/ios/build/dd/Build/Products/Release-iphoneos/react-native-blob-util\"\ \"-F/Users/gumclaw/work/gp2974-device/ios/build/dd/Build/Products/Release-iphoneos/react-native-context-menu-view\"\ \"-F/Users/gumclaw/work/gp2974-device/ios/build/dd/Build/Products/Release-iphoneos/react-native-pdf\"\ \"-F/Users/gumclaw/work/gp2974-device/ios/build/dd/Build/Products/Release-iphoneos/react-native-safe-area-context\"\ \"-F/Users/gumclaw/work/gp2974-device/ios/build/dd/Build/Products/Release-iphoneos/react-native-track-player\"\ \"-F/Users/gumclaw/work/gp2974-device/ios/build/dd/Build/Products/Release-iphoneos/react-native-webview\"
    export OTHER_SWIFT_FLAGS\=\ -D\ COCOAPODS\ -Xcc\ -fmodule-map-file\=\"/Users/gumclaw/work/gp2974-device/ios/build/dd/Build/Products/Release-iphoneos/EXApplication/EXApplication.modulemap\"\ -Xcc\ -fmodule-map-file\=\"/Users/gumclaw/work/gp2974-device/ios/build/dd/Build/Products/Release-iphoneos/EXConstants/EXConstants.modulemap\"\ -Xcc\ -fmodule-map-file\=\"/Users/gumclaw/work/gp2974-device/ios/build/dd/Build/Products/Release-iphoneos/EXManifests/EXManifests.modulemap\"\ -Xcc\ -fmodule-map-file\=\"/Users/gumclaw/work/gp2974-device/ios/build/dd/Build/Products/Release-iphoneos/EXUpdatesInterface/EXUpdatesInterface.modulemap\"\ -Xcc\ -fmodule-map-file\=\"/Users/gumclaw/work/gp2974-device/ios/build/dd/Build/Products/Release-iphoneos/Expo/Expo.modulemap\"\ -Xcc\ -fmodule-map-file\=\"/Users/gumclaw/work/gp2974-device/ios/build/dd/Build/Products/Release-iphoneos/ExpoAsset/ExpoAsset.modulemap\"\ -Xcc\ -fmodule-map-file\=\"/Users/gumclaw/work/gp2974-device/ios/build/dd/Build/Products/Release-iphoneos/ExpoBackgroundFetch/ExpoBackgroundFetch.modulemap\"\ -Xcc\ -fmodule-map-file\=\"/Users/gumclaw/work/gp2974-device/ios/build/dd/Build/Products/Release-iphoneos/ExpoCrypto/ExpoCrypto.modulemap\"\ -Xcc\ -fmodule-map-file\=\"/Users/gumclaw/work/gp2974-device/ios/build/dd/Build/Products/Release-iphoneos/ExpoDomWebView/ExpoDomWebView.modulemap\"\ -Xcc\ -fmodule-map-file\=\"/Users/gumclaw/work/gp2974-device/ios/build/dd/Build/Products/Release-iphoneos/ExpoFileSystem/ExpoFileSystem.modulemap\"\ -Xcc\ -fmodule-map-file\=\"/Users/gumclaw/work/gp2974-device/ios/build/dd/Build/Products/Release-iphoneos/ExpoFont/ExpoFont.modulemap\"\ -Xcc\ -fmodule-map-file\=\"/Users/gumclaw/work/gp2974-device/ios/build/dd/Build/Products/Release-iphoneos/ExpoGlassEffect/ExpoGlassEffect.modulemap\"\ -Xcc\ -fmodule-map-file\=\"/Users/gumclaw/work/gp2974-device/ios/build/dd/Build/Products/Release-iphoneos/ExpoHaptics/ExpoHaptics.modulemap\"\ -Xcc\ -fmodule-map-file\=\"/Users/gumclaw/work/gp2974-device/ios/build/dd/Build/Products/Release-iphoneos/ExpoImage/ExpoImage.modulemap\"\ -Xcc\ -fmodule-map-file\=\"/Users/gumclaw/work/gp2974-device/ios/build/dd/Build/Products/Release-iphoneos/ExpoKeepAwake/ExpoKeepAwake.modulemap\"\ -Xcc\ -fmodule-map-file\=\"/Users/gumclaw/work/gp2974-device/ios/build/dd/Build/Products/Release-iphoneos/ExpoLinking/ExpoLinking.modulemap\"\ -Xcc\ -fmodule-map-file\=\"/Users/gumclaw/work/gp2974-device/ios/build/dd/Build/Products/Release-iphoneos/ExpoLogBox/ExpoLogBox.modulemap\"\ -Xcc\ -fmodule-map-file\=\"/Users/gumclaw/work/gp2974-device/ios/build/dd/Build/Products/Release-iphoneos/ExpoModulesCore/ExpoModulesCore.modulemap\"\ -Xcc\ -fmodule-map-file\=\"/Users/gumclaw/work/gp2974-device/ios/build/dd/Build/Products/Release-iphoneos/ExpoNotifications/ExpoNotifications.modulemap\"\ -Xcc\ -fmodule-map-file\=\"/Users/gumclaw/work/gp2974-device/ios/build/dd/Build/Products/Release-iphoneos/ExpoRouter/ExpoRouter.modulemap\"\ -Xcc\ -fmodule-map-file\=\"/Users/gumclaw/work/gp2974-device/ios/build/dd/Build/Products/Release-iphoneos/ExpoScreenOrientation/ExpoScreenOrientation.modulemap\"\ -Xcc\ -fmodule-map-file\=\"/Users/gumclaw/work/gp2974-device/ios/build/dd/Build/Products/Release-iphoneos/ExpoSecureStore/ExpoSecureStore.modulemap\"\ -Xcc\ -fmodule-map-file\=\"/Users/gumclaw/work/gp2974-device/ios/build/dd/Build/Products/Release-iphoneos/ExpoSharing/ExpoSharing.modulemap\"\ -Xcc\ -fmodule-map-file\=\"/Users/gumclaw/work/gp2974-device/ios/build/dd/Build/Products/Release-iphoneos/ExpoSplashScreen/ExpoSplashScreen.modulemap\"\ -Xcc\ -fmodule-map-file\=\"/Users/gumclaw/work/gp2974-device/ios/build/dd/Build/Products/Release-iphoneos/ExpoSymbols/ExpoSymbols.modulemap\"\ -Xcc\ -fmodule-map-file\=\"/Users/gumclaw/work/gp2974-device/ios/build/dd/Build/Products/Release-iphoneos/ExpoSystemUI/ExpoSystemUI.modulemap\"\ -Xcc\ -fmodule-map-file\=\"/Users/gumclaw/work/gp2974-device/ios/build/dd/Build/Products/Release-iphoneos/ExpoTaskManager/ExpoTaskManager.modulemap\"\ -Xcc\ -fmodule-map-file\=\"/Users/gumclaw/work/gp2974-device/ios/build/dd/Build/Products/Release-iphoneos/ExpoUI/ExpoUI.modulemap\"\ -Xcc\ -fmodule-map-file\=\"/Users/gumclaw/work/gp2974-device/ios/build/dd/Build/Products/Release-iphoneos/ExpoVideo/ExpoVideo.modulemap\"\ -Xcc\ -fmodule-map-file\=\"/Users/gumclaw/work/gp2974-device/ios/build/dd/Build/Products/Release-iphoneos/ExpoWebBrowser/ExpoWebBrowser.modulemap\"\ -Xcc\ -fmodule-map-file\=\"/Users/gumclaw/work/gp2974-device/ios/build/dd/Build/Products/Release-iphoneos/ExpoWidgets/ExpoWidgets.modulemap\"\ -Xcc\ -fmodule-map-file\=\"/Users/gumclaw/work/gp2974-device/ios/build/dd/Build/Products/Release-iphoneos/PdfThumbnail/PdfThumbnail.modulemap\"\ -Xcc\ -fmodule-map-file\=\"/Users/gumclaw/work/gp2974-device/ios/build/dd/Build/Products/Release-iphoneos/RCTSwiftUI/RCTSwiftUI.modulemap\"\ -Xcc\ -fmodule-map-file\=\"/Users/gumclaw/work/gp2974-device/ios/build/dd/Build/Products/Release-iphoneos/RNScreens/RNScreens.modulemap\"\ -Xcc\ -fmodule-map-file\=\"/Users/gumclaw/work/gp2974-device/ios/build/dd/Build/Products/Release-iphoneos/Sentry/Sentry.modulemap\"\ -Xcc\ -fmodule-map-file\=\"/Users/gumclaw/work/gp2974-device/ios/build/dd/Build/Products/Release-iphoneos/SwiftAudioEx/SwiftAudioEx.modulemap\"\ -Xcc\ -fmodule-map-file\=\"/Users/gumclaw/work/gp2974-device/ios/build/dd/Build/Products/Release-iphoneos/expo-dev-menu-interface/EXDevMenuInterface.modulemap\"\ -Xcc\ -fmodule-map-file\=\"/Users/gumclaw/work/gp2974-device/ios/build/dd/Build/Products/Release-iphoneos/react-native-track-player/react_native_track_player.modulemap\"\ -Xcc\ -fmodule-map-file\=\"/Users/gumclaw/work/gp2974-device/ios/Pods/Headers/Private/SDWebImageSVGCoder/SDWebImageSVGCoder.modulemap\"\ -Xcc\ -fmodule-map-file\=\"/Users/gumclaw/work/gp2974-device/ios/Pods/Headers/Private/SDWebImageWebPCoder/SDWebImageWebPCoder.modulemap\"\ -Xcc\ -fmodule-map-file\=\"/Users/gumclaw/work/gp2974-device/ios/Pods/Headers/Public/EXJSONUtils/EXJSONUtils.modulemap\"\ -Xcc\ -fmodule-map-file\=\"/Users/gumclaw/work/gp2974-device/ios/Pods/Headers/Public/ExpoModulesJSI/ExpoModulesJSI.modulemap\"\ -Xcc\ -fmodule-map-file\=\"/Users/gumclaw/work/gp2974-device/ios/Pods/Headers/Public/RNReanimated/RNReanimated.modulemap\"\ -Xcc\ -fmodule-map-file\=\"/Users/gumclaw/work/gp2974-device/ios/Pods/Headers/Public/RNWorklets/RNWorklets.modulemap\"\ -Xcc\ -fmodule-map-file\=\"/Users/gumclaw/work/gp2974-device/ios/Pods/Headers/Public/ReactAppDependencyProvider/ReactAppDependencyProvider.modulemap\"\ -Xcc\ -fmodule-map-file\=\"/Users/gumclaw/work/gp2974-device/ios/Pods/Headers/Public/ReactCodegen/ReactCodegen.modulemap\"\ -Xcc\ -fmodule-map-file\=\"/Users/gumclaw/work/gp2974-device/ios/Pods/Headers/Public/SDWebImage/SDWebImage.modulemap\"\ -Xcc\ -fmodule-map-file\=\"/Users/gumclaw/work/gp2974-device/ios/Pods/Headers/Public/SDWebImageAVIFCoder/SDWebImageAVIFCoder.modulemap\"\ -Xcc\ -fmodule-map-file\=\"/Users/gumclaw/work/gp2974-device/ios/Pods/Headers/Public/UMAppLoader/UMAppLoader.modulemap\"\ -Xcc\ -fmodule-map-file\=\"/Users/gumclaw/work/gp2974-device/ios/Pods/Headers/Public/libavif/libavif.modulemap\"\ -D\ EXPO_CONFIGURATION_RELEASE
    export PACKAGE_TYPE\=com.apple.package-type.wrapper.application
    export PASCAL_STRINGS\=YES
    export PATH\=/Applications/Xcode.app/Contents/SharedFrameworks/SwiftBuild.framework/Versions/A/PlugIns/SWBBuildService.bundle/Contents/PlugIns/SWBUniversalPlatformPlugin.bundle/Contents/Frameworks/SWBUniversalPlatform.framework/Resources:/Applications/Xcode.app/Contents/Developer/Toolchains/XcodeDefault.xctoolchain/usr/bin:/Applications/Xcode.app/Contents/Developer/Toolchains/XcodeDefault.xctoolchain/usr/local/bin:/Applications/Xcode.app/Contents/Developer/Toolchains/XcodeDefault.xctoolchain/usr/libexec:/Applications/Xcode.app/Contents/Developer/Platforms/iPhoneOS.platform/usr/bin:/Applications/Xcode.app/Contents/Developer/Platforms/iPhoneOS.platform/usr/local/bin:/Applications/Xcode.app/Contents/Developer/Platforms/iPhoneOS.platform/Developer/usr/bin:/Applications/Xcode.app/Contents/Developer/Platforms/iPhoneOS.platform/Developer/usr/local/bin:/Applications/Xcode.app/Contents/Developer/usr/bin:/Applications/Xcode.app/Contents/Developer/usr/local/bin:/Users/gumclaw/.gusto/bin:/Users/gumclaw/.npm-global/bin:/Users/gumclaw/.rbenv/shims:/Users/gumclaw/.nodenv/shims:/Users/gumclaw/.local/bin:/opt/homebrew/bin:/usr/local/bin:/System/Cryptexes/App/usr/bin:/usr/bin:/bin:/usr/sbin:/sbin:/var/run/com.apple.security.cryptexd/codex.system/bootstrap/usr/local/bin:/var/run/com.apple.security.cryptexd/codex.system/bootstrap/usr/bin:/var/run/com.apple.security.cryptexd/codex.system/bootstrap/usr/appleinternal/bin:/opt/pkg/env/active/bin:/opt/pmk/env/global/bin:/opt/X11/bin:/Library/Apple/usr/bin:/usr/local/MacGPG2/bin:/Library/Frameworks/Mono.framework/Versions/Current/Commands:/Applications/Postgres.app/Contents/Versions/latest/bin:/var/folders/b8/m3wdk1md2zx4zcr6xhkd2k2m0000gq/T/.tmpilcVkY:/Users/gumclaw/bin:/opt/homebrew/sbin:/Users/gumclaw/.maestro/bin
    export PATH_PREFIXES_EXCLUDED_FROM_HEADER_DEPENDENCIES\=/usr/include\ /usr/local/include\ /System/Library/Frameworks\ /System/Library/PrivateFrameworks\ /Applications/Xcode.app/Contents/Developer/Headers\ /Applications/Xcode.app/Contents/Developer/SDKs\ /Applications/Xcode.app/Contents/Developer/Platforms
    export PBDEVELOPMENTPLIST_PATH\=Gumroad.app/pbdevelopment.plist
    export PER_ARCH_MODULE_FILE_DIR\=/Users/gumclaw/work/gp2974-device/ios/build/dd/Build/Intermediates.noindex/Gumroad.build/Release-iphoneos/Gumroad.build/Objects-normal/undefined_arch
    export PER_ARCH_OBJECT_FILE_DIR\=/Users/gumclaw/work/gp2974-device/ios/build/dd/Build/Intermediates.noindex/Gumroad.build/Release-iphoneos/Gumroad.build/Objects-normal/undefined_arch
    export PER_VARIANT_OBJECT_FILE_DIR\=/Users/gumclaw/work/gp2974-device/ios/build/dd/Build/Intermediates.noindex/Gumroad.build/Release-iphoneos/Gumroad.build/Objects-normal
    export PKGINFO_FILE_PATH\=/Users/gumclaw/work/gp2974-device/ios/build/dd/Build/Intermediates.noindex/Gumroad.build/Release-iphoneos/Gumroad.build/PkgInfo
    export PKGINFO_PATH\=Gumroad.app/PkgInfo
    export PLATFORM_DEVELOPER_APPLICATIONS_DIR\=/Applications/Xcode.app/Contents/Developer/Platforms/iPhoneOS.platform/Developer/Applications
    export PLATFORM_DEVELOPER_BIN_DIR\=/Applications/Xcode.app/Contents/Developer/Platforms/iPhoneOS.platform/Developer/usr/bin
    export PLATFORM_DEVELOPER_LIBRARY_DIR\=/Applications/Xcode.app/Contents/Developer/Platforms/iPhoneOS.platform/Developer/Library
    export PLATFORM_DEVELOPER_SDK_DIR\=/Applications/Xcode.app/Contents/Developer/Platforms/iPhoneOS.platform/Developer/SDKs
    export PLATFORM_DEVELOPER_TOOLS_DIR\=/Applications/Xcode.app/Contents/Developer/Platforms/iPhoneOS.platform/Developer/Tools
    export PLATFORM_DEVELOPER_USR_DIR\=/Applications/Xcode.app/Contents/Developer/Platforms/iPhoneOS.platform/Developer/usr
    export PLATFORM_DIR\=/Applications/Xcode.app/Contents/Developer/Platforms/iPhoneOS.platform
    export PLATFORM_DISPLAY_NAME\=iOS
    export PLATFORM_FAMILY_NAME\=iOS
    export PLATFORM_NAME\=iphoneos
    export PLATFORM_PREFERRED_ARCH\=arm64
    export PLATFORM_PRODUCT_BUILD_VERSION\=24A430
    export PLATFORM_REQUIRES_SWIFT_AUTOLINK_EXTRACT\=NO
    export PLATFORM_REQUIRES_SWIFT_MODULEWRAP\=NO
    export PLATFORM_USES_DSYMS\=YES
    export PLIST_FILE_OUTPUT_FORMAT\=binary
    export PLUGINS_FOLDER_PATH\=Gumroad.app/PlugIns
    export PODS_BUILD_DIR\=/Users/gumclaw/work/gp2974-device/ios/build/dd/Build/Products
    export PODS_CONFIGURATION_BUILD_DIR\=/Users/gumclaw/work/gp2974-device/ios/build/dd/Build/Products/Release-iphoneos
    export PODS_PODFILE_DIR_PATH\=/Users/gumclaw/work/gp2974-device/ios/.
    export PODS_ROOT\=/Users/gumclaw/work/gp2974-device/ios/Pods
    export PODS_XCFRAMEWORKS_BUILD_DIR\=/Users/gumclaw/work/gp2974-device/ios/build/dd/Build/Products/Release-iphoneos/XCFrameworkIntermediates
    export PRECOMPS_INCLUDE_HEADERS_FROM_BUILT_PRODUCTS_DIR\=YES
    export PRECOMP_DESTINATION_DIR\=/Users/gumclaw/work/gp2974-device/ios/build/dd/Build/Intermediates.noindex/Gumroad.build/Release-iphoneos/Gumroad.build/PrefixHeaders
    export PRELINK_DEPENDENCY_INFO_FILE\=/Users/gumclaw/work/gp2974-device/ios/build/dd/Build/Intermediates.noindex/Gumroad.build/Release-iphoneos/Gumroad.build/Objects-normal/undefined_arch/Gumroad_prelink_dependency_info.dat
    export PRIVATE_HEADERS_FOLDER_PATH\=Gumroad.app/PrivateHeaders
    export PROCESSED_INFOPLIST_PATH\=/Users/gumclaw/work/gp2974-device/ios/build/dd/Build/Intermediates.noindex/Gumroad.build/Release-iphoneos/Gumroad.build/Objects-normal/undefined_arch/Processed-Info.plist
    export PRODUCT_BUNDLE_IDENTIFIER\=com.GRD.Gumroad
    export PRODUCT_BUNDLE_PACKAGE_TYPE\=APPL
    export PRODUCT_MODULE_NAME\=Gumroad
    export PRODUCT_NAME\=Gumroad
    export PRODUCT_SETTINGS_PATH\=/Users/gumclaw/work/gp2974-device/ios/Gumroad/Info.plist
    export PRODUCT_TYPE\=com.apple.product-type.application
    export PROFILING_CODE\=NO
    export PROJECT\=Gumroad
    export PROJECT_DERIVED_FILE_DIR\=/Users/gumclaw/work/gp2974-device/ios/build/dd/Build/Intermediates.noindex/Gumroad.build/DerivedSources
    export PROJECT_DIR\=/Users/gumclaw/work/gp2974-device/ios
    export PROJECT_FILE_PATH\=/Users/gumclaw/work/gp2974-device/ios/Gumroad.xcodeproj
    export PROJECT_GUID\=88889b1882ab139fbc4ce6147f23b038
    export PROJECT_NAME\=Gumroad
    export PROJECT_TEMP_DIR\=/Users/gumclaw/work/gp2974-device/ios/build/dd/Build/Intermediates.noindex/Gumroad.build
    export PROJECT_TEMP_ROOT\=/Users/gumclaw/work/gp2974-device/ios/build/dd/Build/Intermediates.noindex
    export PROVISIONING_PROFILE_REQUIRED\=YES
    export PROVISIONING_PROFILE_REQUIRED_YES_YES\=YES
    export PROVISIONING_PROFILE_SPECIFIER\=gumclaw\ agent\ dev\ com.GRD.Gumroad
    export PROVISIONING_PROFILE_SUPPORTED\=YES
    export PUBLIC_HEADERS_FOLDER_PATH\=Gumroad.app/Headers
    export REACT_NATIVE_PATH\=/Users/gumclaw/work/gp2974-device/ios/Pods/../../node_modules/react-native
    export RECOMMENDED_IPHONEOS_DEPLOYMENT_TARGET\=17.0
    export RECURSIVE_SEARCH_PATHS_FOLLOW_SYMLINKS\=YES
    export REMOVE_CVS_FROM_RESOURCES\=YES
    export REMOVE_GIT_FROM_RESOURCES\=YES
    export REMOVE_HEADERS_FROM_EMBEDDED_BUNDLES\=YES
    export REMOVE_HG_FROM_RESOURCES\=YES
    export REMOVE_STATIC_EXECUTABLES_FROM_EMBEDDED_BUNDLES\=YES
    export REMOVE_SVN_FROM_RESOURCES\=YES
    export RESCHEDULE_INDEPENDENT_HEADERS_PHASES\=YES
    export REZ_COLLECTOR_DIR\=/Users/gumclaw/work/gp2974-device/ios/build/dd/Build/Intermediates.noindex/Gumroad.build/Release-iphoneos/Gumroad.build/ResourceManagerResources
    export REZ_OBJECTS_DIR\=/Users/gumclaw/work/gp2974-device/ios/build/dd/Build/Intermediates.noindex/Gumroad.build/Release-iphoneos/Gumroad.build/ResourceManagerResources/Objects
    export REZ_SEARCH_PATHS\=/Users/gumclaw/work/gp2974-device/ios/build/dd/Build/Products/Release-iphoneos\ 
    export RPATH_ORIGIN\=@loader_path
    export RUNTIME_EXCEPTION_ALLOW_DYLD_ENVIRONMENT_VARIABLES\=NO
    export RUNTIME_EXCEPTION_ALLOW_JIT\=NO
    export RUNTIME_EXCEPTION_ALLOW_UNSIGNED_EXECUTABLE_MEMORY\=NO
    export RUNTIME_EXCEPTION_DEBUGGING_TOOL\=NO
    export RUNTIME_EXCEPTION_DISABLE_EXECUTABLE_PAGE_PROTECTION\=NO
    export RUNTIME_EXCEPTION_DISABLE_LIBRARY_VALIDATION\=NO
    export SCANNING_PCM_KEEP_CACHE_DIRECTORY\=YES
    export SCAN_ALL_SOURCE_FILES_FOR_INCLUDES\=NO
    export SCRIPTS_FOLDER_PATH\=Gumroad.app/Scripts
    export SCRIPT_INPUT_FILE_0\=/Users/gumclaw/work/gp2974-device/ios/.xcode.env
    export SCRIPT_INPUT_FILE_1\=/Users/gumclaw/work/gp2974-device/ios/.xcode.env.local
    export SCRIPT_INPUT_FILE_2\=/Users/gumclaw/work/gp2974-device/ios/Gumroad/Gumroad.entitlements
    export SCRIPT_INPUT_FILE_3\=/Users/gumclaw/work/gp2974-device/ios/Pods/Target\ Support\ Files/Pods-Gumroad/expo-configure-project.sh
    export SCRIPT_INPUT_FILE_COUNT\=4
    export SCRIPT_INPUT_FILE_LIST_COUNT\=0
    export SCRIPT_OUTPUT_FILE_0\=/Users/gumclaw/work/gp2974-device/ios/Pods/Target\ Support\ Files/Pods-Gumroad/ExpoModulesProvider.swift
    export SCRIPT_OUTPUT_FILE_COUNT\=1
    export SCRIPT_OUTPUT_FILE_LIST_COUNT\=0
    export SDKROOT\=/Applications/Xcode.app/Contents/Developer/Platforms/iPhoneOS.platform/Developer/SDKs/iPhoneOS27.0.sdk
    export SDK_DIR\=/Applications/Xcode.app/Contents/Developer/Platforms/iPhoneOS.platform/Developer/SDKs/iPhoneOS27.0.sdk
    export SDK_DIR_iphoneos\=/Applications/Xcode.app/Contents/Developer/Platforms/iPhoneOS.platform/Developer/SDKs/iPhoneOS27.0.sdk
    export SDK_DIR_iphoneos27_0\=/Applications/Xcode.app/Contents/Developer/Platforms/iPhoneOS.platform/Developer/SDKs/iPhoneOS27.0.sdk
    export SDK_NAME\=iphoneos27.0
    export SDK_NAMES\=iphoneos27.0
    export SDK_PRODUCT_BUILD_VERSION\=24A430
    export SDK_STAT_CACHE_DIR\=/Users/gumclaw/work/gp2974-device/ios/build/dd
    export SDK_STAT_CACHE_ENABLE\=YES
    export SDK_STAT_CACHE_PATH\=/Users/gumclaw/work/gp2974-device/ios/build/dd/SDKStatCaches.noindex/iphoneos27.0-24A430-6c78b3cbc238196c85e1bf6c792c5915.sdkstatcache
    export SDK_VERSION\=27.0
    export SDK_VERSION_ACTUAL\=270000
    export SDK_VERSION_MAJOR\=270000
    export SDK_VERSION_MINOR\=270000
    export SED\=/usr/bin/sed
    export SEPARATE_STRIP\=NO
    export SEPARATE_SYMBOL_EDIT\=NO
    export SET_DIR_MODE_OWNER_GROUP\=YES
    export SET_FILE_MODE_OWNER_GROUP\=NO
    export SHALLOW_BUNDLE\=YES
    export SHALLOW_BUNDLE_TRIPLE\=ios
    export SHALLOW_BUNDLE_ios_macabi\=NO
    export SHALLOW_BUNDLE_macos\=NO
    export SHARED_DERIVED_FILE_DIR\=/Users/gumclaw/work/gp2974-device/ios/build/dd/Build/Products/Release-iphoneos/DerivedSources
    export SHARED_FRAMEWORKS_FOLDER_PATH\=Gumroad.app/SharedFrameworks
    export SHARED_PRECOMPS_DIR\=/Users/gumclaw/work/gp2974-device/ios/build/dd/Build/Intermediates.noindex/PrecompiledHeaders
    export SHARED_SUPPORT_FOLDER_PATH\=Gumroad.app/SharedSupport
    export SKIP_COPYING_TEST_FRAMEWORKS\=YES
    export SKIP_INSTALL\=NO
    export SKIP_MERGEABLE_LIBRARY_BUNDLE_HOOK\=NO
    export SOURCE_ROOT\=/Users/gumclaw/work/gp2974-device/ios
    export SRCROOT\=/Users/gumclaw/work/gp2974-device/ios
    export STRINGSDATA_DIR\=/Users/gumclaw/work/gp2974-device/ios/build/dd/Build/Intermediates.noindex/Gumroad.build/Release-iphoneos/Gumroad.build/Objects-normal/undefined_arch
    export STRINGSDATA_ROOT\=/Users/gumclaw/work/gp2974-device/ios/build/dd/Build/Intermediates.noindex/Gumroad.build/Release-iphoneos/Gumroad.build
    export STRINGS_FILE_INFOPLIST_RENAME\=YES
    export STRINGS_FILE_OUTPUT_ENCODING\=binary
    export STRING_CATALOG_GENERATE_SYMBOLS\=NO
    export STRIP_BITCODE_FROM_COPIED_FILES\=YES
    export STRIP_INSTALLED_PRODUCT\=YES
    export STRIP_STYLE\=all
    export STRIP_SWIFT_SYMBOLS\=YES
    export SUPPORTED_DEVICE_FAMILIES\=1,2
    export SUPPORTED_PLATFORMS\=iphoneos\ iphonesimulator
    export SUPPORTS_MACCATALYST\=NO
    export SUPPORTS_MAC_DESIGNED_FOR_IPHONE_IPAD\=YES
    export SUPPORTS_ON_DEMAND_RESOURCES\=YES
    export SUPPORTS_TEXT_BASED_API\=NO
    export SUPPORTS_XR_DESIGNED_FOR_IPHONE_IPAD\=YES
    export SUPPRESS_WARNINGS\=NO
    export SWIFTC_PASS_SDKROOT\=YES
    export SWIFTC_PASS_SYSROOT\=NO
    export SWIFT_COLOR_DIAGNOSTICS\=NO
    export SWIFT_EMIT_CONST_VALUE_PROTOCOLS\=AnyResolverProviding\ AppEntity\ AppEnum\ AppExtension\ AppIntent\ AppIntentsPackage\ AppShortcutProviding\ AppShortcutsProvider\ AppUnionValue\ AppUnionValueCasesProviding\ DynamicOptionsProvider\ EntityQuery\ ExtensionPointDefining\ IntentValueQuery\ Resolver\ TransientEntity\ _AssistantIntentsProvider\ _GenerativeFunctionExtractable\ _IntentValueRepresentable
    export SWIFT_EMIT_LOC_STRINGS\=NO
    export SWIFT_ENABLE_EXPLICIT_MODULES\=NO
    export SWIFT_INCLUDE_PATHS\=/Users/gumclaw/work/gp2974-device/ios/build/dd/Build/Products/Release-iphoneos\ \ \"/Users/gumclaw/work/gp2974-device/ios/build/dd/Build/Products/Release-iphoneos/EXApplication\"\ \"/Users/gumclaw/work/gp2974-device/ios/build/dd/Build/Products/Release-iphoneos/EXConstants\"\ \"/Users/gumclaw/work/gp2974-device/ios/build/dd/Build/Products/Release-iphoneos/EXManifests\"\ \"/Users/gumclaw/work/gp2974-device/ios/build/dd/Build/Products/Release-iphoneos/EXUpdatesInterface\"\ \"/Users/gumclaw/work/gp2974-device/ios/build/dd/Build/Products/Release-iphoneos/Expo\"\ \"/Users/gumclaw/work/gp2974-device/ios/build/dd/Build/Products/Release-iphoneos/ExpoAsset\"\ \"/Users/gumclaw/work/gp2974-device/ios/build/dd/Build/Products/Release-iphoneos/ExpoBackgroundFetch\"\ \"/Users/gumclaw/work/gp2974-device/ios/build/dd/Build/Products/Release-iphoneos/ExpoCrypto\"\ \"/Users/gumclaw/work/gp2974-device/ios/build/dd/Build/Products/Release-iphoneos/ExpoDomWebView\"\ \"/Users/gumclaw/work/gp2974-device/ios/build/dd/Build/Products/Release-iphoneos/ExpoFileSystem\"\ \"/Users/gumclaw/work/gp2974-device/ios/build/dd/Build/Products/Release-iphoneos/ExpoFont\"\ \"/Users/gumclaw/work/gp2974-device/ios/build/dd/Build/Products/Release-iphoneos/ExpoGlassEffect\"\ \"/Users/gumclaw/work/gp2974-device/ios/build/dd/Build/Products/Release-iphoneos/ExpoHaptics\"\ \"/Users/gumclaw/work/gp2974-device/ios/build/dd/Build/Products/Release-iphoneos/ExpoImage\"\ \"/Users/gumclaw/work/gp2974-device/ios/build/dd/Build/Products/Release-iphoneos/ExpoKeepAwake\"\ \"/Users/gumclaw/work/gp2974-device/ios/build/dd/Build/Products/Release-iphoneos/ExpoLinking\"\ \"/Users/gumclaw/work/gp2974-device/ios/build/dd/Build/Products/Release-iphoneos/ExpoLogBox\"\ \"/Users/gumclaw/work/gp2974-device/ios/build/dd/Build/Products/Release-iphoneos/ExpoModulesCore\"\ \"/Users/gumclaw/work/gp2974-device/ios/build/dd/Build/Products/Release-iphoneos/ExpoNotifications\"\ \"/Users/gumclaw/work/gp2974-device/ios/build/dd/Build/Products/Release-iphoneos/ExpoRouter\"\ \"/Users/gumclaw/work/gp2974-device/ios/build/dd/Build/Products/Release-iphoneos/ExpoScreenOrientation\"\ \"/Users/gumclaw/work/gp2974-device/ios/build/dd/Build/Products/Release-iphoneos/ExpoSecureStore\"\ \"/Users/gumclaw/work/gp2974-device/ios/build/dd/Build/Products/Release-iphoneos/ExpoSharing\"\ \"/Users/gumclaw/work/gp2974-device/ios/build/dd/Build/Products/Release-iphoneos/ExpoSplashScreen\"\ \"/Users/gumclaw/work/gp2974-device/ios/build/dd/Build/Products/Release-iphoneos/ExpoSymbols\"\ \"/Users/gumclaw/work/gp2974-device/ios/build/dd/Build/Products/Release-iphoneos/ExpoSystemUI\"\ \"/Users/gumclaw/work/gp2974-device/ios/build/dd/Build/Products/Release-iphoneos/ExpoTaskManager\"\ \"/Users/gumclaw/work/gp2974-device/ios/build/dd/Build/Products/Release-iphoneos/ExpoUI\"\ \"/Users/gumclaw/work/gp2974-device/ios/build/dd/Build/Products/Release-iphoneos/ExpoVideo\"\ \"/Users/gumclaw/work/gp2974-device/ios/build/dd/Build/Products/Release-iphoneos/ExpoWebBrowser\"\ \"/Users/gumclaw/work/gp2974-device/ios/build/dd/Build/Products/Release-iphoneos/ExpoWidgets\"\ \"/Users/gumclaw/work/gp2974-device/ios/build/dd/Build/Products/Release-iphoneos/PdfThumbnail\"\ \"/Users/gumclaw/work/gp2974-device/ios/build/dd/Build/Products/Release-iphoneos/RCTSwiftUI\"\ \"/Users/gumclaw/work/gp2974-device/ios/build/dd/Build/Products/Release-iphoneos/RNScreens\"\ \"/Users/gumclaw/work/gp2974-device/ios/build/dd/Build/Products/Release-iphoneos/Sentry\"\ \"/Users/gumclaw/work/gp2974-device/ios/build/dd/Build/Products/Release-iphoneos/SwiftAudioEx\"\ \"/Users/gumclaw/work/gp2974-device/ios/build/dd/Build/Products/Release-iphoneos/expo-dev-menu-interface\"\ \"/Users/gumclaw/work/gp2974-device/ios/build/dd/Build/Products/Release-iphoneos/react-native-track-player\"
    export SWIFT_OBJC_BRIDGING_HEADER\=Gumroad/Gumroad-Bridging-Header.h
    export SWIFT_PLATFORM_TARGET_PREFIX\=ios
    export SWIFT_RESPONSE_FILE_PATH_normal_arm64\=/Users/gumclaw/work/gp2974-device/ios/build/dd/Build/Intermediates.noindex/Gumroad.build/Release-iphoneos/Gumroad.build/Objects-normal/arm64/Gumroad.SwiftFileList
    export SWIFT_VERSION\=5.0
    export SYMROOT\=/Users/gumclaw/work/gp2974-device/ios/build/dd/Build/Products
    export SYSROOT\=/Applications/Xcode.app/Contents/Developer/Platforms/iPhoneOS.platform/Developer/SDKs/iPhoneOS27.0.sdk
    export SYSTEM_ADMIN_APPS_DIR\=/Applications/Utilities
    export SYSTEM_APPS_DIR\=/Applications
    export SYSTEM_CORE_SERVICES_DIR\=/System/Library/CoreServices
    export SYSTEM_DEMOS_DIR\=/Applications/Extras
    export SYSTEM_DEVELOPER_APPS_DIR\=/Applications/Xcode.app/Contents/Developer/Applications
    export SYSTEM_DEVELOPER_BIN_DIR\=/Applications/Xcode.app/Contents/Developer/usr/bin
    export SYSTEM_DEVELOPER_DEMOS_DIR\=/Applications/Xcode.app/Contents/Developer/Applications/Utilities/Built\ Examples
    export SYSTEM_DEVELOPER_DIR\=/Applications/Xcode.app/Contents/Developer
    export SYSTEM_DEVELOPER_DOC_DIR\=/Applications/Xcode.app/Contents/Developer/ADC\ Reference\ Library
    export SYSTEM_DEVELOPER_GRAPHICS_TOOLS_DIR\=/Applications/Xcode.app/Contents/Developer/Applications/Graphics\ Tools
    export SYSTEM_DEVELOPER_JAVA_TOOLS_DIR\=/Applications/Xcode.app/Contents/Developer/Applications/Java\ Tools
    export SYSTEM_DEVELOPER_PERFORMANCE_TOOLS_DIR\=/Applications/Xcode.app/Contents/Developer/Applications/Performance\ Tools
    export SYSTEM_DEVELOPER_RELEASENOTES_DIR\=/Applications/Xcode.app/Contents/Developer/ADC\ Reference\ Library/releasenotes
    export SYSTEM_DEVELOPER_TOOLS\=/Applications/Xcode.app/Contents/Developer/Tools
    export SYSTEM_DEVELOPER_TOOLS_DOC_DIR\=/Applications/Xcode.app/Contents/Developer/ADC\ Reference\ Library/documentation/DeveloperTools
    export SYSTEM_DEVELOPER_TOOLS_RELEASENOTES_DIR\=/Applications/Xcode.app/Contents/Developer/ADC\ Reference\ Library/releasenotes/DeveloperTools
    export SYSTEM_DEVELOPER_USR_DIR\=/Applications/Xcode.app/Contents/Developer/usr
    export SYSTEM_DEVELOPER_UTILITIES_DIR\=/Applications/Xcode.app/Contents/Developer/Applications/Utilities
    export SYSTEM_DEXT_INSTALL_PATH\=/System/Library/DriverExtensions
    export SYSTEM_DOCUMENTATION_DIR\=/Library/Documentation
    export SYSTEM_EXTENSIONS_FOLDER_PATH\=Gumroad.app/SystemExtensions
    export SYSTEM_EXTENSIONS_FOLDER_PATH_SHALLOW_BUNDLE_NO\=Gumroad.app/Library/SystemExtensions
    export SYSTEM_EXTENSIONS_FOLDER_PATH_SHALLOW_BUNDLE_YES\=Gumroad.app/SystemExtensions
    export SYSTEM_KEXT_INSTALL_PATH\=/System/Library/Extensions
    export SYSTEM_LIBRARY_DIR\=/System/Library
    export TAPI_DEMANGLE\=YES
    export TAPI_ENABLE_PROJECT_HEADERS\=NO
    export TAPI_LANGUAGE\=objective-c
    export TAPI_LANGUAGE_STANDARD\=compiler-default
    export TAPI_USE_SRCROOT\=YES
    export TAPI_VERIFY_MODE\=Pedantic
    export TARGETED_DEVICE_FAMILY\=1,2
    export TARGETNAME\=Gumroad
    export TARGET_BUILD_DIR\=/Users/gumclaw/work/gp2974-device/ios/build/dd/Build/Products/Release-iphoneos
    export TARGET_DEVICE_IDENTIFIER\=00008150-000E3C2A0C85401C
    export TARGET_DEVICE_MODEL\=iPhone18,3
    export TARGET_DEVICE_OS_VERSION\=26.4.2
    export TARGET_DEVICE_PLATFORM_NAME\=iphoneos
    export TARGET_NAME\=Gumroad
    export TARGET_TEMP_DIR\=/Users/gumclaw/work/gp2974-device/ios/build/dd/Build/Intermediates.noindex/Gumroad.build/Release-iphoneos/Gumroad.build
    export TEMP_DIR\=/Users/gumclaw/work/gp2974-device/ios/build/dd/Build/Intermediates.noindex/Gumroad.build/Release-iphoneos/Gumroad.build
    export TEMP_FILES_DIR\=/Users/gumclaw/work/gp2974-device/ios/build/dd/Build/Intermediates.noindex/Gumroad.build/Release-iphoneos/Gumroad.build
    export TEMP_FILE_DIR\=/Users/gumclaw/work/gp2974-device/ios/build/dd/Build/Intermediates.noindex/Gumroad.build/Release-iphoneos/Gumroad.build
    export TEMP_ROOT\=/Users/gumclaw/work/gp2974-device/ios/build/dd/Build/Intermediates.noindex
    export TEMP_SANDBOX_DIR\=/Users/gumclaw/work/gp2974-device/ios/build/dd/Build/Intermediates.noindex/TemporaryTaskSandboxes
    export TEST_FRAMEWORK_SEARCH_PATHS\=\ /Applications/Xcode.app/Contents/Developer/Platforms/iPhoneOS.platform/Developer/Library/Frameworks\ /Applications/Xcode.app/Contents/Developer/Platforms/iPhoneOS.platform/Developer/SDKs/iPhoneOS27.0.sdk/Developer/Library/Frameworks
    export TEST_LIBRARY_SEARCH_PATHS\=\ /Applications/Xcode.app/Contents/Developer/Platforms/iPhoneOS.platform/Developer/usr/lib
    export TOOLCHAINS\=com.apple.dt.toolchain.XcodeDefault
    export TOOLCHAIN_DIR\=/Applications/Xcode.app/Contents/Developer/Toolchains/XcodeDefault.xctoolchain
    export TREAT_MISSING_BASELINES_AS_TEST_FAILURES\=NO
    export TREAT_MISSING_SCRIPT_PHASE_OUTPUTS_AS_ERRORS\=NO
    export TeamIdentifierPrefix\=66LJACJ2U7.
    export UID\=503
    export UNINSTALLED_PRODUCTS_DIR\=/Users/gumclaw/work/gp2974-device/ios/build/dd/Build/Intermediates.noindex/UninstalledProducts
    export UNLOCALIZED_RESOURCES_FOLDER_PATH\=Gumroad.app
    export UNLOCALIZED_RESOURCES_FOLDER_PATH_SHALLOW_BUNDLE_NO\=Gumroad.app/Resources
    export UNLOCALIZED_RESOURCES_FOLDER_PATH_SHALLOW_BUNDLE_YES\=Gumroad.app
    export UNSTRIPPED_PRODUCT\=NO
    export USER\=gumclaw
    export USER_APPS_DIR\=/Users/gumclaw/Applications
    export USER_LIBRARY_DIR\=/Users/gumclaw/Library
    export USE_DYNAMIC_NO_PIC\=YES
    export USE_HEADERMAP\=YES
    export USE_HEADER_SYMLINKS\=NO
    export USE_HERMES\=true
    export USE_RECURSIVE_SCRIPT_INPUTS_IN_SCRIPT_PHASES\=YES
    export VALIDATE_DEVELOPMENT_ASSET_PATHS\=YES_ERROR
    export VALIDATE_PRODUCT\=YES
    export VALID_ARCHS\=arm64\ arm64e\ arm64e.x1\ armv7\ armv7s
    export VERBOSE_PBXCP\=NO
    export VERSIONING_SYSTEM\=apple-generic
    export VERSIONPLIST_PATH\=Gumroad.app/version.plist
    export VERSION_INFO_BUILDER\=gumclaw
    export VERSION_INFO_FILE\=Gumroad_vers.c
    export VERSION_INFO_STRING\=\"@\(\#\)PROGRAM:Gumroad\ \ PROJECT:Gumroad-1\"
    export WARNING_CFLAGS\=-Wno-comma\ -Wno-shorten-64-to-32
    export WORKSPACE_DIR\=/Users/gumclaw/work/gp2974-device/ios
    export WRAPPER_EXTENSION\=app
    export WRAPPER_NAME\=Gumroad.app
    export WRAPPER_SUFFIX\=.app
    export WRAP_ASSET_PACKS_IN_SEPARATE_DIRECTORIES\=NO
    export XCODE_APP_SUPPORT_DIR\=/Applications/Xcode.app/Contents/Developer/Library/Xcode
    export XCODE_PRODUCT_BUILD_VERSION\=27A266a
    export XCODE_VERSION_ACTUAL\=2700
    export XCODE_VERSION_MAJOR\=2700
    export XCODE_VERSION_MINOR\=2700
    export XPCSERVICES_FOLDER_PATH\=Gumroad.app/XPCServices
    export YACC\=yacc
    export _DISCOVER_COMMAND_LINE_LINKER_INPUTS\=YES
    export _DISCOVER_COMMAND_LINE_LINKER_INPUTS_INCLUDE_WL\=YES
    export _LD_MULTIARCH\=YES
    export _SWIFT_EXPLICIT_MODULES_ALLOW_CXX_INTEROP\=NO
    export _WRAPPER_CONTENTS_DIR_SHALLOW_BUNDLE_NO\=/Contents
    export _WRAPPER_PARENT_PATH_SHALLOW_BUNDLE_NO\=/..
    export _WRAPPER_RESOURCES_DIR_SHALLOW_BUNDLE_NO\=/Resources
    export __ARCHS__\=arm64
    export __DIAGNOSE_DEPRECATED_ARCHS\=YES
    export __DIAGNOSE_INVALID_DEPLOYMENT_TARGET_AS_ERROR\=YES
    export __IS_NOT_MACOS\=YES
    export __IS_NOT_MACOS_macosx\=NO
    export __IS_NOT_SIMULATOR\=YES
    export __IS_NOT_SIMULATOR_simulator\=NO
    export __ORIGINAL_SDK_DEFINED_LLVM_TARGET_TRIPLE_SYS\=ios
    export arch\=undefined_arch
    export variant\=normal
    /bin/sh -c /Users/gumclaw/work/gp2974-device/ios/build/dd/Build/Intermediates.noindex/Gumroad.build/Release-iphoneos/Gumroad.build/Script-107D9771C03B348E6202B940.sh
Node found at: /Users/gumclaw/.nodenv/versions/22.22.2/bin/node

SwiftDriver Gumroad normal arm64 com.apple.xcode.tools.swift.compiler (in target 'Gumroad' from project 'Gumroad')
    cd /Users/gumclaw/work/gp2974-device/ios
    builtin-SwiftDriver -- /Applications/Xcode.app/Contents/Developer/Toolchains/XcodeDefault.xctoolchain/usr/bin/swiftc -module-name Gumroad -O @/Users/gumclaw/work/gp2974-device/ios/build/dd/Build/Intermediates.noindex/Gumroad.build/Release-iphoneos/Gumroad.build/Objects-normal/arm64/Gumroad.SwiftFileList -D COCOAPODS -Xcc -fmodule-map-file\=/Users/gumclaw/work/gp2974-device/ios/build/dd/Build/Products/Release-iphoneos/EXApplication/EXApplication.modulemap -Xcc -fmodule-map-file\=/Users/gumclaw/work/gp2974-device/ios/build/dd/Build/Products/Release-iphoneos/EXConstants/EXConstants.modulemap -Xcc -fmodule-map-file\=/Users/gumclaw/work/gp2974-device/ios/build/dd/Build/Products/Release-iphoneos/EXManifests/EXManifests.modulemap -Xcc -fmodule-map-file\=/Users/gumclaw/work/gp2974-device/ios/build/dd/Build/Products/Release-iphoneos/EXUpdatesInterface/EXUpdatesInterface.modulemap -Xcc -fmodule-map-file\=/Users/gumclaw/work/gp2974-device/ios/build/dd/Build/Products/Release-iphoneos/Expo/Expo.modulemap -Xcc -fmodule-map-file\=/Users/gumclaw/work/gp2974-device/ios/build/dd/Build/Products/Release-iphoneos/ExpoAsset/ExpoAsset.modulemap -Xcc -fmodule-map-file\=/Users/gumclaw/work/gp2974-device/ios/build/dd/Build/Products/Release-iphoneos/ExpoBackgroundFetch/ExpoBackgroundFetch.modulemap -Xcc -fmodule-map-file\=/Users/gumclaw/work/gp2974-device/ios/build/dd/Build/Products/Release-iphoneos/ExpoCrypto/ExpoCrypto.modulemap -Xcc -fmodule-map-file\=/Users/gumclaw/work/gp2974-device/ios/build/dd/Build/Products/Release-iphoneos/ExpoDomWebView/ExpoDomWebView.modulemap -Xcc -fmodule-map-file\=/Users/gumclaw/work/gp2974-device/ios/build/dd/Build/Products/Release-iphoneos/ExpoFileSystem/ExpoFileSystem.modulemap -Xcc -fmodule-map-file\=/Users/gumclaw/work/gp2974-device/ios/build/dd/Build/Products/Release-iphoneos/ExpoFont/ExpoFont.modulemap -Xcc -fmodule-map-file\=/Users/gumclaw/work/gp2974-device/ios/build/dd/Build/Products/Release-iphoneos/ExpoGlassEffect/ExpoGlassEffect.modulemap -Xcc -fmodule-map-file\=/Users/gumclaw/work/gp2974-device/ios/build/dd/Build/Products/Release-iphoneos/ExpoHaptics/ExpoHaptics.modulemap -Xcc -fmodule-map-file\=/Users/gumclaw/work/gp2974-device/ios/build/dd/Build/Products/Release-iphoneos/ExpoImage/ExpoImage.modulemap -Xcc -fmodule-map-file\=/Users/gumclaw/work/gp2974-device/ios/build/dd/Build/Products/Release-iphoneos/ExpoKeepAwake/ExpoKeepAwake.modulemap -Xcc -fmodule-map-file\=/Users/gumclaw/work/gp2974-device/ios/build/dd/Build/Products/Release-iphoneos/ExpoLinking/ExpoLinking.modulemap -Xcc -fmodule-map-file\=/Users/gumclaw/work/gp2974-device/ios/build/dd/Build/Products/Release-iphoneos/ExpoLogBox/ExpoLogBox.modulemap -Xcc -fmodule-map-file\=/Users/gumclaw/work/gp2974-device/ios/build/dd/Build/Products/Release-iphoneos/ExpoModulesCore/ExpoModulesCore.modulemap -Xcc -fmodule-map-file\=/Users/gumclaw/work/gp2974-device/ios/build/dd/Build/Products/Release-iphoneos/ExpoNotifications/ExpoNotifications.modulemap -Xcc -fmodule-map-file\=/Users/gumclaw/work/gp2974-device/ios/build/dd/Build/Products/Release-iphoneos/ExpoRouter/ExpoRouter.modulemap -Xcc -fmodule-map-file\=/Users/gumclaw/work/gp2974-device/ios/build/dd/Build/Products/Release-iphoneos/ExpoScreenOrientation/ExpoScreenOrientation.modulemap -Xcc -fmodule-map-file\=/Users/gumclaw/work/gp2974-device/ios/build/dd/Build/Products/Release-iphoneos/ExpoSecureStore/ExpoSecureStore.modulemap -Xcc -fmodule-map-file\=/Users/gumclaw/work/gp2974-device/ios/build/dd/Build/Products/Release-iphoneos/ExpoSharing/ExpoSharing.modulemap -Xcc -fmodule-map-file\=/Users/gumclaw/work/gp2974-device/ios/build/dd/Build/Products/Release-iphoneos/ExpoSplashScreen/ExpoSplashScreen.modulemap -Xcc -fmodule-map-file\=/Users/gumclaw/work/gp2974-device/ios/build/dd/Build/Products/Release-iphoneos/ExpoSymbols/ExpoSymbols.modulemap -Xcc -fmodule-map-file\=/Users/gumclaw/work/gp2974-device/ios/build/dd/Build/Products/Release-iphoneos/ExpoSystemUI/ExpoSystemUI.modulemap -Xcc -fmodule-map-file\=/Users/gumclaw/work/gp2974-device/ios/build/dd/Build/Products/Release-iphoneos/ExpoTaskManager/ExpoTaskManager.modulemap -Xcc -fmodule-map-file\=/Users/gumclaw/work/gp2974-device/ios/build/dd/Build/Products/Release-iphoneos/ExpoUI/ExpoUI.modulemap -Xcc -fmodule-map-file\=/Users/gumclaw/work/gp2974-device/ios/build/dd/Build/Products/Release-iphoneos/ExpoVideo/ExpoVideo.modulemap -Xcc -fmodule-map-file\=/Users/gumclaw/work/gp2974-device/ios/build/dd/Build/Products/Release-iphoneos/ExpoWebBrowser/ExpoWebBrowser.modulemap -Xcc -fmodule-map-file\=/Users/gumclaw/work/gp2974-device/ios/build/dd/Build/Products/Release-iphoneos/ExpoWidgets/ExpoWidgets.modulemap -Xcc -fmodule-map-file\=/Users/gumclaw/work/gp2974-device/ios/build/dd/Build/Products/Release-iphoneos/PdfThumbnail/PdfThumbnail.modulemap -Xcc -fmodule-map-file\=/Users/gumclaw/work/gp2974-device/ios/build/dd/Build/Products/Release-iphoneos/RCTSwiftUI/RCTSwiftUI.modulemap -Xcc -fmodule-map-file\=/Users/gumclaw/work/gp2974-device/ios/build/dd/Build/Products/Release-iphoneos/RNScreens/RNScreens.modulemap -Xcc -fmodule-map-file\=/Users/gumclaw/work/gp2974-device/ios/build/dd/Build/Products/Release-iphoneos/Sentry/Sentry.modulemap -Xcc -fmodule-map-file\=/Users/gumclaw/work/gp2974-device/ios/build/dd/Build/Products/Release-iphoneos/SwiftAudioEx/SwiftAudioEx.modulemap -Xcc -fmodule-map-file\=/Users/gumclaw/work/gp2974-device/ios/build/dd/Build/Products/Release-iphoneos/expo-dev-menu-interface/EXDevMenuInterface.modulemap -Xcc -fmodule-map-file\=/Users/gumclaw/work/gp2974-device/ios/build/dd/Build/Products/Release-iphoneos/react-native-track-player/react_native_track_player.modulemap -Xcc -fmodule-map-file\=/Users/gumclaw/work/gp2974-device/ios/Pods/Headers/Private/SDWebImageSVGCoder/SDWebImageSVGCoder.modulemap -Xcc -fmodule-map-file\=/Users/gumclaw/work/gp2974-device/ios/Pods/Headers/Private/SDWebImageWebPCoder/SDWebImageWebPCoder.modulemap -Xcc -fmodule-map-file\=/Users/gumclaw/work/gp2974-device/ios/Pods/Headers/Public/EXJSONUtils/EXJSONUtils.modulemap -Xcc -fmodule-map-file\=/Users/gumclaw/work/gp2974-device/ios/Pods/Headers/Public/ExpoModulesJSI/ExpoModulesJSI.modulemap -Xcc -fmodule-map-file\=/Users/gumclaw/work/gp2974-device/ios/Pods/Headers/Public/RNReanimated/RNReanimated.modulemap -Xcc -fmodule-map-file\=/Users/gumclaw/work/gp2974-device/ios/Pods/Headers/Public/RNWorklets/RNWorklets.modulemap -Xcc -fmodule-map-file\=/Users/gumclaw/work/gp2974-device/ios/Pods/Headers/Public/ReactAppDependencyProvider/ReactAppDependencyProvider.modulemap -Xcc -fmodule-map-file\=/Users/gumclaw/work/gp2974-device/ios/Pods/Headers/Public/ReactCodegen/ReactCodegen.modulemap -Xcc -fmodule-map-file\=/Users/gumclaw/work/gp2974-device/ios/Pods/Headers/Public/SDWebImage/SDWebImage.modulemap -Xcc -fmodule-map-file\=/Users/gumclaw/work/gp2974-device/ios/Pods/Headers/Public/SDWebImageAVIFCoder/SDWebImageAVIFCoder.modulemap -Xcc -fmodule-map-file\=/Users/gumclaw/work/gp2974-device/ios/Pods/Headers/Public/UMAppLoader/UMAppLoader.modulemap -Xcc -fmodule-map-file\=/Users/gumclaw/work/gp2974-device/ios/Pods/Headers/Public/libavif/libavif.modulemap -D EXPO_CONFIGURATION_RELEASE -enable-bare-slash-regex -enable-experimental-feature DebugDescriptionMacro -sdk /Applications/Xcode.app/Contents/Developer/Platforms/iPhoneOS.platform/Developer/SDKs/iPhoneOS27.0.sdk -target arm64-apple-ios16.2 -g -module-cache-path /Users/gumclaw/work/gp2974-device/ios/build/dd/ModuleCache.noindex -Xfrontend -serialize-debugging-options -swift-version 5 -I /Users/gumclaw/work/gp2974-device/ios/build/dd/Build/Products/Release-iphoneos -I /Users/gumclaw/work/gp2974-device/ios/build/dd/Build/Products/Release-iphoneos/EXApplication -I /Users/gumclaw/work/gp2974-device/ios/build/dd/Build/Products/Release-iphoneos/EXConstants -I /Users/gumclaw/work/gp2974-device/ios/build/dd/Build/Products/Release-iphoneos/EXManifests -I /Users/gumclaw/work/gp2974-device/ios/build/dd/Build/Products/Release-iphoneos/EXUpdatesInterface -I /Users/gumclaw/work/gp2974-device/ios/build/dd/Build/Products/Release-iphoneos/Expo -I /Users/gumclaw/work/gp2974-device/ios/build/dd/Build/Products/Release-iphoneos/ExpoAsset -I /Users/gumclaw/work/gp2974-device/ios/build/dd/Build/Products/Release-iphoneos/ExpoBackgroundFetch -I /Users/gumclaw/work/gp2974-device/ios/build/dd/Build/Products/Release-iphoneos/ExpoCrypto -I /Users/gumclaw/work/gp2974-device/ios/build/dd/Build/Products/Release-iphoneos/ExpoDomWebView -I /Users/gumclaw/work/gp2974-device/ios/build/dd/Build/Products/Release-iphoneos/ExpoFileSystem -I /Users/gumclaw/work/gp2974-device/ios/build/dd/Build/Products/Release-iphoneos/ExpoFont -I /Users/gumclaw/work/gp2974-device/ios/build/dd/Build/Products/Release-iphoneos/ExpoGlassEffect -I /Users/gumclaw/work/gp2974-device/ios/build/dd/Build/Products/Release-iphoneos/ExpoHaptics -I /Users/gumclaw/work/gp2974-device/ios/build/dd/Build/Products/Release-iphoneos/ExpoImage -I /Users/gumclaw/work/gp2974-device/ios/build/dd/Build/Products/Release-iphoneos/ExpoKeepAwake -I /Users/gumclaw/work/gp2974-device/ios/build/dd/Build/Products/Release-iphoneos/ExpoLinking -I /Users/gumclaw/work/gp2974-device/ios/build/dd/Build/Products/Release-iphoneos/ExpoLogBox -I /Users/gumclaw/work/gp2974-device/ios/build/dd/Build/Products/Release-iphoneos/ExpoModulesCore -I /Users/gumclaw/work/gp2974-device/ios/build/dd/Build/Products/Release-iphoneos/ExpoNotifications -I /Users/gumclaw/work/gp2974-device/ios/build/dd/Build/Products/Release-iphoneos/ExpoRouter -I /Users/gumclaw/work/gp2974-device/ios/build/dd/Build/Products/Release-iphoneos/ExpoScreenOrientation -I /Users/gumclaw/work/gp2974-device/ios/build/dd/Build/Products/Release-iphoneos/ExpoSecureStore -I /Users/gumclaw/work/gp2974-device/ios/build/dd/Build/Products/Release-iphoneos/ExpoSharing -I /Users/gumclaw/work/gp2974-device/ios/build/dd/Build/Products/Release-iphoneos/ExpoSplashScreen -I /Users/gumclaw/work/gp2974-device/ios/build/dd/Build/Products/Release-iphoneos/ExpoSymbols -I /Users/gumclaw/work/gp2974-device/ios/build/dd/Build/Products/Release-iphoneos/ExpoSystemUI -I /Users/gumclaw/work/gp2974-device/ios/build/dd/Build/Products/Release-iphoneos/ExpoTaskManager -I /Users/gumclaw/work/gp2974-device/ios/build/dd/Build/Products/Release-iphoneos/ExpoUI -I /Users/gumclaw/work/gp2974-device/ios/build/dd/Build/Products/Release-iphoneos/ExpoVideo -I /Users/gumclaw/work/gp2974-device/ios/build/dd/Build/Products/Release-iphoneos/ExpoWebBrowser -I /Users/gumclaw/work/gp2974-device/ios/build/dd/Build/Products/Release-iphoneos/ExpoWidgets -I /Users/gumclaw/work/gp2974-device/ios/build/dd/Build/Products/Release-iphoneos/PdfThumbnail -I /Users/gumclaw/work/gp2974-device/ios/build/dd/Build/Products/Release-iphoneos/RCTSwiftUI -I /Users/gumclaw/work/gp2974-device/ios/build/dd/Build/Products/Release-iphoneos/RNScreens -I /Users/gumclaw/work/gp2974-device/ios/build/dd/Build/Products/Release-iphoneos/Sentry -I /Users/gumclaw/work/gp2974-device/ios/build/dd/Build/Products/Release-iphoneos/SwiftAudioEx -I /Users/gumclaw/work/gp2974-device/ios/build/dd/Build/Products/Release-iphoneos/expo-dev-menu-interface -I /Users/gumclaw/work/gp2974-device/ios/build/dd/Build/Products/Release-iphoneos/react-native-track-player -F /Users/gumclaw/work/gp2974-device/ios/build/dd/Build/Products/Release-iphoneos -F /Users/gumclaw/work/gp2974-device/ios/Pods/React-Core-prebuilt -F /Users/gumclaw/work/gp2974-device/ios/Pods/ReactNativeDependencies/framework/packages/react-native -F /Users/gumclaw/work/gp2974-device/ios/Pods/hermes-engine/destroot/Library/Frameworks/universal -F /Users/gumclaw/work/gp2974-device/ios/build/dd/Build/Products/Release-iphoneos/XCFrameworkIntermediates/React-Core-prebuilt -F /Users/gumclaw/work/gp2974-device/ios/build/dd/Build/Products/Release-iphoneos/XCFrameworkIntermediates/ReactNativeDependencies -F /Users/gumclaw/work/gp2974-device/ios/build/dd/Build/Products/Release-iphoneos/XCFrameworkIntermediates/hermes-engine/Pre-built -c -j16 -enable-batch-mode -incremental -Xcc -ivfsstatcache -Xcc /Users/gumclaw/work/gp2974-device/ios/build/dd/SDKStatCaches.noindex/iphoneos27.0-24A430-6c78b3cbc238196c85e1bf6c792c5915.sdkstatcache -output-file-map /Users/gumclaw/work/gp2974-device/ios/build/dd/Build/Intermediates.noindex/Gumroad.build/Release-iphoneos/Gumroad.build/Objects-normal/arm64/Gumroad-OutputFileMap.json -save-temps -no-color-diagnostics -emit-dependencies -emit-module -emit-module-path /Users/gumclaw/work/gp2974-device/ios/build/dd/Build/Intermediates.noindex/Gumroad.build/Release-iphoneos/Gumroad.build/Objects-normal/arm64/Gumroad.swiftmodule -serialize-diagnostics -validate-clang-modules-once -clang-build-session-file /Users/gumclaw/work/gp2974-device/ios/build/dd/ModuleCache.noindex/Session.modulevalidation -Xcc -fmodules-prune-interval\=86400 -Xcc -fmodules-prune-after\=345600 -emit-const-values -const-gather-protocols-list /Users/gumclaw/work/gp2974-device/ios/build/dd/Build/Intermediates.noindex/Gumroad.build/Release-iphoneos/Gumroad.build/Objects-normal/arm64/Gumroad_const_extract_protocols.json -Xcc -iquote -Xcc /Users/gumclaw/work/gp2974-device/ios/build/dd/Build/Intermediates.noindex/Gumroad.build/Release-iphoneos/Gumroad.build/Gumroad-generated-files.hmap -Xcc -I/Users/gumclaw/work/gp2974-device/ios/build/dd/Build/Intermediates.noindex/Gumroad.build/Release-iphoneos/Gumroad.build/Gumroad-own-target-headers.hmap -Xcc -I/Users/gumclaw/work/gp2974-device/ios/build/dd/Build/Intermediates.noindex/Gumroad.build/Release-iphoneos/Gumroad.build/Gumroad-all-non-framework-target-headers.hmap -Xcc -ivfsoverlay -Xcc /Users/gumclaw/work/gp2974-device/ios/build/dd/Build/Intermediates.noindex/Gumroad.build/Release-iphoneos/Gumroad-88889b1882ab139fbc4ce6147f23b038-VFS-iphoneos/all-product-headers.yaml -Xcc -iquote -Xcc /Users/gumclaw/work/gp2974-device/ios/build/dd/Build/Intermediates.noindex/Gumroad.build/Release-iphoneos/Gumroad.build/Gumroad-project-headers.hmap -Xcc -I/Users/gumclaw/work/gp2974-device/ios/build/dd/Build/Products/Release-iphoneos/include -Xcc -I/Users/gumclaw/work/gp2974-device/ios/Pods/Headers/Public -Xcc -I/Users/gumclaw/work/gp2974-device/ios/Pods/Headers/Public/BVLinearGradient -Xcc -I/Users/gumclaw/work/gp2974-device/ios/Pods/Headers/Public/EXApplication -Xcc -I/Users/gumclaw/work/gp2974-device/ios/Pods/Headers/Public/EXConstants -Xcc -I/Users/gumclaw/work/gp2974-device/ios/Pods/Headers/Public/EXJSONUtils -Xcc -I/Users/gumclaw/work/gp2974-device/ios/Pods/Headers/Public/Expo -Xcc -I/Users/gumclaw/work/gp2974-device/ios/Pods/Headers/Public/ExpoFileSystem -Xcc -I/Users/gumclaw/work/gp2974-device/ios/Pods/Headers/Public/ExpoModulesCore -Xcc -I/Users/gumclaw/work/gp2974-device/ios/Pods/Headers/Public/ExpoModulesJSI -Xcc -I/Users/gumclaw/work/gp2974-device/ios/Pods/Headers/Public/ExpoScreenOrientation -Xcc -I/Users/gumclaw/work/gp2974-device/ios/Pods/Headers/Public/ExpoTaskManager -Xcc -I/Users/gumclaw/work/gp2974-device/ios/Pods/Headers/Public/ExpoUI -Xcc -I/Users/gumclaw/work/gp2974-device/ios/Pods/Headers/Public/FBLazyVector -Xcc -I/Users/gumclaw/work/gp2974-device/ios/Pods/Headers/Public/RCTDeprecation -Xcc -I/Users/gumclaw/work/gp2974-device/ios/Pods/Headers/Public/RCTRequired -Xcc -I/Users/gumclaw/work/gp2974-device/ios/Pods/Headers/Public/RCTSwiftUIWrapper -Xcc -I/Users/gumclaw/work/gp2974-device/ios/Pods/Headers/Public/RCTTypeSafety -Xcc -I/Users/gumclaw/work/gp2974-device/ios/Pods/Headers/Public/RNGestureHandler -Xcc -I/Users/gumclaw/work/gp2974-device/ios/Pods/Headers/Public/RNReanimated -Xcc -I/Users/gumclaw/work/gp2974-device/ios/Pods/Headers/Public/RNSVG -Xcc -I/Users/gumclaw/work/gp2974-device/ios/Pods/Headers/Public/RNScreens -Xcc -I/Users/gumclaw/work/gp2974-device/ios/Pods/Headers/Public/RNSentry -Xcc -I/Users/gumclaw/work/gp2974-device/ios/Pods/Headers/Public/RNWorklets -Xcc -I/Users/gumclaw/work/gp2974-device/ios/Pods/Headers/Public/React-Core -Xcc -I/Users/gumclaw/work/gp2974-device/ios/Pods/Headers/Public/React-Core-prebuilt -Xcc -I/Users/gumclaw/work/gp2974-device/ios/Pods/Headers/Public/React-CoreModules -Xcc -I/Users/gumclaw/work/gp2974-device/ios/Pods/Headers/Public/React-Fabric -Xcc -I/Users/gumclaw/work/gp2974-device/ios/Pods/Headers/Public/React-FabricComponents -Xcc -I/Users/gumclaw/work/gp2974-device/ios/Pods/Headers/Public/React-FabricImage -Xcc -I/Users/gumclaw/work/gp2974-device/ios/Pods/Headers/Public/React-ImageManager -Xcc -I/Users/gumclaw/work/gp2974-device/ios/Pods/Headers/Public/React-Mapbuffer -Xcc -I/Users/gumclaw/work/gp2974-device/ios/Pods/Headers/Public/React-NativeModulesApple -Xcc -I/Users/gumclaw/work/gp2974-device/ios/Pods/Headers/Public/React-RCTAnimation -Xcc -I/Users/gumclaw/work/gp2974-device/ios/Pods/Headers/Public/React-RCTAppDelegate -Xcc -I/Users/gumclaw/work/gp2974-device/ios/Pods/Headers/Public/React-RCTBlob -Xcc -I/Users/gumclaw/work/gp2974-device/ios/Pods/Headers/Public/React-RCTFBReactNativeSpec -Xcc -I/Users/gumclaw/work/gp2974-device/ios/Pods/Headers/Public/React-RCTFabric -Xcc -I/Users/gumclaw/work/gp2974-device/ios/Pods/Headers/Public/React-RCTImage -Xcc -I/Users/gumclaw/work/gp2974-device/ios/Pods/Headers/Public/React-RCTRuntime -Xcc -I/Users/gumclaw/work/gp2974-device/ios/Pods/Headers/Public/React-RCTSettings -Xcc -I/Users/gumclaw/work/gp2974-device/ios/Pods/Headers/Public/React-RCTText -Xcc -I/Users/gumclaw/work/gp2974-device/ios/Pods/Headers/Public/React-RCTVibration -Xcc -I/Users/gumclaw/work/gp2974-device/ios/Pods/Headers/Public/React-RuntimeApple -Xcc -I/Users/gumclaw/work/gp2974-device/ios/Pods/Headers/Public/React-RuntimeCore -Xcc -I/Users/gumclaw/work/gp2974-device/ios/Pods/Headers/Public/React-RuntimeHermes -Xcc -I/Users/gumclaw/work/gp2974-device/ios/Pods/Headers/Public/React-callinvoker -Xcc -I/Users/gumclaw/work/gp2974-device/ios/Pods/Headers/Public/React-cxxreact -Xcc -I/Users/gumclaw/work/gp2974-device/ios/Pods/Headers/Public/React-debug -Xcc -I/Users/gumclaw/work/gp2974-device/ios/Pods/Headers/Public/React-defaultsnativemodule -Xcc -I/Users/gumclaw/work/gp2974-device/ios/Pods/Headers/Public/React-domnativemodule -Xcc -I/Users/gumclaw/work/gp2974-device/ios/Pods/Headers/Public/React-featureflags -Xcc -I/Users/gumclaw/work/gp2974-device/ios/Pods/Headers/Public/React-featureflagsnativemodule -Xcc -I/Users/gumclaw/work/gp2974-device/ios/Pods/Headers/Public/React-graphics -Xcc -I/Users/gumclaw/work/gp2974-device/ios/Pods/Headers/Public/React-hermes -Xcc -I/Users/gumclaw/work/gp2974-device/ios/Pods/Headers/Public/React-idlecallbacksnativemodule -Xcc -I/Users/gumclaw/work/gp2974-device/ios/Pods/Headers/Public/React-intersectionobservernativemodule -Xcc -I/Users/gumclaw/work/gp2974-device/ios/Pods/Headers/Public/React-jserrorhandler -Xcc -I/Users/gumclaw/work/gp2974-device/ios/Pods/Headers/Public/React-jsi -Xcc -I/Users/gumclaw/work/gp2974-device/ios/Pods/Headers/Public/React-jsiexecutor -Xcc -I/Users/gumclaw/work/gp2974-device/ios/Pods/Headers/Public/React-jsinspector -Xcc -I/Users/gumclaw/work/gp2974-device/ios/Pods/Headers/Public/React-jsinspectorcdp -Xcc -I/Users/gumclaw/work/gp2974-device/ios/Pods/Headers/Public/React-jsinspectornetwork -Xcc -I/Users/gumclaw/work/gp2974-device/ios/Pods/Headers/Public/React-jsinspectortracing -Xcc -I/Users/gumclaw/work/gp2974-device/ios/Pods/Headers/Public/React-jsitooling -Xcc -I/Users/gumclaw/work/gp2974-device/ios/Pods/Headers/Public/React-logger -Xcc -I/Users/gumclaw/work/gp2974-device/ios/Pods/Headers/Public/React-microtasksnativemodule -Xcc -I/Users/gumclaw/work/gp2974-device/ios/Pods/Headers/Public/React-networking -Xcc -I/Users/gumclaw/work/gp2974-device/ios/Pods/Headers/Public/React-oscompat -Xcc -I/Users/gumclaw/work/gp2974-device/ios/Pods/Headers/Public/React-perflogger -Xcc -I/Users/gumclaw/work/gp2974-device/ios/Pods/Headers/Public/React-performancecdpmetrics -Xcc -I/Users/gumclaw/work/gp2974-device/ios/Pods/Headers/Public/React-performancetimeline -Xcc -I/Users/gumclaw/work/gp2974-device/ios/Pods/Headers/Public/React-rendererconsistency -Xcc -I/Users/gumclaw/work/gp2974-device/ios/Pods/Headers/Public/React-renderercss -Xcc -I/Users/gumclaw/work/gp2974-device/ios/Pods/Headers/Public/React-rendererdebug -Xcc -I/Users/gumclaw/work/gp2974-device/ios/Pods/Headers/Public/React-runtimeexecutor -Xcc -I/Users/gumclaw/work/gp2974-device/ios/Pods/Headers/Public/React-runtimescheduler -Xcc -I/Users/gumclaw/work/gp2974-device/ios/Pods/Headers/Public/React-timing -Xcc -I/Users/gumclaw/work/gp2974-device/ios/Pods/Headers/Public/React-utils -Xcc -I/Users/gumclaw/work/gp2974-device/ios/Pods/Headers/Public/React-webperformancenativemodule -Xcc -I/Users/gumclaw/work/gp2974-device/ios/Pods/Headers/Public/ReactAppDependencyProvider -Xcc -I/Users/gumclaw/work/gp2974-device/ios/Pods/Headers/Public/ReactCodegen -Xcc -I/Users/gumclaw/work/gp2974-device/ios/Pods/Headers/Public/ReactCommon -Xcc -I/Users/gumclaw/work/gp2974-device/ios/Pods/Headers/Public/ReactNativeDependencies -Xcc -I/Users/gumclaw/work/gp2974-device/ios/Pods/Headers/Public/SDWebImage -Xcc -I/Users/gumclaw/work/gp2974-device/ios/Pods/Headers/Public/SDWebImageAVIFCoder -Xcc -I/Users/gumclaw/work/gp2974-device/ios/Pods/Headers/Public/SDWebImageSVGCoder -Xcc -I/Users/gumclaw/work/gp2974-device/ios/Pods/Headers/Public/SDWebImageWebPCoder -Xcc -I/Users/gumclaw/work/gp2974-device/ios/Pods/Headers/Public/Sentry -Xcc -I/Users/gumclaw/work/gp2974-device/ios/Pods/Headers/Public/UMAppLoader -Xcc -I/Users/gumclaw/work/gp2974-device/ios/Pods/Headers/Public/Yoga -Xcc -I/Users/gumclaw/work/gp2974-device/ios/Pods/Headers/Public/expo-dev-launcher -Xcc -I/Users/gumclaw/work/gp2974-device/ios/Pods/Headers/Public/expo-dev-menu -Xcc -I/Users/gumclaw/work/gp2974-device/ios/Pods/Headers/Public/hermes-engine -Xcc -I/Users/gumclaw/work/gp2974-device/ios/Pods/Headers/Public/libavif -Xcc -I/Users/gumclaw/work/gp2974-device/ios/Pods/Headers/Public/libdav1d -Xcc -I/Users/gumclaw/work/gp2974-device/ios/Pods/Headers/Public/libwebp -Xcc -I/Users/gumclaw/work/gp2974-device/ios/Pods/Headers/Public/react-native-blob-util -Xcc -I/Users/gumclaw/work/gp2974-device/ios/Pods/Headers/Public/react-native-context-menu-view -Xcc -I/Users/gumclaw/work/gp2974-device/ios/Pods/Headers/Public/react-native-pdf -Xcc -I/Users/gumclaw/work/gp2974-device/ios/Pods/Headers/Public/react-native-safe-area-context -Xcc -I/Users/gumclaw/work/gp2974-device/ios/Pods/Headers/Public/react-native-webview -Xcc -I/Users/gumclaw/work/gp2974-device/ios/build/dd/Build/Products/Release-iphoneos/EXManifests/Swift\ Compatibility\ Header -Xcc -I/Users/gumclaw/work/gp2974-device/ios/build/dd/Build/Products/Release-iphoneos/EXUpdatesInterface/Swift\ Compatibility\ Header -Xcc -I/Users/gumclaw/work/gp2974-device/ios/build/dd/Build/Products/Release-iphoneos/Expo/Swift\ Compatibility\ Header -Xcc -I/Users/gumclaw/work/gp2974-device/ios/Pods/Headers/Private/Yoga -Xcc -I/Users/gumclaw/work/gp2974-device/ios/build/dd/Build/Products/Release-iphoneos/ExpoModulesCore/Swift\ Compatibility\ Header -Xcc -I/Users/gumclaw/work/gp2974-device/ios/Pods/Headers/Private/Yoga -Xcc -I/Users/gumclaw/work/gp2974-device/ios/build/dd/Build/Products/Release-iphoneos/ExpoScreenOrientation/Swift\ Compatibility\ Header -Xcc -I/Users/gumclaw/work/gp2974-device/ios/Pods/boost -Xcc -I/Users/gumclaw/work/gp2974-device/ios/Pods/boost-for-react-native -Xcc -I/Users/gumclaw/work/gp2974-device/ios/Pods/glog -Xcc -I/Users/gumclaw/work/gp2974-device/ios/Pods/RCT-Folly -Xcc -I/Users/gumclaw/work/gp2974-device/ios/Pods/Headers/Public/React-hermes -Xcc -I/Users/gumclaw/work/gp2974-device/ios/Pods/Headers/Public/hermes-engine -Xcc -I/Users/gumclaw/work/gp2974-device/ios/Pods/Headers/Public/RNWorklets -Xcc -I/Users/gumclaw/work/gp2974-device/node_modules/react-native/ReactCommon -Xcc -I/Users/gumclaw/work/gp2974-device/node_modules/react-native-reanimated/apple -Xcc -I/Users/gumclaw/work/gp2974-device/node_modules/react-native-reanimated/Common/cpp -Xcc -I/Users/gumclaw/work/gp2974-device/node_modules/react-native-reanimated/Common/NativeView -Xcc -I/Users/gumclaw/work/gp2974-device/node_modules/react-native-worklets/apple -Xcc -I/Users/gumclaw/work/gp2974-device/node_modules/react-native-worklets/Common/cpp -Xcc -I/Users/gumclaw/work/gp2974-device/ios/Pods/boost -Xcc -I/Users/gumclaw/work/gp2974-device/ios/Pods/boost-for-react-native -Xcc -I/Users/gumclaw/work/gp2974-device/ios/Pods/glog -Xcc -I/Users/gumclaw/work/gp2974-device/ios/Pods/RCT-Folly -Xcc -I/Users/gumclaw/work/gp2974-device/ios/Pods/Headers/Public/React-hermes -Xcc -I/Users/gumclaw/work/gp2974-device/ios/Pods/Headers/Public/hermes-engine -Xcc -I/Users/gumclaw/work/gp2974-device/node_modules/react-native/ReactCommon -Xcc -I/Users/gumclaw/work/gp2974-device/node_modules/react-native-worklets/apple -Xcc -I/Users/gumclaw/work/gp2974-device/node_modules/react-native-worklets/Common/cpp -Xcc -I/Users/gumclaw/work/gp2974-device/ios/Pods/Headers/Private/React-Core -Xcc -I/Users/gumclaw/work/gp2974-device/ios/Pods/Headers/Private/React-Core -Xcc -I/Users/gumclaw/work/gp2974-device/ios/Pods/Headers/Private/Yoga -Xcc -I/Users/gumclaw/work/gp2974-device/ios/build/dd/Build/Products/Release-iphoneos/expo-dev-menu-interface/Swift\ Compatibility\ Header -Xcc -I/Users/gumclaw/work/gp2974-device/ios/build/dd/Build/Intermediates.noindex/Gumroad.build/Release-iphoneos/Gumroad.build/DerivedSources-normal/arm64 -Xcc -I/Users/gumclaw/work/gp2974-device/ios/build/dd/Build/Intermediates.noindex/Gumroad.build/Release-iphoneos/Gumroad.build/DerivedSources/arm64 -Xcc -I/Users/gumclaw/work/gp2974-device/ios/build/dd/Build/Intermediates.noindex/Gumroad.build/Release-iphoneos/Gumroad.build/DerivedSources -Xcc -DCOCOAPODS\=1 -Xcc -DSD_WEBP\=1 -emit-objc-header -emit-objc-header-path /Users/gumclaw/work/gp2974-device/ios/build/dd/Build/Intermediates.noindex/Gumroad.build/Release-iphoneos/Gumroad.build/Objects-normal/arm64/Gumroad-Swift.h -import-objc-header /Users/gumclaw/work/gp2974-device/ios/Gumroad/Gumroad-Bridging-Header.h -pch-output-dir /Users/gumclaw/work/gp2974-device/ios/build/dd/Build/Intermediates.noindex/PrecompiledHeaders -working-directory /Users/gumclaw/work/gp2974-device/ios -experimental-emit-module-separately -disable-cmo

SwiftGeneratePch normal arm64 Compiling\ bridging\ header (in target 'Gumroad' from project 'Gumroad')

SwiftCompile normal arm64 (in target 'Gumroad' from project 'Gumroad')
    cd /Users/gumclaw/work/gp2974-device/ios
    

SwiftDriverJobDiscovery normal arm64 Compiling bridging header (in target 'Gumroad' from project 'Gumroad')

SwiftEmitModule normal arm64 Emitting\ module\ for\ Gumroad (in target 'Gumroad' from project 'Gumroad')

SwiftCompile normal arm64 (in target 'Gumroad' from project 'Gumroad')
    cd /Users/gumclaw/work/gp2974-device/ios
    

/Users/gumclaw/work/gp2974-device/ios/build/dd/Build/Products/Release-iphoneos/Expo/Expo.swiftmodule/arm64-apple-ios.swiftmodule:1:1: warning: reference to type 'INIntent' broken by a context change; 'INIntent' was expected to be in 'UIKit', but now a candidate is found only in 'Intents'
1 | UIKit.INIntent
  | |- warning: reference to type 'INIntent' broken by a context change; 'INIntent' was expected to be in 'UIKit', but now a candidate is found only in 'Intents'
  | |- note: the type was expected to be found in module 'UIKit' at '/Applications/Xcode.app/Contents/Developer/Platforms/iPhoneOS.platform/Developer/SDKs/iPhoneOS27.0.sdk/System/Library/Frameworks/UIKit.framework/Modules/UIKit.swiftmodule/arm64e-apple-ios.swiftinterface'
  | |- note: or expected to be found in the underlying module 'UIKit' defined at '/Applications/Xcode.app/Contents/Developer/Platforms/iPhoneOS.platform/Developer/SDKs/iPhoneOS27.0.sdk/System/Library/Frameworks/UIKit.framework/Modules/module.modulemap'
  | |- note: the type was actually found in module 'Intents' at '/Applications/Xcode.app/Contents/Developer/Platforms/iPhoneOS.platform/Developer/SDKs/iPhoneOS27.0.sdk/usr/lib/swift/Intents.swiftmodule/arm64e-apple-ios.swiftinterface'
  | |- note: the module 'Expo' was built with a Swift language version set to 6.4 while the current invocation uses 5.10; APINotes may change how clang declarations are imported
  | `- note: declarations in the underlying clang module 'UIKit' may be hidden by clang preprocessor macros
<unknown>:0: note: attempting to recover from the previous modularization issue
/Users/gumclaw/work/gp2974-device/ios/build/dd/Build/Products/Release-iphoneos/Expo/Expo.swiftmodule/arm64-apple-ios.swiftmodule:1:1: warning: reference to type 'INIntentResponse' broken by a context change; 'INIntentResponse' was expected to be in 'UIKit', but now a candidate is found only in 'Intents'
1 | UIKit.INIntentResponse
  | |- warning: reference to type 'INIntentResponse' broken by a context change; 'INIntentResponse' was expected to be in 'UIKit', but now a candidate is found only in 'Intents'
  | |- note: the type was expected to be found in module 'UIKit' at '/Applications/Xcode.app/Contents/Developer/Platforms/iPhoneOS.platform/Developer/SDKs/iPhoneOS27.0.sdk/System/Library/Frameworks/UIKit.framework/Modules/UIKit.swiftmodule/arm64e-apple-ios.swiftinterface'
  | |- note: or expected to be found in the underlying module 'UIKit' defined at '/Applications/Xcode.app/Contents/Developer/Platforms/iPhoneOS.platform/Developer/SDKs/iPhoneOS27.0.sdk/System/Library/Frameworks/UIKit.framework/Modules/module.modulemap'
  | |- note: the type was actually found in module 'Intents' at '/Applications/Xcode.app/Contents/Developer/Platforms/iPhoneOS.platform/Developer/SDKs/iPhoneOS27.0.sdk/usr/lib/swift/Intents.swiftmodule/arm64e-apple-ios.swiftinterface'
  | |- note: the module 'Expo' was built with a Swift language version set to 6.4 while the current invocation uses 5.10; APINotes may change how clang declarations are imported
  | `- note: declarations in the underlying clang module 'UIKit' may be hidden by clang preprocessor macros
<unknown>:0: note: attempting to recover from the previous modularization issue
/Users/gumclaw/work/gp2974-device/ios/build/dd/Build/Products/Release-iphoneos/Expo/Expo.swiftmodule/arm64-apple-ios.swiftmodule:1:1: warning: reference to type 'CKShareMetadata' broken by a context change; 'CKShareMetadata' was expected to be in 'UIKit', but now a candidate is found only in 'CloudKit'
1 | UIKit.CKShareMetadata
  | |- warning: reference to type 'CKShareMetadata' broken by a context change; 'CKShareMetadata' was expected to be in 'UIKit', but now a candidate is found only in 'CloudKit'
  | |- note: the type was expected to be found in module 'UIKit' at '/Applications/Xcode.app/Contents/Developer/Platforms/iPhoneOS.platform/Developer/SDKs/iPhoneOS27.0.sdk/System/Library/Frameworks/UIKit.framework/Modules/UIKit.swiftmodule/arm64e-apple-ios.swiftinterface'
  | |- note: or expected to be found in the underlying module 'UIKit' defined at '/Applications/Xcode.app/Contents/Developer/Platforms/iPhoneOS.platform/Developer/SDKs/iPhoneOS27.0.sdk/System/Library/Frameworks/UIKit.framework/Modules/module.modulemap'
  | |- note: the type was actually found in module 'CloudKit' at '/Applications/Xcode.app/Contents/Developer/Platforms/iPhoneOS.platform/Developer/SDKs/iPhoneOS27.0.sdk/System/Library/Frameworks/CloudKit.framework/Modules/CloudKit.swiftmodule/arm64e-apple-ios.swiftinterface'
  | |- note: the module 'Expo' was built with a Swift language version set to 6.4 while the current invocation uses 5.10; APINotes may change how clang declarations are imported
  | `- note: declarations in the underlying clang module 'UIKit' may be hidden by clang preprocessor macros
<unknown>:0: note: attempting to recover from the previous modularization issue
SwiftCompile normal arm64 Compiling\ ExpoModulesProvider.swift /Users/gumclaw/work/gp2974-device/ios/Pods/Target\ Support\ Files/Pods-Gumroad/ExpoModulesProvider.swift (in target 'Gumroad' from project 'Gumroad')
/Users/gumclaw/work/gp2974-device/ios/build/dd/Build/Products/Release-iphoneos/ExpoTaskManager/ExpoTaskManager.swiftmodule/arm64-apple-ios.swiftmodule:1:1: warning: reference to type 'EXTaskManagerInterface' broken by a context change; 'EXTaskManagerInterface' was expected to be in 'ExpoTaskManager', but now a candidate is found only in 'Expo'
1 | ExpoTaskManager.EXTaskManagerInterface
  | |- warning: reference to type 'EXTaskManagerInterface' broken by a context change; 'EXTaskManagerInterface' was expected to be in 'ExpoTaskManager', but now a candidate is found only in 'Expo'
  | |- note: the type was expected to be found in module 'ExpoTaskManager' at '/Users/gumclaw/work/gp2974-device/ios/build/dd/Build/Products/Release-iphoneos/ExpoTaskManager/ExpoTaskManager.modulemap'
  | |- note: the type was actually found in module 'Expo' at '/Users/gumclaw/work/gp2974-device/ios/build/dd/Build/Products/Release-iphoneos/Expo/Expo.swiftmodule/arm64-apple-ios.swiftmodule'
  | |- note: the module 'ExpoTaskManager' was built with a Swift language version set to 6.4 while the current invocation uses 5.10; APINotes may change how clang declarations are imported
  | |- note: declarations in the clang module 'ExpoTaskManager' may be hidden by clang preprocessor macros
  | `- note: the type 'EXTaskManagerInterface' moved between related modules; clang preprocessor macros may affect headers shared between these modules
<unknown>:0: note: attempting to recover from the previous modularization issue

SwiftCompile normal arm64 /Users/gumclaw/work/gp2974-device/ios/Pods/Target\ Support\ Files/Pods-Gumroad/ExpoModulesProvider.swift (in target 'Gumroad' from project 'Gumroad')
    cd /Users/gumclaw/work/gp2974-device/ios
    builtin-SwiftPerFileCompile ExpoModulesProvider.swift

SwiftDriverJobDiscovery normal arm64 Compiling ExpoModulesProvider.swift (in target 'Gumroad' from project 'Gumroad')

SwiftDriverJobDiscovery normal arm64 Emitting module for Gumroad (in target 'Gumroad' from project 'Gumroad')

SwiftDriver\ Compilation\ Requirements Gumroad normal arm64 com.apple.xcode.tools.swift.compiler (in target 'Gumroad' from project 'Gumroad')
    cd /Users/gumclaw/work/gp2974-device/ios
    builtin-Swift-Compilation-Requirements -- /Applications/Xcode.app/Contents/Developer/Toolchains/XcodeDefault.xctoolchain/usr/bin/swiftc -module-name Gumroad -O @/Users/gumclaw/work/gp2974-device/ios/build/dd/Build/Intermediates.noindex/Gumroad.build/Release-iphoneos/Gumroad.build/Objects-normal/arm64/Gumroad.SwiftFileList -D COCOAPODS -Xcc -fmodule-map-file\=/Users/gumclaw/work/gp2974-device/ios/build/dd/Build/Products/Release-iphoneos/EXApplication/EXApplication.modulemap -Xcc -fmodule-map-file\=/Users/gumclaw/work/gp2974-device/ios/build/dd/Build/Products/Release-iphoneos/EXConstants/EXConstants.modulemap -Xcc -fmodule-map-file\=/Users/gumclaw/work/gp2974-device/ios/build/dd/Build/Products/Release-iphoneos/EXManifests/EXManifests.modulemap -Xcc -fmodule-map-file\=/Users/gumclaw/work/gp2974-device/ios/build/dd/Build/Products/Release-iphoneos/EXUpdatesInterface/EXUpdatesInterface.modulemap -Xcc -fmodule-map-file\=/Users/gumclaw/work/gp2974-device/ios/build/dd/Build/Products/Release-iphoneos/Expo/Expo.modulemap -Xcc -fmodule-map-file\=/Users/gumclaw/work/gp2974-device/ios/build/dd/Build/Products/Release-iphoneos/ExpoAsset/ExpoAsset.modulemap -Xcc -fmodule-map-file\=/Users/gumclaw/work/gp2974-device/ios/build/dd/Build/Products/Release-iphoneos/ExpoBackgroundFetch/ExpoBackgroundFetch.modulemap -Xcc -fmodule-map-file\=/Users/gumclaw/work/gp2974-device/ios/build/dd/Build/Products/Release-iphoneos/ExpoCrypto/ExpoCrypto.modulemap -Xcc -fmodule-map-file\=/Users/gumclaw/work/gp2974-device/ios/build/dd/Build/Products/Release-iphoneos/ExpoDomWebView/ExpoDomWebView.modulemap -Xcc -fmodule-map-file\=/Users/gumclaw/work/gp2974-device/ios/build/dd/Build/Products/Release-iphoneos/ExpoFileSystem/ExpoFileSystem.modulemap -Xcc -fmodule-map-file\=/Users/gumclaw/work/gp2974-device/ios/build/dd/Build/Products/Release-iphoneos/ExpoFont/ExpoFont.modulemap -Xcc -fmodule-map-file\=/Users/gumclaw/work/gp2974-device/ios/build/dd/Build/Products/Release-iphoneos/ExpoGlassEffect/ExpoGlassEffect.modulemap -Xcc -fmodule-map-file\=/Users/gumclaw/work/gp2974-device/ios/build/dd/Build/Products/Release-iphoneos/ExpoHaptics/ExpoHaptics.modulemap -Xcc -fmodule-map-file\=/Users/gumclaw/work/gp2974-device/ios/build/dd/Build/Products/Release-iphoneos/ExpoImage/ExpoImage.modulemap -Xcc -fmodule-map-file\=/Users/gumclaw/work/gp2974-device/ios/build/dd/Build/Products/Release-iphoneos/ExpoKeepAwake/ExpoKeepAwake.modulemap -Xcc -fmodule-map-file\=/Users/gumclaw/work/gp2974-device/ios/build/dd/Build/Products/Release-iphoneos/ExpoLinking/ExpoLinking.modulemap -Xcc -fmodule-map-file\=/Users/gumclaw/work/gp2974-device/ios/build/dd/Build/Products/Release-iphoneos/ExpoLogBox/ExpoLogBox.modulemap -Xcc -fmodule-map-file\=/Users/gumclaw/work/gp2974-device/ios/build/dd/Build/Products/Release-iphoneos/ExpoModulesCore/ExpoModulesCore.modulemap -Xcc -fmodule-map-file\=/Users/gumclaw/work/gp2974-device/ios/build/dd/Build/Products/Release-iphoneos/ExpoNotifications/ExpoNotifications.modulemap -Xcc -fmodule-map-file\=/Users/gumclaw/work/gp2974-device/ios/build/dd/Build/Products/Release-iphoneos/ExpoRouter/ExpoRouter.modulemap -Xcc -fmodule-map-file\=/Users/gumclaw/work/gp2974-device/ios/build/dd/Build/Products/Release-iphoneos/ExpoScreenOrientation/ExpoScreenOrientation.modulemap -Xcc -fmodule-map-file\=/Users/gumclaw/work/gp2974-device/ios/build/dd/Build/Products/Release-iphoneos/ExpoSecureStore/ExpoSecureStore.modulemap -Xcc -fmodule-map-file\=/Users/gumclaw/work/gp2974-device/ios/build/dd/Build/Products/Release-iphoneos/ExpoSharing/ExpoSharing.modulemap -Xcc -fmodule-map-file\=/Users/gumclaw/work/gp2974-device/ios/build/dd/Build/Products/Release-iphoneos/ExpoSplashScreen/ExpoSplashScreen.modulemap -Xcc -fmodule-map-file\=/Users/gumclaw/work/gp2974-device/ios/build/dd/Build/Products/Release-iphoneos/ExpoSymbols/ExpoSymbols.modulemap -Xcc -fmodule-map-file\=/Users/gumclaw/work/gp2974-device/ios/build/dd/Build/Products/Release-iphoneos/ExpoSystemUI/ExpoSystemUI.modulemap -Xcc -fmodule-map-file\=/Users/gumclaw/work/gp2974-device/ios/build/dd/Build/Products/Release-iphoneos/ExpoTaskManager/ExpoTaskManager.modulemap -Xcc -fmodule-map-file\=/Users/gumclaw/work/gp2974-device/ios/build/dd/Build/Products/Release-iphoneos/ExpoUI/ExpoUI.modulemap -Xcc -fmodule-map-file\=/Users/gumclaw/work/gp2974-device/ios/build/dd/Build/Products/Release-iphoneos/ExpoVideo/ExpoVideo.modulemap -Xcc -fmodule-map-file\=/Users/gumclaw/work/gp2974-device/ios/build/dd/Build/Products/Release-iphoneos/ExpoWebBrowser/ExpoWebBrowser.modulemap -Xcc -fmodule-map-file\=/Users/gumclaw/work/gp2974-device/ios/build/dd/Build/Products/Release-iphoneos/ExpoWidgets/ExpoWidgets.modulemap -Xcc -fmodule-map-file\=/Users/gumclaw/work/gp2974-device/ios/build/dd/Build/Products/Release-iphoneos/PdfThumbnail/PdfThumbnail.modulemap -Xcc -fmodule-map-file\=/Users/gumclaw/work/gp2974-device/ios/build/dd/Build/Products/Release-iphoneos/RCTSwiftUI/RCTSwiftUI.modulemap -Xcc -fmodule-map-file\=/Users/gumclaw/work/gp2974-device/ios/build/dd/Build/Products/Release-iphoneos/RNScreens/RNScreens.modulemap -Xcc -fmodule-map-file\=/Users/gumclaw/work/gp2974-device/ios/build/dd/Build/Products/Release-iphoneos/Sentry/Sentry.modulemap -Xcc -fmodule-map-file\=/Users/gumclaw/work/gp2974-device/ios/build/dd/Build/Products/Release-iphoneos/SwiftAudioEx/SwiftAudioEx.modulemap -Xcc -fmodule-map-file\=/Users/gumclaw/work/gp2974-device/ios/build/dd/Build/Products/Release-iphoneos/expo-dev-menu-interface/EXDevMenuInterface.modulemap -Xcc -fmodule-map-file\=/Users/gumclaw/work/gp2974-device/ios/build/dd/Build/Products/Release-iphoneos/react-native-track-player/react_native_track_player.modulemap -Xcc -fmodule-map-file\=/Users/gumclaw/work/gp2974-device/ios/Pods/Headers/Private/SDWebImageSVGCoder/SDWebImageSVGCoder.modulemap -Xcc -fmodule-map-file\=/Users/gumclaw/work/gp2974-device/ios/Pods/Headers/Private/SDWebImageWebPCoder/SDWebImageWebPCoder.modulemap -Xcc -fmodule-map-file\=/Users/gumclaw/work/gp2974-device/ios/Pods/Headers/Public/EXJSONUtils/EXJSONUtils.modulemap -Xcc -fmodule-map-file\=/Users/gumclaw/work/gp2974-device/ios/Pods/Headers/Public/ExpoModulesJSI/ExpoModulesJSI.modulemap -Xcc -fmodule-map-file\=/Users/gumclaw/work/gp2974-device/ios/Pods/Headers/Public/RNReanimated/RNReanimated.modulemap -Xcc -fmodule-map-file\=/Users/gumclaw/work/gp2974-device/ios/Pods/Headers/Public/RNWorklets/RNWorklets.modulemap -Xcc -fmodule-map-file\=/Users/gumclaw/work/gp2974-device/ios/Pods/Headers/Public/ReactAppDependencyProvider/ReactAppDependencyProvider.modulemap -Xcc -fmodule-map-file\=/Users/gumclaw/work/gp2974-device/ios/Pods/Headers/Public/ReactCodegen/ReactCodegen.modulemap -Xcc -fmodule-map-file\=/Users/gumclaw/work/gp2974-device/ios/Pods/Headers/Public/SDWebImage/SDWebImage.modulemap -Xcc -fmodule-map-file\=/Users/gumclaw/work/gp2974-device/ios/Pods/Headers/Public/SDWebImageAVIFCoder/SDWebImageAVIFCoder.modulemap -Xcc -fmodule-map-file\=/Users/gumclaw/work/gp2974-device/ios/Pods/Headers/Public/UMAppLoader/UMAppLoader.modulemap -Xcc -fmodule-map-file\=/Users/gumclaw/work/gp2974-device/ios/Pods/Headers/Public/libavif/libavif.modulemap -D EXPO_CONFIGURATION_RELEASE -enable-bare-slash-regex -enable-experimental-feature DebugDescriptionMacro -sdk /Applications/Xcode.app/Contents/Developer/Platforms/iPhoneOS.platform/Developer/SDKs/iPhoneOS27.0.sdk -target arm64-apple-ios16.2 -g -module-cache-path /Users/gumclaw/work/gp2974-device/ios/build/dd/ModuleCache.noindex -Xfrontend -serialize-debugging-options -swift-version 5 -I /Users/gumclaw/work/gp2974-device/ios/build/dd/Build/Products/Release-iphoneos -I /Users/gumclaw/work/gp2974-device/ios/build/dd/Build/Products/Release-iphoneos/EXApplication -I /Users/gumclaw/work/gp2974-device/ios/build/dd/Build/Products/Release-iphoneos/EXConstants -I /Users/gumclaw/work/gp2974-device/ios/build/dd/Build/Products/Release-iphoneos/EXManifests -I /Users/gumclaw/work/gp2974-device/ios/build/dd/Build/Products/Release-iphoneos/EXUpdatesInterface -I /Users/gumclaw/work/gp2974-device/ios/build/dd/Build/Products/Release-iphoneos/Expo -I /Users/gumclaw/work/gp2974-device/ios/build/dd/Build/Products/Release-iphoneos/ExpoAsset -I /Users/gumclaw/work/gp2974-device/ios/build/dd/Build/Products/Release-iphoneos/ExpoBackgroundFetch -I /Users/gumclaw/work/gp2974-device/ios/build/dd/Build/Products/Release-iphoneos/ExpoCrypto -I /Users/gumclaw/work/gp2974-device/ios/build/dd/Build/Products/Release-iphoneos/ExpoDomWebView -I /Users/gumclaw/work/gp2974-device/ios/build/dd/Build/Products/Release-iphoneos/ExpoFileSystem -I /Users/gumclaw/work/gp2974-device/ios/build/dd/Build/Products/Release-iphoneos/ExpoFont -I /Users/gumclaw/work/gp2974-device/ios/build/dd/Build/Products/Release-iphoneos/ExpoGlassEffect -I /Users/gumclaw/work/gp2974-device/ios/build/dd/Build/Products/Release-iphoneos/ExpoHaptics -I /Users/gumclaw/work/gp2974-device/ios/build/dd/Build/Products/Release-iphoneos/ExpoImage -I /Users/gumclaw/work/gp2974-device/ios/build/dd/Build/Products/Release-iphoneos/ExpoKeepAwake -I /Users/gumclaw/work/gp2974-device/ios/build/dd/Build/Products/Release-iphoneos/ExpoLinking -I /Users/gumclaw/work/gp2974-device/ios/build/dd/Build/Products/Release-iphoneos/ExpoLogBox -I /Users/gumclaw/work/gp2974-device/ios/build/dd/Build/Products/Release-iphoneos/ExpoModulesCore -I /Users/gumclaw/work/gp2974-device/ios/build/dd/Build/Products/Release-iphoneos/ExpoNotifications -I /Users/gumclaw/work/gp2974-device/ios/build/dd/Build/Products/Release-iphoneos/ExpoRouter -I /Users/gumclaw/work/gp2974-device/ios/build/dd/Build/Products/Release-iphoneos/ExpoScreenOrientation -I /Users/gumclaw/work/gp2974-device/ios/build/dd/Build/Products/Release-iphoneos/ExpoSecureStore -I /Users/gumclaw/work/gp2974-device/ios/build/dd/Build/Products/Release-iphoneos/ExpoSharing -I /Users/gumclaw/work/gp2974-device/ios/build/dd/Build/Products/Release-iphoneos/ExpoSplashScreen -I /Users/gumclaw/work/gp2974-device/ios/build/dd/Build/Products/Release-iphoneos/ExpoSymbols -I /Users/gumclaw/work/gp2974-device/ios/build/dd/Build/Products/Release-iphoneos/ExpoSystemUI -I /Users/gumclaw/work/gp2974-device/ios/build/dd/Build/Products/Release-iphoneos/ExpoTaskManager -I /Users/gumclaw/work/gp2974-device/ios/build/dd/Build/Products/Release-iphoneos/ExpoUI -I /Users/gumclaw/work/gp2974-device/ios/build/dd/Build/Products/Release-iphoneos/ExpoVideo -I /Users/gumclaw/work/gp2974-device/ios/build/dd/Build/Products/Release-iphoneos/ExpoWebBrowser -I /Users/gumclaw/work/gp2974-device/ios/build/dd/Build/Products/Release-iphoneos/ExpoWidgets -I /Users/gumclaw/work/gp2974-device/ios/build/dd/Build/Products/Release-iphoneos/PdfThumbnail -I /Users/gumclaw/work/gp2974-device/ios/build/dd/Build/Products/Release-iphoneos/RCTSwiftUI -I /Users/gumclaw/work/gp2974-device/ios/build/dd/Build/Products/Release-iphoneos/RNScreens -I /Users/gumclaw/work/gp2974-device/ios/build/dd/Build/Products/Release-iphoneos/Sentry -I /Users/gumclaw/work/gp2974-device/ios/build/dd/Build/Products/Release-iphoneos/SwiftAudioEx -I /Users/gumclaw/work/gp2974-device/ios/build/dd/Build/Products/Release-iphoneos/expo-dev-menu-interface -I /Users/gumclaw/work/gp2974-device/ios/build/dd/Build/Products/Release-iphoneos/react-native-track-player -F /Users/gumclaw/work/gp2974-device/ios/build/dd/Build/Products/Release-iphoneos -F /Users/gumclaw/work/gp2974-device/ios/Pods/React-Core-prebuilt -F /Users/gumclaw/work/gp2974-device/ios/Pods/ReactNativeDependencies/framework/packages/react-native -F /Users/gumclaw/work/gp2974-device/ios/Pods/hermes-engine/destroot/Library/Frameworks/universal -F /Users/gumclaw/work/gp2974-device/ios/build/dd/Build/Products/Release-iphoneos/XCFrameworkIntermediates/React-Core-prebuilt -F /Users/gumclaw/work/gp2974-device/ios/build/dd/Build/Products/Release-iphoneos/XCFrameworkIntermediates/ReactNativeDependencies -F /Users/gumclaw/work/gp2974-device/ios/build/dd/Build/Products/Release-iphoneos/XCFrameworkIntermediates/hermes-engine/Pre-built -c -j16 -enable-batch-mode -incremental -Xcc -ivfsstatcache -Xcc /Users/gumclaw/work/gp2974-device/ios/build/dd/SDKStatCaches.noindex/iphoneos27.0-24A430-6c78b3cbc238196c85e1bf6c792c5915.sdkstatcache -output-file-map /Users/gumclaw/work/gp2974-device/ios/build/dd/Build/Intermediates.noindex/Gumroad.build/Release-iphoneos/Gumroad.build/Objects-normal/arm64/Gumroad-OutputFileMap.json -save-temps -no-color-diagnostics -emit-dependencies -emit-module -emit-module-path /Users/gumclaw/work/gp2974-device/ios/build/dd/Build/Intermediates.noindex/Gumroad.build/Release-iphoneos/Gumroad.build/Objects-normal/arm64/Gumroad.swiftmodule -serialize-diagnostics -validate-clang-modules-once -clang-build-session-file /Users/gumclaw/work/gp2974-device/ios/build/dd/ModuleCache.noindex/Session.modulevalidation -Xcc -fmodules-prune-interval\=86400 -Xcc -fmodules-prune-after\=345600 -emit-const-values -const-gather-protocols-list /Users/gumclaw/work/gp2974-device/ios/build/dd/Build/Intermediates.noindex/Gumroad.build/Release-iphoneos/Gumroad.build/Objects-normal/arm64/Gumroad_const_extract_protocols.json -Xcc -iquote -Xcc /Users/gumclaw/work/gp2974-device/ios/build/dd/Build/Intermediates.noindex/Gumroad.build/Release-iphoneos/Gumroad.build/Gumroad-generated-files.hmap -Xcc -I/Users/gumclaw/work/gp2974-device/ios/build/dd/Build/Intermediates.noindex/Gumroad.build/Release-iphoneos/Gumroad.build/Gumroad-own-target-headers.hmap -Xcc -I/Users/gumclaw/work/gp2974-device/ios/build/dd/Build/Intermediates.noindex/Gumroad.build/Release-iphoneos/Gumroad.build/Gumroad-all-non-framework-target-headers.hmap -Xcc -ivfsoverlay -Xcc /Users/gumclaw/work/gp2974-device/ios/build/dd/Build/Intermediates.noindex/Gumroad.build/Release-iphoneos/Gumroad-88889b1882ab139fbc4ce6147f23b038-VFS-iphoneos/all-product-headers.yaml -Xcc -iquote -Xcc /Users/gumclaw/work/gp2974-device/ios/build/dd/Build/Intermediates.noindex/Gumroad.build/Release-iphoneos/Gumroad.build/Gumroad-project-headers.hmap -Xcc -I/Users/gumclaw/work/gp2974-device/ios/build/dd/Build/Products/Release-iphoneos/include -Xcc -I/Users/gumclaw/work/gp2974-device/ios/Pods/Headers/Public -Xcc -I/Users/gumclaw/work/gp2974-device/ios/Pods/Headers/Public/BVLinearGradient -Xcc -I/Users/gumclaw/work/gp2974-device/ios/Pods/Headers/Public/EXApplication -Xcc -I/Users/gumclaw/work/gp2974-device/ios/Pods/Headers/Public/EXConstants -Xcc -I/Users/gumclaw/work/gp2974-device/ios/Pods/Headers/Public/EXJSONUtils -Xcc -I/Users/gumclaw/work/gp2974-device/ios/Pods/Headers/Public/Expo -Xcc -I/Users/gumclaw/work/gp2974-device/ios/Pods/Headers/Public/ExpoFileSystem -Xcc -I/Users/gumclaw/work/gp2974-device/ios/Pods/Headers/Public/ExpoModulesCore -Xcc -I/Users/gumclaw/work/gp2974-device/ios/Pods/Headers/Public/ExpoModulesJSI -Xcc -I/Users/gumclaw/work/gp2974-device/ios/Pods/Headers/Public/ExpoScreenOrientation -Xcc -I/Users/gumclaw/work/gp2974-device/ios/Pods/Headers/Public/ExpoTaskManager -Xcc -I/Users/gumclaw/work/gp2974-device/ios/Pods/Headers/Public/ExpoUI -Xcc -I/Users/gumclaw/work/gp2974-device/ios/Pods/Headers/Public/FBLazyVector -Xcc -I/Users/gumclaw/work/gp2974-device/ios/Pods/Headers/Public/RCTDeprecation -Xcc -I/Users/gumclaw/work/gp2974-device/ios/Pods/Headers/Public/RCTRequired -Xcc -I/Users/gumclaw/work/gp2974-device/ios/Pods/Headers/Public/RCTSwiftUIWrapper -Xcc -I/Users/gumclaw/work/gp2974-device/ios/Pods/Headers/Public/RCTTypeSafety -Xcc -I/Users/gumclaw/work/gp2974-device/ios/Pods/Headers/Public/RNGestureHandler -Xcc -I/Users/gumclaw/work/gp2974-device/ios/Pods/Headers/Public/RNReanimated -Xcc -I/Users/gumclaw/work/gp2974-device/ios/Pods/Headers/Public/RNSVG -Xcc -I/Users/gumclaw/work/gp2974-device/ios/Pods/Headers/Public/RNScreens -Xcc -I/Users/gumclaw/work/gp2974-device/ios/Pods/Headers/Public/RNSentry -Xcc -I/Users/gumclaw/work/gp2974-device/ios/Pods/Headers/Public/RNWorklets -Xcc -I/Users/gumclaw/work/gp2974-device/ios/Pods/Headers/Public/React-Core -Xcc -I/Users/gumclaw/work/gp2974-device/ios/Pods/Headers/Public/React-Core-prebuilt -Xcc -I/Users/gumclaw/work/gp2974-device/ios/Pods/Headers/Public/React-CoreModules -Xcc -I/Users/gumclaw/work/gp2974-device/ios/Pods/Headers/Public/React-Fabric -Xcc -I/Users/gumclaw/work/gp2974-device/ios/Pods/Headers/Public/React-FabricComponents -Xcc -I/Users/gumclaw/work/gp2974-device/ios/Pods/Headers/Public/React-FabricImage -Xcc -I/Users/gumclaw/work/gp2974-device/ios/Pods/Headers/Public/React-ImageManager -Xcc -I/Users/gumclaw/work/gp2974-device/ios/Pods/Headers/Public/React-Mapbuffer -Xcc -I/Users/gumclaw/work/gp2974-device/ios/Pods/Headers/Public/React-NativeModulesApple -Xcc -I/Users/gumclaw/work/gp2974-device/ios/Pods/Headers/Public/React-RCTAnimation -Xcc -I/Users/gumclaw/work/gp2974-device/ios/Pods/Headers/Public/React-RCTAppDelegate -Xcc -I/Users/gumclaw/work/gp2974-device/ios/Pods/Headers/Public/React-RCTBlob -Xcc -I/Users/gumclaw/work/gp2974-device/ios/Pods/Headers/Public/React-RCTFBReactNativeSpec -Xcc -I/Users/gumclaw/work/gp2974-device/ios/Pods/Headers/Public/React-RCTFabric -Xcc -I/Users/gumclaw/work/gp2974-device/ios/Pods/Headers/Public/React-RCTImage -Xcc -I/Users/gumclaw/work/gp2974-device/ios/Pods/Headers/Public/React-RCTRuntime -Xcc -I/Users/gumclaw/work/gp2974-device/ios/Pods/Headers/Public/React-RCTSettings -Xcc -I/Users/gumclaw/work/gp2974-device/ios/Pods/Headers/Public/React-RCTText -Xcc -I/Users/gumclaw/work/gp2974-device/ios/Pods/Headers/Public/React-RCTVibration -Xcc -I/Users/gumclaw/work/gp2974-device/ios/Pods/Headers/Public/React-RuntimeApple -Xcc -I/Users/gumclaw/work/gp2974-device/ios/Pods/Headers/Public/React-RuntimeCore -Xcc -I/Users/gumclaw/work/gp2974-device/ios/Pods/Headers/Public/React-RuntimeHermes -Xcc -I/Users/gumclaw/work/gp2974-device/ios/Pods/Headers/Public/React-callinvoker -Xcc -I/Users/gumclaw/work/gp2974-device/ios/Pods/Headers/Public/React-cxxreact -Xcc -I/Users/gumclaw/work/gp2974-device/ios/Pods/Headers/Public/React-debug -Xcc -I/Users/gumclaw/work/gp2974-device/ios/Pods/Headers/Public/React-defaultsnativemodule -Xcc -I/Users/gumclaw/work/gp2974-device/ios/Pods/Headers/Public/React-domnativemodule -Xcc -I/Users/gumclaw/work/gp2974-device/ios/Pods/Headers/Public/React-featureflags -Xcc -I/Users/gumclaw/work/gp2974-device/ios/Pods/Headers/Public/React-featureflagsnativemodule -Xcc -I/Users/gumclaw/work/gp2974-device/ios/Pods/Headers/Public/React-graphics -Xcc -I/Users/gumclaw/work/gp2974-device/ios/Pods/Headers/Public/React-hermes -Xcc -I/Users/gumclaw/work/gp2974-device/ios/Pods/Headers/Public/React-idlecallbacksnativemodule -Xcc -I/Users/gumclaw/work/gp2974-device/ios/Pods/Headers/Public/React-intersectionobservernativemodule -Xcc -I/Users/gumclaw/work/gp2974-device/ios/Pods/Headers/Public/React-jserrorhandler -Xcc -I/Users/gumclaw/work/gp2974-device/ios/Pods/Headers/Public/React-jsi -Xcc -I/Users/gumclaw/work/gp2974-device/ios/Pods/Headers/Public/React-jsiexecutor -Xcc -I/Users/gumclaw/work/gp2974-device/ios/Pods/Headers/Public/React-jsinspector -Xcc -I/Users/gumclaw/work/gp2974-device/ios/Pods/Headers/Public/React-jsinspectorcdp -Xcc -I/Users/gumclaw/work/gp2974-device/ios/Pods/Headers/Public/React-jsinspectornetwork -Xcc -I/Users/gumclaw/work/gp2974-device/ios/Pods/Headers/Public/React-jsinspectortracing -Xcc -I/Users/gumclaw/work/gp2974-device/ios/Pods/Headers/Public/React-jsitooling -Xcc -I/Users/gumclaw/work/gp2974-device/ios/Pods/Headers/Public/React-logger -Xcc -I/Users/gumclaw/work/gp2974-device/ios/Pods/Headers/Public/React-microtasksnativemodule -Xcc -I/Users/gumclaw/work/gp2974-device/ios/Pods/Headers/Public/React-networking -Xcc -I/Users/gumclaw/work/gp2974-device/ios/Pods/Headers/Public/React-oscompat -Xcc -I/Users/gumclaw/work/gp2974-device/ios/Pods/Headers/Public/React-perflogger -Xcc -I/Users/gumclaw/work/gp2974-device/ios/Pods/Headers/Public/React-performancecdpmetrics -Xcc -I/Users/gumclaw/work/gp2974-device/ios/Pods/Headers/Public/React-performancetimeline -Xcc -I/Users/gumclaw/work/gp2974-device/ios/Pods/Headers/Public/React-rendererconsistency -Xcc -I/Users/gumclaw/work/gp2974-device/ios/Pods/Headers/Public/React-renderercss -Xcc -I/Users/gumclaw/work/gp2974-device/ios/Pods/Headers/Public/React-rendererdebug -Xcc -I/Users/gumclaw/work/gp2974-device/ios/Pods/Headers/Public/React-runtimeexecutor -Xcc -I/Users/gumclaw/work/gp2974-device/ios/Pods/Headers/Public/React-runtimescheduler -Xcc -I/Users/gumclaw/work/gp2974-device/ios/Pods/Headers/Public/React-timing -Xcc -I/Users/gumclaw/work/gp2974-device/ios/Pods/Headers/Public/React-utils -Xcc -I/Users/gumclaw/work/gp2974-device/ios/Pods/Headers/Public/React-webperformancenativemodule -Xcc -I/Users/gumclaw/work/gp2974-device/ios/Pods/Headers/Public/ReactAppDependencyProvider -Xcc -I/Users/gumclaw/work/gp2974-device/ios/Pods/Headers/Public/ReactCodegen -Xcc -I/Users/gumclaw/work/gp2974-device/ios/Pods/Headers/Public/ReactCommon -Xcc -I/Users/gumclaw/work/gp2974-device/ios/Pods/Headers/Public/ReactNativeDependencies -Xcc -I/Users/gumclaw/work/gp2974-device/ios/Pods/Headers/Public/SDWebImage -Xcc -I/Users/gumclaw/work/gp2974-device/ios/Pods/Headers/Public/SDWebImageAVIFCoder -Xcc -I/Users/gumclaw/work/gp2974-device/ios/Pods/Headers/Public/SDWebImageSVGCoder -Xcc -I/Users/gumclaw/work/gp2974-device/ios/Pods/Headers/Public/SDWebImageWebPCoder -Xcc -I/Users/gumclaw/work/gp2974-device/ios/Pods/Headers/Public/Sentry -Xcc -I/Users/gumclaw/work/gp2974-device/ios/Pods/Headers/Public/UMAppLoader -Xcc -I/Users/gumclaw/work/gp2974-device/ios/Pods/Headers/Public/Yoga -Xcc -I/Users/gumclaw/work/gp2974-device/ios/Pods/Headers/Public/expo-dev-launcher -Xcc -I/Users/gumclaw/work/gp2974-device/ios/Pods/Headers/Public/expo-dev-menu -Xcc -I/Users/gumclaw/work/gp2974-device/ios/Pods/Headers/Public/hermes-engine -Xcc -I/Users/gumclaw/work/gp2974-device/ios/Pods/Headers/Public/libavif -Xcc -I/Users/gumclaw/work/gp2974-device/ios/Pods/Headers/Public/libdav1d -Xcc -I/Users/gumclaw/work/gp2974-device/ios/Pods/Headers/Public/libwebp -Xcc -I/Users/gumclaw/work/gp2974-device/ios/Pods/Headers/Public/react-native-blob-util -Xcc -I/Users/gumclaw/work/gp2974-device/ios/Pods/Headers/Public/react-native-context-menu-view -Xcc -I/Users/gumclaw/work/gp2974-device/ios/Pods/Headers/Public/react-native-pdf -Xcc -I/Users/gumclaw/work/gp2974-device/ios/Pods/Headers/Public/react-native-safe-area-context -Xcc -I/Users/gumclaw/work/gp2974-device/ios/Pods/Headers/Public/react-native-webview -Xcc -I/Users/gumclaw/work/gp2974-device/ios/build/dd/Build/Products/Release-iphoneos/EXManifests/Swift\ Compatibility\ Header -Xcc -I/Users/gumclaw/work/gp2974-device/ios/build/dd/Build/Products/Release-iphoneos/EXUpdatesInterface/Swift\ Compatibility\ Header -Xcc -I/Users/gumclaw/work/gp2974-device/ios/build/dd/Build/Products/Release-iphoneos/Expo/Swift\ Compatibility\ Header -Xcc -I/Users/gumclaw/work/gp2974-device/ios/Pods/Headers/Private/Yoga -Xcc -I/Users/gumclaw/work/gp2974-device/ios/build/dd/Build/Products/Release-iphoneos/ExpoModulesCore/Swift\ Compatibility\ Header -Xcc -I/Users/gumclaw/work/gp2974-device/ios/Pods/Headers/Private/Yoga -Xcc -I/Users/gumclaw/work/gp2974-device/ios/build/dd/Build/Products/Release-iphoneos/ExpoScreenOrientation/Swift\ Compatibility\ Header -Xcc -I/Users/gumclaw/work/gp2974-device/ios/Pods/boost -Xcc -I/Users/gumclaw/work/gp2974-device/ios/Pods/boost-for-react-native -Xcc -I/Users/gumclaw/work/gp2974-device/ios/Pods/glog -Xcc -I/Users/gumclaw/work/gp2974-device/ios/Pods/RCT-Folly -Xcc -I/Users/gumclaw/work/gp2974-device/ios/Pods/Headers/Public/React-hermes -Xcc -I/Users/gumclaw/work/gp2974-device/ios/Pods/Headers/Public/hermes-engine -Xcc -I/Users/gumclaw/work/gp2974-device/ios/Pods/Headers/Public/RNWorklets -Xcc -I/Users/gumclaw/work/gp2974-device/node_modules/react-native/ReactCommon -Xcc -I/Users/gumclaw/work/gp2974-device/node_modules/react-native-reanimated/apple -Xcc -I/Users/gumclaw/work/gp2974-device/node_modules/react-native-reanimated/Common/cpp -Xcc -I/Users/gumclaw/work/gp2974-device/node_modules/react-native-reanimated/Common/NativeView -Xcc -I/Users/gumclaw/work/gp2974-device/node_modules/react-native-worklets/apple -Xcc -I/Users/gumclaw/work/gp2974-device/node_modules/react-native-worklets/Common/cpp -Xcc -I/Users/gumclaw/work/gp2974-device/ios/Pods/boost -Xcc -I/Users/gumclaw/work/gp2974-device/ios/Pods/boost-for-react-native -Xcc -I/Users/gumclaw/work/gp2974-device/ios/Pods/glog -Xcc -I/Users/gumclaw/work/gp2974-device/ios/Pods/RCT-Folly -Xcc -I/Users/gumclaw/work/gp2974-device/ios/Pods/Headers/Public/React-hermes -Xcc -I/Users/gumclaw/work/gp2974-device/ios/Pods/Headers/Public/hermes-engine -Xcc -I/Users/gumclaw/work/gp2974-device/node_modules/react-native/ReactCommon -Xcc -I/Users/gumclaw/work/gp2974-device/node_modules/react-native-worklets/apple -Xcc -I/Users/gumclaw/work/gp2974-device/node_modules/react-native-worklets/Common/cpp -Xcc -I/Users/gumclaw/work/gp2974-device/ios/Pods/Headers/Private/React-Core -Xcc -I/Users/gumclaw/work/gp2974-device/ios/Pods/Headers/Private/React-Core -Xcc -I/Users/gumclaw/work/gp2974-device/ios/Pods/Headers/Private/Yoga -Xcc -I/Users/gumclaw/work/gp2974-device/ios/build/dd/Build/Products/Release-iphoneos/expo-dev-menu-interface/Swift\ Compatibility\ Header -Xcc -I/Users/gumclaw/work/gp2974-device/ios/build/dd/Build/Intermediates.noindex/Gumroad.build/Release-iphoneos/Gumroad.build/DerivedSources-normal/arm64 -Xcc -I/Users/gumclaw/work/gp2974-device/ios/build/dd/Build/Intermediates.noindex/Gumroad.build/Release-iphoneos/Gumroad.build/DerivedSources/arm64 -Xcc -I/Users/gumclaw/work/gp2974-device/ios/build/dd/Build/Intermediates.noindex/Gumroad.build/Release-iphoneos/Gumroad.build/DerivedSources -Xcc -DCOCOAPODS\=1 -Xcc -DSD_WEBP\=1 -emit-objc-header -emit-objc-header-path /Users/gumclaw/work/gp2974-device/ios/build/dd/Build/Intermediates.noindex/Gumroad.build/Release-iphoneos/Gumroad.build/Objects-normal/arm64/Gumroad-Swift.h -import-objc-header /Users/gumclaw/work/gp2974-device/ios/Gumroad/Gumroad-Bridging-Header.h -pch-output-dir /Users/gumclaw/work/gp2974-device/ios/build/dd/Build/Intermediates.noindex/PrecompiledHeaders -working-directory /Users/gumclaw/work/gp2974-device/ios -experimental-emit-module-separately -disable-cmo

SwiftDriver\ Compilation Gumroad normal arm64 com.apple.xcode.tools.swift.compiler (in target 'Gumroad' from project 'Gumroad')
    cd /Users/gumclaw/work/gp2974-device/ios
    builtin-Swift-Compilation -- /Applications/Xcode.app/Contents/Developer/Toolchains/XcodeDefault.xctoolchain/usr/bin/swiftc -module-name Gumroad -O @/Users/gumclaw/work/gp2974-device/ios/build/dd/Build/Intermediates.noindex/Gumroad.build/Release-iphoneos/Gumroad.build/Objects-normal/arm64/Gumroad.SwiftFileList -D COCOAPODS -Xcc -fmodule-map-file\=/Users/gumclaw/work/gp2974-device/ios/build/dd/Build/Products/Release-iphoneos/EXApplication/EXApplication.modulemap -Xcc -fmodule-map-file\=/Users/gumclaw/work/gp2974-device/ios/build/dd/Build/Products/Release-iphoneos/EXConstants/EXConstants.modulemap -Xcc -fmodule-map-file\=/Users/gumclaw/work/gp2974-device/ios/build/dd/Build/Products/Release-iphoneos/EXManifests/EXManifests.modulemap -Xcc -fmodule-map-file\=/Users/gumclaw/work/gp2974-device/ios/build/dd/Build/Products/Release-iphoneos/EXUpdatesInterface/EXUpdatesInterface.modulemap -Xcc -fmodule-map-file\=/Users/gumclaw/work/gp2974-device/ios/build/dd/Build/Products/Release-iphoneos/Expo/Expo.modulemap -Xcc -fmodule-map-file\=/Users/gumclaw/work/gp2974-device/ios/build/dd/Build/Products/Release-iphoneos/ExpoAsset/ExpoAsset.modulemap -Xcc -fmodule-map-file\=/Users/gumclaw/work/gp2974-device/ios/build/dd/Build/Products/Release-iphoneos/ExpoBackgroundFetch/ExpoBackgroundFetch.modulemap -Xcc -fmodule-map-file\=/Users/gumclaw/work/gp2974-device/ios/build/dd/Build/Products/Release-iphoneos/ExpoCrypto/ExpoCrypto.modulemap -Xcc -fmodule-map-file\=/Users/gumclaw/work/gp2974-device/ios/build/dd/Build/Products/Release-iphoneos/ExpoDomWebView/ExpoDomWebView.modulemap -Xcc -fmodule-map-file\=/Users/gumclaw/work/gp2974-device/ios/build/dd/Build/Products/Release-iphoneos/ExpoFileSystem/ExpoFileSystem.modulemap -Xcc -fmodule-map-file\=/Users/gumclaw/work/gp2974-device/ios/build/dd/Build/Products/Release-iphoneos/ExpoFont/ExpoFont.modulemap -Xcc -fmodule-map-file\=/Users/gumclaw/work/gp2974-device/ios/build/dd/Build/Products/Release-iphoneos/ExpoGlassEffect/ExpoGlassEffect.modulemap -Xcc -fmodule-map-file\=/Users/gumclaw/work/gp2974-device/ios/build/dd/Build/Products/Release-iphoneos/ExpoHaptics/ExpoHaptics.modulemap -Xcc -fmodule-map-file\=/Users/gumclaw/work/gp2974-device/ios/build/dd/Build/Products/Release-iphoneos/ExpoImage/ExpoImage.modulemap -Xcc -fmodule-map-file\=/Users/gumclaw/work/gp2974-device/ios/build/dd/Build/Products/Release-iphoneos/ExpoKeepAwake/ExpoKeepAwake.modulemap -Xcc -fmodule-map-file\=/Users/gumclaw/work/gp2974-device/ios/build/dd/Build/Products/Release-iphoneos/ExpoLinking/ExpoLinking.modulemap -Xcc -fmodule-map-file\=/Users/gumclaw/work/gp2974-device/ios/build/dd/Build/Products/Release-iphoneos/ExpoLogBox/ExpoLogBox.modulemap -Xcc -fmodule-map-file\=/Users/gumclaw/work/gp2974-device/ios/build/dd/Build/Products/Release-iphoneos/ExpoModulesCore/ExpoModulesCore.modulemap -Xcc -fmodule-map-file\=/Users/gumclaw/work/gp2974-device/ios/build/dd/Build/Products/Release-iphoneos/ExpoNotifications/ExpoNotifications.modulemap -Xcc -fmodule-map-file\=/Users/gumclaw/work/gp2974-device/ios/build/dd/Build/Products/Release-iphoneos/ExpoRouter/ExpoRouter.modulemap -Xcc -fmodule-map-file\=/Users/gumclaw/work/gp2974-device/ios/build/dd/Build/Products/Release-iphoneos/ExpoScreenOrientation/ExpoScreenOrientation.modulemap -Xcc -fmodule-map-file\=/Users/gumclaw/work/gp2974-device/ios/build/dd/Build/Products/Release-iphoneos/ExpoSecureStore/ExpoSecureStore.modulemap -Xcc -fmodule-map-file\=/Users/gumclaw/work/gp2974-device/ios/build/dd/Build/Products/Release-iphoneos/ExpoSharing/ExpoSharing.modulemap -Xcc -fmodule-map-file\=/Users/gumclaw/work/gp2974-device/ios/build/dd/Build/Products/Release-iphoneos/ExpoSplashScreen/ExpoSplashScreen.modulemap -Xcc -fmodule-map-file\=/Users/gumclaw/work/gp2974-device/ios/build/dd/Build/Products/Release-iphoneos/ExpoSymbols/ExpoSymbols.modulemap -Xcc -fmodule-map-file\=/Users/gumclaw/work/gp2974-device/ios/build/dd/Build/Products/Release-iphoneos/ExpoSystemUI/ExpoSystemUI.modulemap -Xcc -fmodule-map-file\=/Users/gumclaw/work/gp2974-device/ios/build/dd/Build/Products/Release-iphoneos/ExpoTaskManager/ExpoTaskManager.modulemap -Xcc -fmodule-map-file\=/Users/gumclaw/work/gp2974-device/ios/build/dd/Build/Products/Release-iphoneos/ExpoUI/ExpoUI.modulemap -Xcc -fmodule-map-file\=/Users/gumclaw/work/gp2974-device/ios/build/dd/Build/Products/Release-iphoneos/ExpoVideo/ExpoVideo.modulemap -Xcc -fmodule-map-file\=/Users/gumclaw/work/gp2974-device/ios/build/dd/Build/Products/Release-iphoneos/ExpoWebBrowser/ExpoWebBrowser.modulemap -Xcc -fmodule-map-file\=/Users/gumclaw/work/gp2974-device/ios/build/dd/Build/Products/Release-iphoneos/ExpoWidgets/ExpoWidgets.modulemap -Xcc -fmodule-map-file\=/Users/gumclaw/work/gp2974-device/ios/build/dd/Build/Products/Release-iphoneos/PdfThumbnail/PdfThumbnail.modulemap -Xcc -fmodule-map-file\=/Users/gumclaw/work/gp2974-device/ios/build/dd/Build/Products/Release-iphoneos/RCTSwiftUI/RCTSwiftUI.modulemap -Xcc -fmodule-map-file\=/Users/gumclaw/work/gp2974-device/ios/build/dd/Build/Products/Release-iphoneos/RNScreens/RNScreens.modulemap -Xcc -fmodule-map-file\=/Users/gumclaw/work/gp2974-device/ios/build/dd/Build/Products/Release-iphoneos/Sentry/Sentry.modulemap -Xcc -fmodule-map-file\=/Users/gumclaw/work/gp2974-device/ios/build/dd/Build/Products/Release-iphoneos/SwiftAudioEx/SwiftAudioEx.modulemap -Xcc -fmodule-map-file\=/Users/gumclaw/work/gp2974-device/ios/build/dd/Build/Products/Release-iphoneos/expo-dev-menu-interface/EXDevMenuInterface.modulemap -Xcc -fmodule-map-file\=/Users/gumclaw/work/gp2974-device/ios/build/dd/Build/Products/Release-iphoneos/react-native-track-player/react_native_track_player.modulemap -Xcc -fmodule-map-file\=/Users/gumclaw/work/gp2974-device/ios/Pods/Headers/Private/SDWebImageSVGCoder/SDWebImageSVGCoder.modulemap -Xcc -fmodule-map-file\=/Users/gumclaw/work/gp2974-device/ios/Pods/Headers/Private/SDWebImageWebPCoder/SDWebImageWebPCoder.modulemap -Xcc -fmodule-map-file\=/Users/gumclaw/work/gp2974-device/ios/Pods/Headers/Public/EXJSONUtils/EXJSONUtils.modulemap -Xcc -fmodule-map-file\=/Users/gumclaw/work/gp2974-device/ios/Pods/Headers/Public/ExpoModulesJSI/ExpoModulesJSI.modulemap -Xcc -fmodule-map-file\=/Users/gumclaw/work/gp2974-device/ios/Pods/Headers/Public/RNReanimated/RNReanimated.modulemap -Xcc -fmodule-map-file\=/Users/gumclaw/work/gp2974-device/ios/Pods/Headers/Public/RNWorklets/RNWorklets.modulemap -Xcc -fmodule-map-file\=/Users/gumclaw/work/gp2974-device/ios/Pods/Headers/Public/ReactAppDependencyProvider/ReactAppDependencyProvider.modulemap -Xcc -fmodule-map-file\=/Users/gumclaw/work/gp2974-device/ios/Pods/Headers/Public/ReactCodegen/ReactCodegen.modulemap -Xcc -fmodule-map-file\=/Users/gumclaw/work/gp2974-device/ios/Pods/Headers/Public/SDWebImage/SDWebImage.modulemap -Xcc -fmodule-map-file\=/Users/gumclaw/work/gp2974-device/ios/Pods/Headers/Public/SDWebImageAVIFCoder/SDWebImageAVIFCoder.modulemap -Xcc -fmodule-map-file\=/Users/gumclaw/work/gp2974-device/ios/Pods/Headers/Public/UMAppLoader/UMAppLoader.modulemap -Xcc -fmodule-map-file\=/Users/gumclaw/work/gp2974-device/ios/Pods/Headers/Public/libavif/libavif.modulemap -D EXPO_CONFIGURATION_RELEASE -enable-bare-slash-regex -enable-experimental-feature DebugDescriptionMacro -sdk /Applications/Xcode.app/Contents/Developer/Platforms/iPhoneOS.platform/Developer/SDKs/iPhoneOS27.0.sdk -target arm64-apple-ios16.2 -g -module-cache-path /Users/gumclaw/work/gp2974-device/ios/build/dd/ModuleCache.noindex -Xfrontend -serialize-debugging-options -swift-version 5 -I /Users/gumclaw/work/gp2974-device/ios/build/dd/Build/Products/Release-iphoneos -I /Users/gumclaw/work/gp2974-device/ios/build/dd/Build/Products/Release-iphoneos/EXApplication -I /Users/gumclaw/work/gp2974-device/ios/build/dd/Build/Products/Release-iphoneos/EXConstants -I /Users/gumclaw/work/gp2974-device/ios/build/dd/Build/Products/Release-iphoneos/EXManifests -I /Users/gumclaw/work/gp2974-device/ios/build/dd/Build/Products/Release-iphoneos/EXUpdatesInterface -I /Users/gumclaw/work/gp2974-device/ios/build/dd/Build/Products/Release-iphoneos/Expo -I /Users/gumclaw/work/gp2974-device/ios/build/dd/Build/Products/Release-iphoneos/ExpoAsset -I /Users/gumclaw/work/gp2974-device/ios/build/dd/Build/Products/Release-iphoneos/ExpoBackgroundFetch -I /Users/gumclaw/work/gp2974-device/ios/build/dd/Build/Products/Release-iphoneos/ExpoCrypto -I /Users/gumclaw/work/gp2974-device/ios/build/dd/Build/Products/Release-iphoneos/ExpoDomWebView -I /Users/gumclaw/work/gp2974-device/ios/build/dd/Build/Products/Release-iphoneos/ExpoFileSystem -I /Users/gumclaw/work/gp2974-device/ios/build/dd/Build/Products/Release-iphoneos/ExpoFont -I /Users/gumclaw/work/gp2974-device/ios/build/dd/Build/Products/Release-iphoneos/ExpoGlassEffect -I /Users/gumclaw/work/gp2974-device/ios/build/dd/Build/Products/Release-iphoneos/ExpoHaptics -I /Users/gumclaw/work/gp2974-device/ios/build/dd/Build/Products/Release-iphoneos/ExpoImage -I /Users/gumclaw/work/gp2974-device/ios/build/dd/Build/Products/Release-iphoneos/ExpoKeepAwake -I /Users/gumclaw/work/gp2974-device/ios/build/dd/Build/Products/Release-iphoneos/ExpoLinking -I /Users/gumclaw/work/gp2974-device/ios/build/dd/Build/Products/Release-iphoneos/ExpoLogBox -I /Users/gumclaw/work/gp2974-device/ios/build/dd/Build/Products/Release-iphoneos/ExpoModulesCore -I /Users/gumclaw/work/gp2974-device/ios/build/dd/Build/Products/Release-iphoneos/ExpoNotifications -I /Users/gumclaw/work/gp2974-device/ios/build/dd/Build/Products/Release-iphoneos/ExpoRouter -I /Users/gumclaw/work/gp2974-device/ios/build/dd/Build/Products/Release-iphoneos/ExpoScreenOrientation -I /Users/gumclaw/work/gp2974-device/ios/build/dd/Build/Products/Release-iphoneos/ExpoSecureStore -I /Users/gumclaw/work/gp2974-device/ios/build/dd/Build/Products/Release-iphoneos/ExpoSharing -I /Users/gumclaw/work/gp2974-device/ios/build/dd/Build/Products/Release-iphoneos/ExpoSplashScreen -I /Users/gumclaw/work/gp2974-device/ios/build/dd/Build/Products/Release-iphoneos/ExpoSymbols -I /Users/gumclaw/work/gp2974-device/ios/build/dd/Build/Products/Release-iphoneos/ExpoSystemUI -I /Users/gumclaw/work/gp2974-device/ios/build/dd/Build/Products/Release-iphoneos/ExpoTaskManager -I /Users/gumclaw/work/gp2974-device/ios/build/dd/Build/Products/Release-iphoneos/ExpoUI -I /Users/gumclaw/work/gp2974-device/ios/build/dd/Build/Products/Release-iphoneos/ExpoVideo -I /Users/gumclaw/work/gp2974-device/ios/build/dd/Build/Products/Release-iphoneos/ExpoWebBrowser -I /Users/gumclaw/work/gp2974-device/ios/build/dd/Build/Products/Release-iphoneos/ExpoWidgets -I /Users/gumclaw/work/gp2974-device/ios/build/dd/Build/Products/Release-iphoneos/PdfThumbnail -I /Users/gumclaw/work/gp2974-device/ios/build/dd/Build/Products/Release-iphoneos/RCTSwiftUI -I /Users/gumclaw/work/gp2974-device/ios/build/dd/Build/Products/Release-iphoneos/RNScreens -I /Users/gumclaw/work/gp2974-device/ios/build/dd/Build/Products/Release-iphoneos/Sentry -I /Users/gumclaw/work/gp2974-device/ios/build/dd/Build/Products/Release-iphoneos/SwiftAudioEx -I /Users/gumclaw/work/gp2974-device/ios/build/dd/Build/Products/Release-iphoneos/expo-dev-menu-interface -I /Users/gumclaw/work/gp2974-device/ios/build/dd/Build/Products/Release-iphoneos/react-native-track-player -F /Users/gumclaw/work/gp2974-device/ios/build/dd/Build/Products/Release-iphoneos -F /Users/gumclaw/work/gp2974-device/ios/Pods/React-Core-prebuilt -F /Users/gumclaw/work/gp2974-device/ios/Pods/ReactNativeDependencies/framework/packages/react-native -F /Users/gumclaw/work/gp2974-device/ios/Pods/hermes-engine/destroot/Library/Frameworks/universal -F /Users/gumclaw/work/gp2974-device/ios/build/dd/Build/Products/Release-iphoneos/XCFrameworkIntermediates/React-Core-prebuilt -F /Users/gumclaw/work/gp2974-device/ios/build/dd/Build/Products/Release-iphoneos/XCFrameworkIntermediates/ReactNativeDependencies -F /Users/gumclaw/work/gp2974-device/ios/build/dd/Build/Products/Release-iphoneos/XCFrameworkIntermediates/hermes-engine/Pre-built -c -j16 -enable-batch-mode -incremental -Xcc -ivfsstatcache -Xcc /Users/gumclaw/work/gp2974-device/ios/build/dd/SDKStatCaches.noindex/iphoneos27.0-24A430-6c78b3cbc238196c85e1bf6c792c5915.sdkstatcache -output-file-map /Users/gumclaw/work/gp2974-device/ios/build/dd/Build/Intermediates.noindex/Gumroad.build/Release-iphoneos/Gumroad.build/Objects-normal/arm64/Gumroad-OutputFileMap.json -save-temps -no-color-diagnostics -emit-dependencies -emit-module -emit-module-path /Users/gumclaw/work/gp2974-device/ios/build/dd/Build/Intermediates.noindex/Gumroad.build/Release-iphoneos/Gumroad.build/Objects-normal/arm64/Gumroad.swiftmodule -serialize-diagnostics -validate-clang-modules-once -clang-build-session-file /Users/gumclaw/work/gp2974-device/ios/build/dd/ModuleCache.noindex/Session.modulevalidation -Xcc -fmodules-prune-interval\=86400 -Xcc -fmodules-prune-after\=345600 -emit-const-values -const-gather-protocols-list /Users/gumclaw/work/gp2974-device/ios/build/dd/Build/Intermediates.noindex/Gumroad.build/Release-iphoneos/Gumroad.build/Objects-normal/arm64/Gumroad_const_extract_protocols.json -Xcc -iquote -Xcc /Users/gumclaw/work/gp2974-device/ios/build/dd/Build/Intermediates.noindex/Gumroad.build/Release-iphoneos/Gumroad.build/Gumroad-generated-files.hmap -Xcc -I/Users/gumclaw/work/gp2974-device/ios/build/dd/Build/Intermediates.noindex/Gumroad.build/Release-iphoneos/Gumroad.build/Gumroad-own-target-headers.hmap -Xcc -I/Users/gumclaw/work/gp2974-device/ios/build/dd/Build/Intermediates.noindex/Gumroad.build/Release-iphoneos/Gumroad.build/Gumroad-all-non-framework-target-headers.hmap -Xcc -ivfsoverlay -Xcc /Users/gumclaw/work/gp2974-device/ios/build/dd/Build/Intermediates.noindex/Gumroad.build/Release-iphoneos/Gumroad-88889b1882ab139fbc4ce6147f23b038-VFS-iphoneos/all-product-headers.yaml -Xcc -iquote -Xcc /Users/gumclaw/work/gp2974-device/ios/build/dd/Build/Intermediates.noindex/Gumroad.build/Release-iphoneos/Gumroad.build/Gumroad-project-headers.hmap -Xcc -I/Users/gumclaw/work/gp2974-device/ios/build/dd/Build/Products/Release-iphoneos/include -Xcc -I/Users/gumclaw/work/gp2974-device/ios/Pods/Headers/Public -Xcc -I/Users/gumclaw/work/gp2974-device/ios/Pods/Headers/Public/BVLinearGradient -Xcc -I/Users/gumclaw/work/gp2974-device/ios/Pods/Headers/Public/EXApplication -Xcc -I/Users/gumclaw/work/gp2974-device/ios/Pods/Headers/Public/EXConstants -Xcc -I/Users/gumclaw/work/gp2974-device/ios/Pods/Headers/Public/EXJSONUtils -Xcc -I/Users/gumclaw/work/gp2974-device/ios/Pods/Headers/Public/Expo -Xcc -I/Users/gumclaw/work/gp2974-device/ios/Pods/Headers/Public/ExpoFileSystem -Xcc -I/Users/gumclaw/work/gp2974-device/ios/Pods/Headers/Public/ExpoModulesCore -Xcc -I/Users/gumclaw/work/gp2974-device/ios/Pods/Headers/Public/ExpoModulesJSI -Xcc -I/Users/gumclaw/work/gp2974-device/ios/Pods/Headers/Public/ExpoScreenOrientation -Xcc -I/Users/gumclaw/work/gp2974-device/ios/Pods/Headers/Public/ExpoTaskManager -Xcc -I/Users/gumclaw/work/gp2974-device/ios/Pods/Headers/Public/ExpoUI -Xcc -I/Users/gumclaw/work/gp2974-device/ios/Pods/Headers/Public/FBLazyVector -Xcc -I/Users/gumclaw/work/gp2974-device/ios/Pods/Headers/Public/RCTDeprecation -Xcc -I/Users/gumclaw/work/gp2974-device/ios/Pods/Headers/Public/RCTRequired -Xcc -I/Users/gumclaw/work/gp2974-device/ios/Pods/Headers/Public/RCTSwiftUIWrapper -Xcc -I/Users/gumclaw/work/gp2974-device/ios/Pods/Headers/Public/RCTTypeSafety -Xcc -I/Users/gumclaw/work/gp2974-device/ios/Pods/Headers/Public/RNGestureHandler -Xcc -I/Users/gumclaw/work/gp2974-device/ios/Pods/Headers/Public/RNReanimated -Xcc -I/Users/gumclaw/work/gp2974-device/ios/Pods/Headers/Public/RNSVG -Xcc -I/Users/gumclaw/work/gp2974-device/ios/Pods/Headers/Public/RNScreens -Xcc -I/Users/gumclaw/work/gp2974-device/ios/Pods/Headers/Public/RNSentry -Xcc -I/Users/gumclaw/work/gp2974-device/ios/Pods/Headers/Public/RNWorklets -Xcc -I/Users/gumclaw/work/gp2974-device/ios/Pods/Headers/Public/React-Core -Xcc -I/Users/gumclaw/work/gp2974-device/ios/Pods/Headers/Public/React-Core-prebuilt -Xcc -I/Users/gumclaw/work/gp2974-device/ios/Pods/Headers/Public/React-CoreModules -Xcc -I/Users/gumclaw/work/gp2974-device/ios/Pods/Headers/Public/React-Fabric -Xcc -I/Users/gumclaw/work/gp2974-device/ios/Pods/Headers/Public/React-FabricComponents -Xcc -I/Users/gumclaw/work/gp2974-device/ios/Pods/Headers/Public/React-FabricImage -Xcc -I/Users/gumclaw/work/gp2974-device/ios/Pods/Headers/Public/React-ImageManager -Xcc -I/Users/gumclaw/work/gp2974-device/ios/Pods/Headers/Public/React-Mapbuffer -Xcc -I/Users/gumclaw/work/gp2974-device/ios/Pods/Headers/Public/React-NativeModulesApple -Xcc -I/Users/gumclaw/work/gp2974-device/ios/Pods/Headers/Public/React-RCTAnimation -Xcc -I/Users/gumclaw/work/gp2974-device/ios/Pods/Headers/Public/React-RCTAppDelegate -Xcc -I/Users/gumclaw/work/gp2974-device/ios/Pods/Headers/Public/React-RCTBlob -Xcc -I/Users/gumclaw/work/gp2974-device/ios/Pods/Headers/Public/React-RCTFBReactNativeSpec -Xcc -I/Users/gumclaw/work/gp2974-device/ios/Pods/Headers/Public/React-RCTFabric -Xcc -I/Users/gumclaw/work/gp2974-device/ios/Pods/Headers/Public/React-RCTImage -Xcc -I/Users/gumclaw/work/gp2974-device/ios/Pods/Headers/Public/React-RCTRuntime -Xcc -I/Users/gumclaw/work/gp2974-device/ios/Pods/Headers/Public/React-RCTSettings -Xcc -I/Users/gumclaw/work/gp2974-device/ios/Pods/Headers/Public/React-RCTText -Xcc -I/Users/gumclaw/work/gp2974-device/ios/Pods/Headers/Public/React-RCTVibration -Xcc -I/Users/gumclaw/work/gp2974-device/ios/Pods/Headers/Public/React-RuntimeApple -Xcc -I/Users/gumclaw/work/gp2974-device/ios/Pods/Headers/Public/React-RuntimeCore -Xcc -I/Users/gumclaw/work/gp2974-device/ios/Pods/Headers/Public/React-RuntimeHermes -Xcc -I/Users/gumclaw/work/gp2974-device/ios/Pods/Headers/Public/React-callinvoker -Xcc -I/Users/gumclaw/work/gp2974-device/ios/Pods/Headers/Public/React-cxxreact -Xcc -I/Users/gumclaw/work/gp2974-device/ios/Pods/Headers/Public/React-debug -Xcc -I/Users/gumclaw/work/gp2974-device/ios/Pods/Headers/Public/React-defaultsnativemodule -Xcc -I/Users/gumclaw/work/gp2974-device/ios/Pods/Headers/Public/React-domnativemodule -Xcc -I/Users/gumclaw/work/gp2974-device/ios/Pods/Headers/Public/React-featureflags -Xcc -I/Users/gumclaw/work/gp2974-device/ios/Pods/Headers/Public/React-featureflagsnativemodule -Xcc -I/Users/gumclaw/work/gp2974-device/ios/Pods/Headers/Public/React-graphics -Xcc -I/Users/gumclaw/work/gp2974-device/ios/Pods/Headers/Public/React-hermes -Xcc -I/Users/gumclaw/work/gp2974-device/ios/Pods/Headers/Public/React-idlecallbacksnativemodule -Xcc -I/Users/gumclaw/work/gp2974-device/ios/Pods/Headers/Public/React-intersectionobservernativemodule -Xcc -I/Users/gumclaw/work/gp2974-device/ios/Pods/Headers/Public/React-jserrorhandler -Xcc -I/Users/gumclaw/work/gp2974-device/ios/Pods/Headers/Public/React-jsi -Xcc -I/Users/gumclaw/work/gp2974-device/ios/Pods/Headers/Public/React-jsiexecutor -Xcc -I/Users/gumclaw/work/gp2974-device/ios/Pods/Headers/Public/React-jsinspector -Xcc -I/Users/gumclaw/work/gp2974-device/ios/Pods/Headers/Public/React-jsinspectorcdp -Xcc -I/Users/gumclaw/work/gp2974-device/ios/Pods/Headers/Public/React-jsinspectornetwork -Xcc -I/Users/gumclaw/work/gp2974-device/ios/Pods/Headers/Public/React-jsinspectortracing -Xcc -I/Users/gumclaw/work/gp2974-device/ios/Pods/Headers/Public/React-jsitooling -Xcc -I/Users/gumclaw/work/gp2974-device/ios/Pods/Headers/Public/React-logger -Xcc -I/Users/gumclaw/work/gp2974-device/ios/Pods/Headers/Public/React-microtasksnativemodule -Xcc -I/Users/gumclaw/work/gp2974-device/ios/Pods/Headers/Public/React-networking -Xcc -I/Users/gumclaw/work/gp2974-device/ios/Pods/Headers/Public/React-oscompat -Xcc -I/Users/gumclaw/work/gp2974-device/ios/Pods/Headers/Public/React-perflogger -Xcc -I/Users/gumclaw/work/gp2974-device/ios/Pods/Headers/Public/React-performancecdpmetrics -Xcc -I/Users/gumclaw/work/gp2974-device/ios/Pods/Headers/Public/React-performancetimeline -Xcc -I/Users/gumclaw/work/gp2974-device/ios/Pods/Headers/Public/React-rendererconsistency -Xcc -I/Users/gumclaw/work/gp2974-device/ios/Pods/Headers/Public/React-renderercss -Xcc -I/Users/gumclaw/work/gp2974-device/ios/Pods/Headers/Public/React-rendererdebug -Xcc -I/Users/gumclaw/work/gp2974-device/ios/Pods/Headers/Public/React-runtimeexecutor -Xcc -I/Users/gumclaw/work/gp2974-device/ios/Pods/Headers/Public/React-runtimescheduler -Xcc -I/Users/gumclaw/work/gp2974-device/ios/Pods/Headers/Public/React-timing -Xcc -I/Users/gumclaw/work/gp2974-device/ios/Pods/Headers/Public/React-utils -Xcc -I/Users/gumclaw/work/gp2974-device/ios/Pods/Headers/Public/React-webperformancenativemodule -Xcc -I/Users/gumclaw/work/gp2974-device/ios/Pods/Headers/Public/ReactAppDependencyProvider -Xcc -I/Users/gumclaw/work/gp2974-device/ios/Pods/Headers/Public/ReactCodegen -Xcc -I/Users/gumclaw/work/gp2974-device/ios/Pods/Headers/Public/ReactCommon -Xcc -I/Users/gumclaw/work/gp2974-device/ios/Pods/Headers/Public/ReactNativeDependencies -Xcc -I/Users/gumclaw/work/gp2974-device/ios/Pods/Headers/Public/SDWebImage -Xcc -I/Users/gumclaw/work/gp2974-device/ios/Pods/Headers/Public/SDWebImageAVIFCoder -Xcc -I/Users/gumclaw/work/gp2974-device/ios/Pods/Headers/Public/SDWebImageSVGCoder -Xcc -I/Users/gumclaw/work/gp2974-device/ios/Pods/Headers/Public/SDWebImageWebPCoder -Xcc -I/Users/gumclaw/work/gp2974-device/ios/Pods/Headers/Public/Sentry -Xcc -I/Users/gumclaw/work/gp2974-device/ios/Pods/Headers/Public/UMAppLoader -Xcc -I/Users/gumclaw/work/gp2974-device/ios/Pods/Headers/Public/Yoga -Xcc -I/Users/gumclaw/work/gp2974-device/ios/Pods/Headers/Public/expo-dev-launcher -Xcc -I/Users/gumclaw/work/gp2974-device/ios/Pods/Headers/Public/expo-dev-menu -Xcc -I/Users/gumclaw/work/gp2974-device/ios/Pods/Headers/Public/hermes-engine -Xcc -I/Users/gumclaw/work/gp2974-device/ios/Pods/Headers/Public/libavif -Xcc -I/Users/gumclaw/work/gp2974-device/ios/Pods/Headers/Public/libdav1d -Xcc -I/Users/gumclaw/work/gp2974-device/ios/Pods/Headers/Public/libwebp -Xcc -I/Users/gumclaw/work/gp2974-device/ios/Pods/Headers/Public/react-native-blob-util -Xcc -I/Users/gumclaw/work/gp2974-device/ios/Pods/Headers/Public/react-native-context-menu-view -Xcc -I/Users/gumclaw/work/gp2974-device/ios/Pods/Headers/Public/react-native-pdf -Xcc -I/Users/gumclaw/work/gp2974-device/ios/Pods/Headers/Public/react-native-safe-area-context -Xcc -I/Users/gumclaw/work/gp2974-device/ios/Pods/Headers/Public/react-native-webview -Xcc -I/Users/gumclaw/work/gp2974-device/ios/build/dd/Build/Products/Release-iphoneos/EXManifests/Swift\ Compatibility\ Header -Xcc -I/Users/gumclaw/work/gp2974-device/ios/build/dd/Build/Products/Release-iphoneos/EXUpdatesInterface/Swift\ Compatibility\ Header -Xcc -I/Users/gumclaw/work/gp2974-device/ios/build/dd/Build/Products/Release-iphoneos/Expo/Swift\ Compatibility\ Header -Xcc -I/Users/gumclaw/work/gp2974-device/ios/Pods/Headers/Private/Yoga -Xcc -I/Users/gumclaw/work/gp2974-device/ios/build/dd/Build/Products/Release-iphoneos/ExpoModulesCore/Swift\ Compatibility\ Header -Xcc -I/Users/gumclaw/work/gp2974-device/ios/Pods/Headers/Private/Yoga -Xcc -I/Users/gumclaw/work/gp2974-device/ios/build/dd/Build/Products/Release-iphoneos/ExpoScreenOrientation/Swift\ Compatibility\ Header -Xcc -I/Users/gumclaw/work/gp2974-device/ios/Pods/boost -Xcc -I/Users/gumclaw/work/gp2974-device/ios/Pods/boost-for-react-native -Xcc -I/Users/gumclaw/work/gp2974-device/ios/Pods/glog -Xcc -I/Users/gumclaw/work/gp2974-device/ios/Pods/RCT-Folly -Xcc -I/Users/gumclaw/work/gp2974-device/ios/Pods/Headers/Public/React-hermes -Xcc -I/Users/gumclaw/work/gp2974-device/ios/Pods/Headers/Public/hermes-engine -Xcc -I/Users/gumclaw/work/gp2974-device/ios/Pods/Headers/Public/RNWorklets -Xcc -I/Users/gumclaw/work/gp2974-device/node_modules/react-native/ReactCommon -Xcc -I/Users/gumclaw/work/gp2974-device/node_modules/react-native-reanimated/apple -Xcc -I/Users/gumclaw/work/gp2974-device/node_modules/react-native-reanimated/Common/cpp -Xcc -I/Users/gumclaw/work/gp2974-device/node_modules/react-native-reanimated/Common/NativeView -Xcc -I/Users/gumclaw/work/gp2974-device/node_modules/react-native-worklets/apple -Xcc -I/Users/gumclaw/work/gp2974-device/node_modules/react-native-worklets/Common/cpp -Xcc -I/Users/gumclaw/work/gp2974-device/ios/Pods/boost -Xcc -I/Users/gumclaw/work/gp2974-device/ios/Pods/boost-for-react-native -Xcc -I/Users/gumclaw/work/gp2974-device/ios/Pods/glog -Xcc -I/Users/gumclaw/work/gp2974-device/ios/Pods/RCT-Folly -Xcc -I/Users/gumclaw/work/gp2974-device/ios/Pods/Headers/Public/React-hermes -Xcc -I/Users/gumclaw/work/gp2974-device/ios/Pods/Headers/Public/hermes-engine -Xcc -I/Users/gumclaw/work/gp2974-device/node_modules/react-native/ReactCommon -Xcc -I/Users/gumclaw/work/gp2974-device/node_modules/react-native-worklets/apple -Xcc -I/Users/gumclaw/work/gp2974-device/node_modules/react-native-worklets/Common/cpp -Xcc -I/Users/gumclaw/work/gp2974-device/ios/Pods/Headers/Private/React-Core -Xcc -I/Users/gumclaw/work/gp2974-device/ios/Pods/Headers/Private/React-Core -Xcc -I/Users/gumclaw/work/gp2974-device/ios/Pods/Headers/Private/Yoga -Xcc -I/Users/gumclaw/work/gp2974-device/ios/build/dd/Build/Products/Release-iphoneos/expo-dev-menu-interface/Swift\ Compatibility\ Header -Xcc -I/Users/gumclaw/work/gp2974-device/ios/build/dd/Build/Intermediates.noindex/Gumroad.build/Release-iphoneos/Gumroad.build/DerivedSources-normal/arm64 -Xcc -I/Users/gumclaw/work/gp2974-device/ios/build/dd/Build/Intermediates.noindex/Gumroad.build/Release-iphoneos/Gumroad.build/DerivedSources/arm64 -Xcc -I/Users/gumclaw/work/gp2974-device/ios/build/dd/Build/Intermediates.noindex/Gumroad.build/Release-iphoneos/Gumroad.build/DerivedSources -Xcc -DCOCOAPODS\=1 -Xcc -DSD_WEBP\=1 -emit-objc-header -emit-objc-header-path /Users/gumclaw/work/gp2974-device/ios/build/dd/Build/Intermediates.noindex/Gumroad.build/Release-iphoneos/Gumroad.build/Objects-normal/arm64/Gumroad-Swift.h -import-objc-header /Users/gumclaw/work/gp2974-device/ios/Gumroad/Gumroad-Bridging-Header.h -pch-output-dir /Users/gumclaw/work/gp2974-device/ios/build/dd/Build/Intermediates.noindex/PrecompiledHeaders -working-directory /Users/gumclaw/work/gp2974-device/ios -experimental-emit-module-separately -disable-cmo

Copy /Users/gumclaw/work/gp2974-device/ios/build/dd/Build/Products/Release-iphoneos/Gumroad.swiftmodule/Project/arm64-apple-ios.swiftsourceinfo /Users/gumclaw/work/gp2974-device/ios/build/dd/Build/Intermediates.noindex/Gumroad.build/Release-iphoneos/Gumroad.build/Objects-normal/arm64/Gumroad.swiftsourceinfo (in target 'Gumroad' from project 'Gumroad')
    cd /Users/gumclaw/work/gp2974-device/ios
    builtin-copy -exclude .DS_Store -exclude CVS -exclude .svn -exclude .git -exclude .hg -strip-unsigned-binaries -strip-deterministic -strip-tool /Applications/Xcode.app/Contents/Developer/Toolchains/XcodeDefault.xctoolchain/usr/bin/strip -resolve-src-symlinks -rename /Users/gumclaw/work/gp2974-device/ios/build/dd/Build/Intermediates.noindex/Gumroad.build/Release-iphoneos/Gumroad.build/Objects-normal/arm64/Gumroad.swiftsourceinfo /Users/gumclaw/work/gp2974-device/ios/build/dd/Build/Products/Release-iphoneos/Gumroad.swiftmodule/Project/arm64-apple-ios.swiftsourceinfo

Copy /Users/gumclaw/work/gp2974-device/ios/build/dd/Build/Products/Release-iphoneos/Gumroad.swiftmodule/arm64-apple-ios.abi.json /Users/gumclaw/work/gp2974-device/ios/build/dd/Build/Intermediates.noindex/Gumroad.build/Release-iphoneos/Gumroad.build/Objects-normal/arm64/Gumroad.abi.json (in target 'Gumroad' from project 'Gumroad')
    cd /Users/gumclaw/work/gp2974-device/ios
    builtin-copy -exclude .DS_Store -exclude CVS -exclude .svn -exclude .git -exclude .hg -strip-unsigned-binaries -strip-deterministic -strip-tool /Applications/Xcode.app/Contents/Developer/Toolchains/XcodeDefault.xctoolchain/usr/bin/strip -resolve-src-symlinks -rename /Users/gumclaw/work/gp2974-device/ios/build/dd/Build/Intermediates.noindex/Gumroad.build/Release-iphoneos/Gumroad.build/Objects-normal/arm64/Gumroad.abi.json /Users/gumclaw/work/gp2974-device/ios/build/dd/Build/Products/Release-iphoneos/Gumroad.swiftmodule/arm64-apple-ios.abi.json

PhaseScriptExecution Bundle\ React\ Native\ code\ and\ images /Users/gumclaw/work/gp2974-device/ios/build/dd/Build/Intermediates.noindex/Gumroad.build/Release-iphoneos/Gumroad.build/Script-00DD1BFF1BD5951E006B06BC.sh (in target 'Gumroad' from project 'Gumroad')
    cd /Users/gumclaw/work/gp2974-device/ios
    export ACTION\=build
    export AD_HOC_CODE_SIGNING_ALLOWED\=NO
    export AGGREGATE_TRACKED_DOMAINS\=YES
    export ALLOW_BUILD_REQUEST_OVERRIDES\=NO
    export ALLOW_TARGET_PLATFORM_SPECIALIZATION\=NO
    export ALTERNATE_GROUP\=staff
    export ALTERNATE_MODE\=u+w,go-w,a+rX
    export ALTERNATE_OWNER\=gumclaw
    export ALTERNATIVE_DISTRIBUTION_WEB\=NO
    export ALWAYS_EMBED_SWIFT_STANDARD_LIBRARIES\=YES
    export ALWAYS_SEARCH_USER_PATHS\=NO
    export ALWAYS_USE_SEPARATE_HEADERMAPS\=NO
    export ANDROID_DEPLOYMENT_TARGET\=21.0
    export APPLICATION_EXTENSION_API_ONLY\=NO
    export APPLY_RULES_IN_COPY_FILES\=NO
    export APPLY_RULES_IN_COPY_HEADERS\=NO
    export APP_SHORTCUTS_ENABLE_FLEXIBLE_MATCHING\=YES
    export ARCHS\=arm64
    export ARCHS_BASE\=arm64
    export ARCHS_STANDARD\=arm64
    export ARCHS_STANDARD_32_64_BIT\=armv7\ arm64
    export ARCHS_STANDARD_32_BIT\=armv7
    export ARCHS_STANDARD_64_BIT\=arm64
    export ARCHS_STANDARD_INCLUDING_64_BIT\=arm64
    export ARCHS_UNIVERSAL_IPHONE_OS\=armv7\ arm64
    export ARCH_COHORT_arm64e\=arm64e\ arm64e.x1
    export ASSETCATALOG_COMPILER_APPICON_NAME\=AppIcon
    export ASSETCATALOG_FILTER_FOR_DEVICE_MODEL\=iPhone18,3
    export ASSETCATALOG_FILTER_FOR_DEVICE_OS_VERSION\=26.4.2
    export ASSETCATALOG_FILTER_FOR_THINNING_DEVICE_CONFIGURATION\=iPhone18,3
    export AUTOMATICALLY_MERGE_DEPENDENCIES\=NO
    export AUTOMATION_APPLE_EVENTS\=NO
    export AVAILABLE_PLATFORMS\=android\ appletvos\ appletvsimulator\ driverkit\ freebsd\ iphoneos\ iphonesimulator\ linux\ macosx\ none\ openbsd\ qnx\ staticlinux\ watchos\ watchsimulator\ webassembly\ xros\ xrsimulator
    export AppIdentifierPrefix\=66LJACJ2U7.
    export BUILD_ACTIVE_RESOURCES_ONLY\=YES
    export BUILD_COMPONENTS\=headers\ build
    export BUILD_DIR\=/Users/gumclaw/work/gp2974-device/ios/build/dd/Build/Products
    export BUILD_LIBRARY_FOR_DISTRIBUTION\=NO
    export BUILD_ONLY_KNOWN_LOCALIZATIONS\=NO
    export BUILD_ROOT\=/Users/gumclaw/work/gp2974-device/ios/build/dd/Build/Products
    export BUILD_STYLE\=
    export BUILD_VARIANTS\=normal
    export BUILT_PRODUCTS_DIR\=/Users/gumclaw/work/gp2974-device/ios/build/dd/Build/Products/Release-iphoneos
    export BUNDLE_CONTENTS_FOLDER_PATH_deep\=Contents/
    export BUNDLE_EXECUTABLE_FOLDER_NAME_deep\=MacOS
    export BUNDLE_EXTENSIONS_FOLDER_PATH\=Extensions
    export BUNDLE_FORMAT\=shallow
    export BUNDLE_FRAMEWORKS_FOLDER_PATH\=Frameworks
    export BUNDLE_PLUGINS_FOLDER_PATH\=PlugIns
    export BUNDLE_PRIVATE_HEADERS_FOLDER_PATH\=PrivateHeaders
    export BUNDLE_PUBLIC_HEADERS_FOLDER_PATH\=Headers
    export CACHE_ROOT\=/var/folders/b8/m3wdk1md2zx4zcr6xhkd2k2m0000gq/C/com.apple.DeveloperTools/27.0-27A266a/Xcode
    export CCHROOT\=/var/folders/b8/m3wdk1md2zx4zcr6xhkd2k2m0000gq/C/com.apple.DeveloperTools/27.0-27A266a/Xcode
    export CHMOD\=/bin/chmod
    export CHOWN\=chown
    export CLANG_ANALYZER_LOCALIZABILITY_NONLOCALIZED\=YES
    export CLANG_CACHE_FINE_GRAINED_OUTPUTS\=YES
    export CLANG_CXX_LANGUAGE_STANDARD\=c++20
    export CLANG_CXX_LIBRARY\=libc++
    export CLANG_ENABLE_EXPLICIT_MODULES\=YES
    export CLANG_ENABLE_MODULES\=YES
    export CLANG_ENABLE_OBJC_ARC\=YES
    export CLANG_MODULES_BUILD_SESSION_FILE\=/Users/gumclaw/work/gp2974-device/ios/build/dd/ModuleCache.noindex/Session.modulevalidation
    export CLANG_WARN_BLOCK_CAPTURE_AUTORELEASING\=YES
    export CLANG_WARN_BOOL_CONVERSION\=YES
    export CLANG_WARN_COMMA\=YES
    export CLANG_WARN_CONSTANT_CONVERSION\=YES
    export CLANG_WARN_DEPRECATED_OBJC_IMPLEMENTATIONS\=YES
    export CLANG_WARN_DIRECT_OBJC_ISA_USAGE\=YES_ERROR
    export CLANG_WARN_EMPTY_BODY\=YES
    export CLANG_WARN_ENUM_CONVERSION\=YES
    export CLANG_WARN_INFINITE_RECURSION\=YES
    export CLANG_WARN_INT_CONVERSION\=YES
    export CLANG_WARN_NON_LITERAL_NULL_CONVERSION\=YES
    export CLANG_WARN_OBJC_IMPLICIT_RETAIN_SELF\=YES
    export CLANG_WARN_OBJC_LITERAL_CONVERSION\=YES
    export CLANG_WARN_OBJC_ROOT_CLASS\=YES_ERROR
    export CLANG_WARN_QUOTED_INCLUDE_IN_FRAMEWORK_HEADER\=NO
    export CLANG_WARN_RANGE_LOOP_ANALYSIS\=YES
    export CLANG_WARN_STRICT_PROTOTYPES\=YES
    export CLANG_WARN_SUSPICIOUS_MOVE\=YES
    export CLANG_WARN_UNREACHABLE_CODE\=YES
    export CLANG_WARN__DUPLICATE_METHOD_MATCH\=YES
    export CLASS_FILE_DIR\=/Users/gumclaw/work/gp2974-device/ios/build/dd/Build/Intermediates.noindex/Gumroad.build/Release-iphoneos/Gumroad.build/JavaClasses
    export CLEAN_PRECOMPS\=YES
    export CLONE_HEADERS\=NO
    export CODESIGNING_FOLDER_PATH\=/Users/gumclaw/work/gp2974-device/ios/build/dd/Build/Products/Release-iphoneos/Gumroad.app
    export CODE_SIGNING_ALLOWED\=YES
    export CODE_SIGNING_REQUIRED\=YES
    export CODE_SIGN_CONTEXT_CLASS\=XCiPhoneOSCodeSignContext
    export CODE_SIGN_ENTITLEMENTS\=Gumroad/Gumroad.entitlements
    export CODE_SIGN_IDENTITY\=iPhone\ Developer:\ Created\ via\ API\ \(GPLPV4AXJ9\)
    export CODE_SIGN_INJECT_BASE_ENTITLEMENTS\=YES
    export CODE_SIGN_STYLE\=Manual
    export COLOR_DIAGNOSTICS\=NO
    export COMBINE_HIDPI_IMAGES\=NO
    export COMPILATION_CACHE_CAS_PATH\=/Users/gumclaw/work/gp2974-device/ios/build/dd/CompilationCache.noindex
    export COMPILATION_CACHE_KEEP_CAS_DIRECTORY\=YES
    export COMPILER_INDEX_STORE_ENABLE\=Default
    export COMPOSITE_SDK_DIRS\=/Users/gumclaw/work/gp2974-device/ios/build/dd/Build/Intermediates.noindex/CompositeSDKs
    export COMPRESS_PNG_FILES\=YES
    export CONFIGURATION\=Release
    export CONFIGURATION_BUILD_DIR\=/Users/gumclaw/work/gp2974-device/ios/build/dd/Build/Products/Release-iphoneos
    export CONFIGURATION_TEMP_DIR\=/Users/gumclaw/work/gp2974-device/ios/build/dd/Build/Intermediates.noindex/Gumroad.build/Release-iphoneos
    export CONTENTS_FOLDER_PATH\=Gumroad.app
    export CONTENTS_FOLDER_PATH_SHALLOW_BUNDLE_NO\=Gumroad.app/Contents
    export CONTENTS_FOLDER_PATH_SHALLOW_BUNDLE_YES\=Gumroad.app
    export COPYING_PRESERVES_HFS_DATA\=NO
    export COPY_HEADERS_RUN_UNIFDEF\=NO
    export COPY_PHASE_STRIP\=YES
    export CORRESPONDING_SIMULATOR_PLATFORM_DIR\=/Applications/Xcode.app/Contents/Developer/Platforms/iPhoneSimulator.platform
    export CORRESPONDING_SIMULATOR_PLATFORM_NAME\=iphonesimulator
    export CORRESPONDING_SIMULATOR_SDK_DIR\=/Applications/Xcode.app/Contents/Developer/Platforms/iPhoneSimulator.platform/Developer/SDKs/iPhoneSimulator27.0.sdk
    export CORRESPONDING_SIMULATOR_SDK_NAME\=iphonesimulator27.0
    export CP\=/bin/cp
    export CREATE_INFOPLIST_SECTION_IN_BINARY\=NO
    export CURRENT_ARCH\=undefined_arch
    export CURRENT_PROJECT_VERSION\=1
    export CURRENT_VARIANT\=normal
    export DEAD_CODE_STRIPPING\=YES
    export DEBUGGING_SYMBOLS\=YES
    export DEBUG_INFORMATION_FORMAT\=dwarf-with-dsym
    export DEBUG_INFORMATION_VERSION\=compiler-default
    export DEFAULT_COMPILER\=com.apple.compilers.llvm.clang.1_0
    export DEFAULT_DEXT_INSTALL_PATH\=/System/Library/DriverExtensions
    export DEFAULT_KEXT_INSTALL_PATH\=/System/Library/Extensions
    export DEFINES_MODULE\=NO
    export DEPLOYMENT_LOCATION\=NO
    export DEPLOYMENT_POSTPROCESSING\=NO
    export DEPLOYMENT_TARGET_SETTING_NAME\=IPHONEOS_DEPLOYMENT_TARGET
    export DEPLOYMENT_TARGET_SUGGESTED_VALUES\=15.0\ 15.1\ 15.2\ 15.3\ 15.4\ 15.5\ 15.6\ 16.0\ 16.1\ 16.2\ 16.3\ 16.4\ 16.5\ 16.6\ 17.0\ 17.1\ 17.2\ 17.3\ 17.4\ 17.5\ 17.6\ 18.0\ 18.1\ 18.2\ 18.3\ 18.4\ 18.5\ 18.6\ 26.0\ 26.2\ 26.3\ 26.4\ 26.5\ 26.6\ 27.0
    export DERIVED_FILES_DIR\=/Users/gumclaw/work/gp2974-device/ios/build/dd/Build/Intermediates.noindex/Gumroad.build/Release-iphoneos/Gumroad.build/DerivedSources
    export DERIVED_FILE_DIR\=/Users/gumclaw/work/gp2974-device/ios/build/dd/Build/Intermediates.noindex/Gumroad.build/Release-iphoneos/Gumroad.build/DerivedSources
    export DERIVED_SOURCES_DIR\=/Users/gumclaw/work/gp2974-device/ios/build/dd/Build/Intermediates.noindex/Gumroad.build/Release-iphoneos/Gumroad.build/DerivedSources
    export DERIVE_MACCATALYST_PRODUCT_BUNDLE_IDENTIFIER\=NO
    export DEVELOPER_APPLICATIONS_DIR\=/Applications/Xcode.app/Contents/Developer/Applications
    export DEVELOPER_BIN_DIR\=/Applications/Xcode.app/Contents/Developer/usr/bin
    export DEVELOPER_DIR\=/Applications/Xcode.app/Contents/Developer
    export DEVELOPER_FRAMEWORKS_DIR\=/Applications/Xcode.app/Contents/Developer/Library/Frameworks
    export DEVELOPER_FRAMEWORKS_DIR_QUOTED\=/Applications/Xcode.app/Contents/Developer/Library/Frameworks
    export DEVELOPER_LIBRARY_DIR\=/Applications/Xcode.app/Contents/Developer/Library
    export DEVELOPER_SDK_DIR\=/Applications/Xcode.app/Contents/Developer/Platforms/MacOSX.platform/Developer/SDKs
    export DEVELOPER_TOOLS_DIR\=/Applications/Xcode.app/Contents/Developer/Tools
    export DEVELOPER_USR_DIR\=/Applications/Xcode.app/Contents/Developer/usr
    export DEVELOPMENT_LANGUAGE\=en
    export DEVELOPMENT_TEAM\=66LJACJ2U7
    export DIAGNOSE_MISSING_TARGET_DEPENDENCIES\=YES
    export DIFF\=/usr/bin/diff
    export DOCUMENTATION_FOLDER_PATH\=Gumroad.app/en.lproj/Documentation
    export DONT_GENERATE_INFOPLIST_FILE\=NO
    export DSTROOT\=/tmp/Gumroad.dst
    export DT_TOOLCHAIN_DIR\=/Applications/Xcode.app/Contents/Developer/Toolchains/XcodeDefault.xctoolchain
    export DWARF_DSYM_FILE_NAME\=Gumroad.app.dSYM
    export DWARF_DSYM_FILE_SHOULD_ACCOMPANY_PRODUCT\=NO
    export DWARF_DSYM_FOLDER_PATH\=/Users/gumclaw/work/gp2974-device/ios/build/dd/Build/Products/Release-iphoneos
    export DYNAMIC_LIBRARY_EXTENSION\=dylib
    export EAGER_COMPILATION_ALLOW_SCRIPTS\=NO
    export EAGER_LINKING\=NO
    export EFFECTIVE_PLATFORM_NAME\=-iphoneos
    export EFFECTIVE_SWIFT_VERSION\=5
    export EMBEDDED_CONTENT_CONTAINS_SWIFT\=NO
    export EMBEDDED_PROFILE_NAME\=embedded.mobileprovision
    export EMBED_ASSET_PACKS_IN_PRODUCT_BUNDLE\=NO
    export ENABLE_APP_SANDBOX\=NO
    export ENABLE_CODE_COVERAGE\=YES
    export ENABLE_COHORT_ARCHS\=YES
    export ENABLE_CPLUSPLUS_BOUNDS_SAFE_BUFFERS\=NO
    export ENABLE_C_BOUNDS_SAFETY\=NO
    export ENABLE_DEBUG_DYLIB\=NO
    export ENABLE_DEFAULT_HEADER_SEARCH_PATHS\=YES
    export ENABLE_DEFAULT_SEARCH_PATHS\=YES
    export ENABLE_ENHANCED_SECURITY\=NO
    export ENABLE_HARDENED_RUNTIME\=NO
    export ENABLE_HARDWARE_CHECKED_POINTER_ARITHMETIC_SLICE\=NO
    export ENABLE_HEADER_DEPENDENCIES\=YES
    export ENABLE_INCOMING_NETWORK_CONNECTIONS\=NO
    export ENABLE_NS_ASSERTIONS\=NO
    export ENABLE_ON_DEMAND_RESOURCES\=YES
    export ENABLE_OUTGOING_NETWORK_CONNECTIONS\=NO
    export ENABLE_POINTER_AUTHENTICATION\=NO
    export ENABLE_PREVIEWS\=NO
    export ENABLE_RESOURCE_ACCESS_AUDIO_INPUT\=NO
    export ENABLE_RESOURCE_ACCESS_BLUETOOTH\=NO
    export ENABLE_RESOURCE_ACCESS_CALENDARS\=NO
    export ENABLE_RESOURCE_ACCESS_CAMERA\=NO
    export ENABLE_RESOURCE_ACCESS_CONTACTS\=NO
    export ENABLE_RESOURCE_ACCESS_LOCATION\=NO
    export ENABLE_RESOURCE_ACCESS_PHOTO_LIBRARY\=NO
    export ENABLE_RESOURCE_ACCESS_PRINTING\=NO
    export ENABLE_RESOURCE_ACCESS_USB\=NO
    export ENABLE_SDK_IMPORTS\=NO
    export ENABLE_SECURITY_COMPILER_WARNINGS\=NO
    export ENABLE_STRICT_OBJC_MSGSEND\=YES
    export ENABLE_TESTABILITY\=NO
    export ENABLE_TESTING_SEARCH_PATHS\=NO
    export ENABLE_USER_SCRIPT_SANDBOXING\=NO
    export ENABLE_XOJIT_PREVIEWS\=NO
    export ENFORCE_VALID_ARCHS\=YES
    export ENTITLEMENTS_ALLOWED\=YES
    export ENTITLEMENTS_DESTINATION\=Signature
    export ENTITLEMENTS_REQUIRED\=NO
    export EXCLUDED_INSTALLSRC_SUBDIRECTORY_PATTERNS\=.DS_Store\ .svn\ .git\ .hg\ CVS
    export EXCLUDED_RECURSIVE_SEARCH_PATH_SUBDIRECTORIES\=\*.nib\ \*.lproj\ \*.framework\ \*.gch\ \*.xcode\*\ \*.xcassets\ \*.icon\ \(\*\)\ .DS_Store\ CVS\ .svn\ .git\ .hg\ \*.pbproj\ \*.pbxproj
    export EXECUTABLES_FOLDER_PATH\=Gumroad.app/Executables
    export EXECUTABLE_FOLDER_PATH\=Gumroad.app
    export EXECUTABLE_FOLDER_PATH_SHALLOW_BUNDLE_NO\=Gumroad.app/MacOS
    export EXECUTABLE_FOLDER_PATH_SHALLOW_BUNDLE_YES\=Gumroad.app
    export EXECUTABLE_NAME\=Gumroad
    export EXECUTABLE_PATH\=Gumroad.app/Gumroad
    export EXPANDED_CODE_SIGN_IDENTITY\=8C68E33CFE6F1FCCE165B0FEB20266B64437E199
    export EXPANDED_CODE_SIGN_IDENTITY_NAME\=iPhone\ Developer:\ Created\ via\ API\ \(GPLPV4AXJ9\)
    export EXPANDED_PROVISIONING_PROFILE\=6ed91838-f134-4e46-8d28-820dcaf7c75c
    export EXTENSIONS_FOLDER_PATH\=Gumroad.app/Extensions
    export FILE_LIST\=/Users/gumclaw/work/gp2974-device/ios/build/dd/Build/Intermediates.noindex/Gumroad.build/Release-iphoneos/Gumroad.build/Objects/LinkFileList
    export FIXED_FILES_DIR\=/Users/gumclaw/work/gp2974-device/ios/build/dd/Build/Intermediates.noindex/Gumroad.build/Release-iphoneos/Gumroad.build/FixedFiles
    export FRAMEWORKS_FOLDER_PATH\=Gumroad.app/Frameworks
    export FRAMEWORK_FLAG_PREFIX\=-framework
    export FRAMEWORK_SEARCH_PATHS\=/Users/gumclaw/work/gp2974-device/ios/build/dd/Build/Products/Release-iphoneos\ \ \"/Users/gumclaw/work/gp2974-device/ios/Pods/React-Core-prebuilt\"\ \"/Users/gumclaw/work/gp2974-device/ios/Pods/ReactNativeDependencies/framework/packages/react-native\"\ \"/Users/gumclaw/work/gp2974-device/ios/Pods/hermes-engine/destroot/Library/Frameworks/universal\"\ \"/Users/gumclaw/work/gp2974-device/ios/build/dd/Build/Products/Release-iphoneos/XCFrameworkIntermediates/React-Core-prebuilt\"\ \"/Users/gumclaw/work/gp2974-device/ios/build/dd/Build/Products/Release-iphoneos/XCFrameworkIntermediates/ReactNativeDependencies\"\ \"/Users/gumclaw/work/gp2974-device/ios/build/dd/Build/Products/Release-iphoneos/XCFrameworkIntermediates/hermes-engine/Pre-built\"
    export FRAMEWORK_VERSION\=A
    export FULL_PRODUCT_NAME\=Gumroad.app
    export FUSE_BUILD_PHASES\=YES
    export FUSE_BUILD_SCRIPT_PHASES\=NO
    export GCC3_VERSION\=3.3
    export GCC_C_LANGUAGE_STANDARD\=gnu99
    export GCC_DYNAMIC_NO_PIC\=NO
    export GCC_INLINES_ARE_PRIVATE_EXTERN\=YES
    export GCC_NO_COMMON_BLOCKS\=YES
    export GCC_PFE_FILE_C_DIALECTS\=c\ objective-c\ c++\ objective-c++
    export GCC_PREPROCESSOR_DEFINITIONS\=\ COCOAPODS\=1\ \ SD_WEBP\=1
    export GCC_SYMBOLS_PRIVATE_EXTERN\=YES
    export GCC_THUMB_SUPPORT\=YES
    export GCC_TREAT_WARNINGS_AS_ERRORS\=NO
    export GCC_VERSION\=com.apple.compilers.llvm.clang.1_0
    export GCC_VERSION_IDENTIFIER\=com_apple_compilers_llvm_clang_1_0
    export GCC_WARN_64_TO_32_BIT_CONVERSION\=YES
    export GCC_WARN_ABOUT_RETURN_TYPE\=YES_ERROR
    export GCC_WARN_UNDECLARED_SELECTOR\=YES
    export GCC_WARN_UNINITIALIZED_AUTOS\=YES_AGGRESSIVE
    export GCC_WARN_UNUSED_FUNCTION\=YES
    export GCC_WARN_UNUSED_VARIABLE\=YES
    export GENERATED_MODULEMAP_DIR\=/Users/gumclaw/work/gp2974-device/ios/build/dd/Build/Intermediates.noindex/GeneratedModuleMaps-iphoneos
    export GENERATE_INFOPLIST_FILE\=NO
    export GENERATE_INTERMEDIATE_TEXT_BASED_STUBS\=YES
    export GENERATE_PKGINFO_FILE\=YES
    export GENERATE_PRELINK_OBJECT_FILE\=NO
    export GENERATE_PROFILING_CODE\=NO
    export GENERATE_TEXT_BASED_STUBS\=NO
    export GID\=20
    export GROUP\=staff
    export HEADERMAP_INCLUDES_FLAT_ENTRIES_FOR_TARGET_BEING_BUILT\=YES
    export HEADERMAP_INCLUDES_FRAMEWORK_ENTRIES_FOR_ALL_PRODUCT_TYPES\=YES
    export HEADERMAP_INCLUDES_FRAMEWORK_ENTRIES_FOR_TARGETS_NOT_BEING_BUILT\=YES
    export HEADERMAP_INCLUDES_NONPUBLIC_NONPRIVATE_HEADERS\=YES
    export HEADERMAP_INCLUDES_PROJECT_HEADERS\=YES
    export HEADERMAP_USES_FRAMEWORK_PREFIX_ENTRIES\=YES
    export HEADERMAP_USES_VFS\=NO
    export HEADER_SEARCH_PATHS\=/Users/gumclaw/work/gp2974-device/ios/build/dd/Build/Products/Release-iphoneos/include\ \ \"/Users/gumclaw/work/gp2974-device/ios/Pods/Headers/Public\"\ \"/Users/gumclaw/work/gp2974-device/ios/Pods/Headers/Public/BVLinearGradient\"\ \"/Users/gumclaw/work/gp2974-device/ios/Pods/Headers/Public/EXApplication\"\ \"/Users/gumclaw/work/gp2974-device/ios/Pods/Headers/Public/EXConstants\"\ \"/Users/gumclaw/work/gp2974-device/ios/Pods/Headers/Public/EXJSONUtils\"\ \"/Users/gumclaw/work/gp2974-device/ios/Pods/Headers/Public/Expo\"\ \"/Users/gumclaw/work/gp2974-device/ios/Pods/Headers/Public/ExpoFileSystem\"\ \"/Users/gumclaw/work/gp2974-device/ios/Pods/Headers/Public/ExpoModulesCore\"\ \"/Users/gumclaw/work/gp2974-device/ios/Pods/Headers/Public/ExpoModulesJSI\"\ \"/Users/gumclaw/work/gp2974-device/ios/Pods/Headers/Public/ExpoScreenOrientation\"\ \"/Users/gumclaw/work/gp2974-device/ios/Pods/Headers/Public/ExpoTaskManager\"\ \"/Users/gumclaw/work/gp2974-device/ios/Pods/Headers/Public/ExpoUI\"\ \"/Users/gumclaw/work/gp2974-device/ios/Pods/Headers/Public/FBLazyVector\"\ \"/Users/gumclaw/work/gp2974-device/ios/Pods/Headers/Public/RCTDeprecation\"\ \"/Users/gumclaw/work/gp2974-device/ios/Pods/Headers/Public/RCTRequired\"\ \"/Users/gumclaw/work/gp2974-device/ios/Pods/Headers/Public/RCTSwiftUIWrapper\"\ \"/Users/gumclaw/work/gp2974-device/ios/Pods/Headers/Public/RCTTypeSafety\"\ \"/Users/gumclaw/work/gp2974-device/ios/Pods/Headers/Public/RNGestureHandler\"\ \"/Users/gumclaw/work/gp2974-device/ios/Pods/Headers/Public/RNReanimated\"\ \"/Users/gumclaw/work/gp2974-device/ios/Pods/Headers/Public/RNSVG\"\ \"/Users/gumclaw/work/gp2974-device/ios/Pods/Headers/Public/RNScreens\"\ \"/Users/gumclaw/work/gp2974-device/ios/Pods/Headers/Public/RNSentry\"\ \"/Users/gumclaw/work/gp2974-device/ios/Pods/Headers/Public/RNWorklets\"\ \"/Users/gumclaw/work/gp2974-device/ios/Pods/Headers/Public/React-Core\"\ \"/Users/gumclaw/work/gp2974-device/ios/Pods/Headers/Public/React-Core-prebuilt\"\ \"/Users/gumclaw/work/gp2974-device/ios/Pods/Headers/Public/React-CoreModules\"\ \"/Users/gumclaw/work/gp2974-device/ios/Pods/Headers/Public/React-Fabric\"\ \"/Users/gumclaw/work/gp2974-device/ios/Pods/Headers/Public/React-FabricComponents\"\ \"/Users/gumclaw/work/gp2974-device/ios/Pods/Headers/Public/React-FabricImage\"\ \"/Users/gumclaw/work/gp2974-device/ios/Pods/Headers/Public/React-ImageManager\"\ \"/Users/gumclaw/work/gp2974-device/ios/Pods/Headers/Public/React-Mapbuffer\"\ \"/Users/gumclaw/work/gp2974-device/ios/Pods/Headers/Public/React-NativeModulesApple\"\ \"/Users/gumclaw/work/gp2974-device/ios/Pods/Headers/Public/React-RCTAnimation\"\ \"/Users/gumclaw/work/gp2974-device/ios/Pods/Headers/Public/React-RCTAppDelegate\"\ \"/Users/gumclaw/work/gp2974-device/ios/Pods/Headers/Public/React-RCTBlob\"\ \"/Users/gumclaw/work/gp2974-device/ios/Pods/Headers/Public/React-RCTFBReactNativeSpec\"\ \"/Users/gumclaw/work/gp2974-device/ios/Pods/Headers/Public/React-RCTFabric\"\ \"/Users/gumclaw/work/gp2974-device/ios/Pods/Headers/Public/React-RCTImage\"\ \"/Users/gumclaw/work/gp2974-device/ios/Pods/Headers/Public/React-RCTRuntime\"\ \"/Users/gumclaw/work/gp2974-device/ios/Pods/Headers/Public/React-RCTSettings\"\ \"/Users/gumclaw/work/gp2974-device/ios/Pods/Headers/Public/React-RCTText\"\ \"/Users/gumclaw/work/gp2974-device/ios/Pods/Headers/Public/React-RCTVibration\"\ \"/Users/gumclaw/work/gp2974-device/ios/Pods/Headers/Public/React-RuntimeApple\"\ \"/Users/gumclaw/work/gp2974-device/ios/Pods/Headers/Public/React-RuntimeCore\"\ \"/Users/gumclaw/work/gp2974-device/ios/Pods/Headers/Public/React-RuntimeHermes\"\ \"/Users/gumclaw/work/gp2974-device/ios/Pods/Headers/Public/React-callinvoker\"\ \"/Users/gumclaw/work/gp2974-device/ios/Pods/Headers/Public/React-cxxreact\"\ \"/Users/gumclaw/work/gp2974-device/ios/Pods/Headers/Public/React-debug\"\ \"/Users/gumclaw/work/gp2974-device/ios/Pods/Headers/Public/React-defaultsnativemodule\"\ \"/Users/gumclaw/work/gp2974-device/ios/Pods/Headers/Public/React-domnativemodule\"\ \"/Users/gumclaw/work/gp2974-device/ios/Pods/Headers/Public/React-featureflags\"\ \"/Users/gumclaw/work/gp2974-device/ios/Pods/Headers/Public/React-featureflagsnativemodule\"\ \"/Users/gumclaw/work/gp2974-device/ios/Pods/Headers/Public/React-graphics\"\ \"/Users/gumclaw/work/gp2974-device/ios/Pods/Headers/Public/React-hermes\"\ \"/Users/gumclaw/work/gp2974-device/ios/Pods/Headers/Public/React-idlecallbacksnativemodule\"\ \"/Users/gumclaw/work/gp2974-device/ios/Pods/Headers/Public/React-intersectionobservernativemodule\"\ \"/Users/gumclaw/work/gp2974-device/ios/Pods/Headers/Public/React-jserrorhandler\"\ \"/Users/gumclaw/work/gp2974-device/ios/Pods/Headers/Public/React-jsi\"\ \"/Users/gumclaw/work/gp2974-device/ios/Pods/Headers/Public/React-jsiexecutor\"\ \"/Users/gumclaw/work/gp2974-device/ios/Pods/Headers/Public/React-jsinspector\"\ \"/Users/gumclaw/work/gp2974-device/ios/Pods/Headers/Public/React-jsinspectorcdp\"\ \"/Users/gumclaw/work/gp2974-device/ios/Pods/Headers/Public/React-jsinspectornetwork\"\ \"/Users/gumclaw/work/gp2974-device/ios/Pods/Headers/Public/React-jsinspectortracing\"\ \"/Users/gumclaw/work/gp2974-device/ios/Pods/Headers/Public/React-jsitooling\"\ \"/Users/gumclaw/work/gp2974-device/ios/Pods/Headers/Public/React-logger\"\ \"/Users/gumclaw/work/gp2974-device/ios/Pods/Headers/Public/React-microtasksnativemodule\"\ \"/Users/gumclaw/work/gp2974-device/ios/Pods/Headers/Public/React-networking\"\ \"/Users/gumclaw/work/gp2974-device/ios/Pods/Headers/Public/React-oscompat\"\ \"/Users/gumclaw/work/gp2974-device/ios/Pods/Headers/Public/React-perflogger\"\ \"/Users/gumclaw/work/gp2974-device/ios/Pods/Headers/Public/React-performancecdpmetrics\"\ \"/Users/gumclaw/work/gp2974-device/ios/Pods/Headers/Public/React-performancetimeline\"\ \"/Users/gumclaw/work/gp2974-device/ios/Pods/Headers/Public/React-rendererconsistency\"\ \"/Users/gumclaw/work/gp2974-device/ios/Pods/Headers/Public/React-renderercss\"\ \"/Users/gumclaw/work/gp2974-device/ios/Pods/Headers/Public/React-rendererdebug\"\ \"/Users/gumclaw/work/gp2974-device/ios/Pods/Headers/Public/React-runtimeexecutor\"\ \"/Users/gumclaw/work/gp2974-device/ios/Pods/Headers/Public/React-runtimescheduler\"\ \"/Users/gumclaw/work/gp2974-device/ios/Pods/Headers/Public/React-timing\"\ \"/Users/gumclaw/work/gp2974-device/ios/Pods/Headers/Public/React-utils\"\ \"/Users/gumclaw/work/gp2974-device/ios/Pods/Headers/Public/React-webperformancenativemodule\"\ \"/Users/gumclaw/work/gp2974-device/ios/Pods/Headers/Public/ReactAppDependencyProvider\"\ \"/Users/gumclaw/work/gp2974-device/ios/Pods/Headers/Public/ReactCodegen\"\ \"/Users/gumclaw/work/gp2974-device/ios/Pods/Headers/Public/ReactCommon\"\ \"/Users/gumclaw/work/gp2974-device/ios/Pods/Headers/Public/ReactNativeDependencies\"\ \"/Users/gumclaw/work/gp2974-device/ios/Pods/Headers/Public/SDWebImage\"\ \"/Users/gumclaw/work/gp2974-device/ios/Pods/Headers/Public/SDWebImageAVIFCoder\"\ \"/Users/gumclaw/work/gp2974-device/ios/Pods/Headers/Public/SDWebImageSVGCoder\"\ \"/Users/gumclaw/work/gp2974-device/ios/Pods/Headers/Public/SDWebImageWebPCoder\"\ \"/Users/gumclaw/work/gp2974-device/ios/Pods/Headers/Public/Sentry\"\ \"/Users/gumclaw/work/gp2974-device/ios/Pods/Headers/Public/UMAppLoader\"\ \"/Users/gumclaw/work/gp2974-device/ios/Pods/Headers/Public/Yoga\"\ \"/Users/gumclaw/work/gp2974-device/ios/Pods/Headers/Public/expo-dev-launcher\"\ \"/Users/gumclaw/work/gp2974-device/ios/Pods/Headers/Public/expo-dev-menu\"\ \"/Users/gumclaw/work/gp2974-device/ios/Pods/Headers/Public/hermes-engine\"\ \"/Users/gumclaw/work/gp2974-device/ios/Pods/Headers/Public/libavif\"\ \"/Users/gumclaw/work/gp2974-device/ios/Pods/Headers/Public/libdav1d\"\ \"/Users/gumclaw/work/gp2974-device/ios/Pods/Headers/Public/libwebp\"\ \"/Users/gumclaw/work/gp2974-device/ios/Pods/Headers/Public/react-native-blob-util\"\ \"/Users/gumclaw/work/gp2974-device/ios/Pods/Headers/Public/react-native-context-menu-view\"\ \"/Users/gumclaw/work/gp2974-device/ios/Pods/Headers/Public/react-native-pdf\"\ \"/Users/gumclaw/work/gp2974-device/ios/Pods/Headers/Public/react-native-safe-area-context\"\ \"/Users/gumclaw/work/gp2974-device/ios/Pods/Headers/Public/react-native-webview\"\ \"/Users/gumclaw/work/gp2974-device/ios/build/dd/Build/Products/Release-iphoneos/EXManifests/Swift\ Compatibility\ Header\"\ \"/Users/gumclaw/work/gp2974-device/ios/build/dd/Build/Products/Release-iphoneos/EXUpdatesInterface/Swift\ Compatibility\ Header\"\ \"/Users/gumclaw/work/gp2974-device/ios/build/dd/Build/Products/Release-iphoneos/Expo/Swift\ Compatibility\ Header\"\ \"/Users/gumclaw/work/gp2974-device/ios/Pods/Headers/Private/Yoga\"\ \"/Users/gumclaw/work/gp2974-device/ios/build/dd/Build/Products/Release-iphoneos/ExpoModulesCore/Swift\ Compatibility\ Header\"\ \"/Users/gumclaw/work/gp2974-device/ios/Pods/Headers/Private/Yoga\"\ \"/Users/gumclaw/work/gp2974-device/ios/build/dd/Build/Products/Release-iphoneos/ExpoScreenOrientation/Swift\ Compatibility\ Header\"\ \"/Users/gumclaw/work/gp2974-device/ios/Pods/boost\"\ \"/Users/gumclaw/work/gp2974-device/ios/Pods/boost-for-react-native\"\ \"/Users/gumclaw/work/gp2974-device/ios/Pods/glog\"\ \"/Users/gumclaw/work/gp2974-device/ios/Pods/RCT-Folly\"\ \"/Users/gumclaw/work/gp2974-device/ios/Pods/Headers/Public/React-hermes\"\ \"/Users/gumclaw/work/gp2974-device/ios/Pods/Headers/Public/hermes-engine\"\ \"/Users/gumclaw/work/gp2974-device/ios/Pods/Headers/Public/RNWorklets\"\ \"/Users/gumclaw/work/gp2974-device/ios/Pods/../../node_modules/react-native/ReactCommon\"\ \"/Users/gumclaw/work/gp2974-device/ios/Pods/../../node_modules/react-native-reanimated/apple\"\ \"/Users/gumclaw/work/gp2974-device/ios/Pods/../../node_modules/react-native-reanimated/Common/cpp\"\ \"/Users/gumclaw/work/gp2974-device/ios/Pods/../../node_modules/react-native-reanimated/Common/NativeView\"\ \"/Users/gumclaw/work/gp2974-device/ios/Pods/../../node_modules/react-native-worklets/apple\"\ \"/Users/gumclaw/work/gp2974-device/ios/Pods/../../node_modules/react-native-worklets/Common/cpp\"\ \"/Users/gumclaw/work/gp2974-device/ios/Pods/boost\"\ \"/Users/gumclaw/work/gp2974-device/ios/Pods/boost-for-react-native\"\ \"/Users/gumclaw/work/gp2974-device/ios/Pods/glog\"\ \"/Users/gumclaw/work/gp2974-device/ios/Pods/RCT-Folly\"\ \"/Users/gumclaw/work/gp2974-device/ios/Pods/Headers/Public/React-hermes\"\ \"/Users/gumclaw/work/gp2974-device/ios/Pods/Headers/Public/hermes-engine\"\ \"/Users/gumclaw/work/gp2974-device/ios/Pods/../../node_modules/react-native/ReactCommon\"\ \"/Users/gumclaw/work/gp2974-device/ios/Pods/../../node_modules/react-native-worklets/apple\"\ \"/Users/gumclaw/work/gp2974-device/ios/Pods/../../node_modules/react-native-worklets/Common/cpp\"\ \"/Users/gumclaw/work/gp2974-device/ios/Pods/Headers/Private/React-Core\"\ \"/Users/gumclaw/work/gp2974-device/ios/Pods/Headers/Private/React-Core\"\ \"/Users/gumclaw/work/gp2974-device/ios/Pods/Headers/Private/Yoga\"\ \"/Users/gumclaw/work/gp2974-device/ios/build/dd/Build/Products/Release-iphoneos/expo-dev-menu-interface/Swift\ Compatibility\ Header\"
    export HERMES_CLI_PATH\=/Users/gumclaw/work/gp2974-device/node_modules/hermes-compiler/hermesc/osx-bin/hermesc
    export HOME\=/Users/gumclaw
    export HOST_ARCH\=arm64
    export HOST_PLATFORM\=macosx
    export ICONV\=/usr/bin/iconv
    export IMPLICIT_DEPENDENCY_DOMAIN\=default
    export INDEX_ENABLE_OPTIMIZATION_LEVEL_OVERRIDE\=YES
    export INDEX_STORE_COMPRESS\=NO
    export INDEX_STORE_ONLY_PROJECT_FILES\=NO
    export INFOPLIST_ENABLE_CFBUNDLEICONS_MERGE\=YES
    export INFOPLIST_EXPAND_BUILD_SETTINGS\=YES
    export INFOPLIST_FILE\=Gumroad/Info.plist
    export INFOPLIST_OUTPUT_FORMAT\=binary
    export INFOPLIST_PATH\=Gumroad.app/Info.plist
    export INFOPLIST_PREPROCESS\=NO
    export INFOSTRINGS_PATH\=Gumroad.app/en.lproj/InfoPlist.strings
    export INLINE_PRIVATE_FRAMEWORKS\=NO
    export INSTALLAPI_IGNORE_SKIP_INSTALL\=YES
    export INSTALLHDRS_COPY_PHASE\=NO
    export INSTALLHDRS_SCRIPT_PHASE\=NO
    export INSTALL_DIR\=/tmp/Gumroad.dst/Applications
    export INSTALL_GROUP\=staff
    export INSTALL_MODE_FLAG\=u+w,go-w,a+rX
    export INSTALL_OWNER\=gumclaw
    export INSTALL_PATH\=/Applications
    export INSTALL_ROOT\=/tmp/Gumroad.dst
    export IPHONEOS_DEPLOYMENT_TARGET\=16.2
    export IS_UNOPTIMIZED_BUILD\=NO
    export JAVAC_DEFAULT_FLAGS\=-J-Xms64m\ -J-XX:NewSize\=4M\ -J-Dfile.encoding\=UTF8
    export JAVA_APP_STUB\=/System/Library/Frameworks/JavaVM.framework/Resources/MacOS/JavaApplicationStub
    export JAVA_ARCHIVE_CLASSES\=YES
    export JAVA_ARCHIVE_TYPE\=JAR
    export JAVA_COMPILER\=/usr/bin/javac
    export JAVA_FOLDER_PATH\=Gumroad.app/Java
    export JAVA_FRAMEWORK_RESOURCES_DIRS\=Resources
    export JAVA_JAR_FLAGS\=cv
    export JAVA_SOURCE_SUBDIR\=.
    export JAVA_USE_DEPENDENCIES\=YES
    export JAVA_ZIP_FLAGS\=-urg
    export JIKES_DEFAULT_FLAGS\=+E\ +OLDCSO
    export KASAN_CFLAGS_CLASSIC\=-DKASAN\=1\ -DKASAN_CLASSIC\=1\ -fsanitize\=address\ -mllvm\ -asan-globals-live-support\ -mllvm\ -asan-force-dynamic-shadow
    export KASAN_CFLAGS_TBI\=-DKASAN\=1\ -DKASAN_TBI\=1\ -fsanitize\=kernel-hwaddress\ -mllvm\ -hwasan-recover\=0\ -mllvm\ -hwasan-instrument-atomics\=0\ -mllvm\ -hwasan-instrument-stack\=1\ -mllvm\ -hwasan-generate-tags-with-calls\=1\ -mllvm\ -hwasan-instrument-with-calls\=1\ -mllvm\ -hwasan-use-short-granules\=0\ -mllvm\ -hwasan-memory-access-callback-prefix\=__asan_
    export KASAN_DEFAULT_CFLAGS\=-DKASAN\=1\ -DKASAN_CLASSIC\=1\ -fsanitize\=address\ -mllvm\ -asan-globals-live-support\ -mllvm\ -asan-force-dynamic-shadow
    export KEEP_PRIVATE_EXTERNS\=NO
    export LD_DEPENDENCY_INFO_FILE\=/Users/gumclaw/work/gp2974-device/ios/build/dd/Build/Intermediates.noindex/Gumroad.build/Release-iphoneos/Gumroad.build/Objects-normal/undefined_arch/Gumroad_dependency_info.dat
    export LD_EXPORT_SYMBOLS\=YES
    export LD_GENERATE_MAP_FILE\=NO
    export LD_MAP_FILE_PATH\=/Users/gumclaw/work/gp2974-device/ios/build/dd/Build/Intermediates.noindex/Gumroad.build/Release-iphoneos/Gumroad.build/Gumroad-LinkMap-normal-undefined_arch.txt
    export LD_NO_PIE\=NO
    export LD_QUOTE_LINKER_ARGUMENTS_FOR_COMPILER_DRIVER\=YES
    export LD_RUNPATH_SEARCH_PATHS\=/usr/lib/swift\ \ /usr/lib/swift\ \'@executable_path/Frameworks\'\ \'@loader_path/Frameworks\'\ @executable_path/Frameworks
    export LD_RUNPATH_SEARCH_PATHS_YES\=@loader_path/../Frameworks
    export LD_SHARED_CACHE_ELIGIBLE\=Automatic
    export LD_WARN_DUPLICATE_LIBRARIES\=NO
    export LD_WARN_UNUSED_DYLIBS\=NO
    export LEGACY_DEVELOPER_DIR\=/Applications/Xcode.app/Contents/PlugIns/Xcode3Core.ideplugin/Contents/SharedSupport/Developer
    export LEX\=lex
    export LIBRARY_DEXT_INSTALL_PATH\=/Library/DriverExtensions
    export LIBRARY_FLAG_NOSPACE\=YES
    export LIBRARY_FLAG_PREFIX\=-l
    export LIBRARY_KEXT_INSTALL_PATH\=/Library/Extensions
    export LIBRARY_SEARCH_PATHS\=/Users/gumclaw/work/gp2974-device/ios/build/dd/Build/Products/Release-iphoneos\ /Applications/Xcode.app/Contents/Developer/Platforms/iPhoneOS.platform/Developer/SDKs/iPhoneOS27.0.sdk/usr/lib/swift\ /Users/gumclaw/work/gp2974-device/ios/build/dd/Build/Products/Release-iphoneos/BVLinearGradient\ /Users/gumclaw/work/gp2974-device/ios/build/dd/Build/Products/Release-iphoneos/EXApplication\ /Users/gumclaw/work/gp2974-device/ios/build/dd/Build/Products/Release-iphoneos/EXConstants\ /Users/gumclaw/work/gp2974-device/ios/build/dd/Build/Products/Release-iphoneos/EXJSONUtils\ /Users/gumclaw/work/gp2974-device/ios/build/dd/Build/Products/Release-iphoneos/EXManifests\ /Users/gumclaw/work/gp2974-device/ios/build/dd/Build/Products/Release-iphoneos/EXUpdatesInterface\ /Users/gumclaw/work/gp2974-device/ios/build/dd/Build/Products/Release-iphoneos/Expo\ /Users/gumclaw/work/gp2974-device/ios/build/dd/Build/Products/Release-iphoneos/ExpoAsset\ /Users/gumclaw/work/gp2974-device/ios/build/dd/Build/Products/Release-iphoneos/ExpoBackgroundFetch\ /Users/gumclaw/work/gp2974-device/ios/build/dd/Build/Products/Release-iphoneos/ExpoCrypto\ /Users/gumclaw/work/gp2974-device/ios/build/dd/Build/Products/Release-iphoneos/ExpoDomWebView\ /Users/gumclaw/work/gp2974-device/ios/build/dd/Build/Products/Release-iphoneos/ExpoFileSystem\ /Users/gumclaw/work/gp2974-device/ios/build/dd/Build/Products/Release-iphoneos/ExpoFont\ /Users/gumclaw/work/gp2974-device/ios/build/dd/Build/Products/Release-iphoneos/ExpoGlassEffect\ /Users/gumclaw/work/gp2974-device/ios/build/dd/Build/Products/Release-iphoneos/ExpoHaptics\ /Users/gumclaw/work/gp2974-device/ios/build/dd/Build/Products/Release-iphoneos/ExpoImage\ /Users/gumclaw/work/gp2974-device/ios/build/dd/Build/Products/Release-iphoneos/ExpoKeepAwake\ /Users/gumclaw/work/gp2974-device/ios/build/dd/Build/Products/Release-iphoneos/ExpoLinking\ /Users/gumclaw/work/gp2974-device/ios/build/dd/Build/Products/Release-iphoneos/ExpoLogBox\ /Users/gumclaw/work/gp2974-device/ios/build/dd/Build/Products/Release-iphoneos/ExpoModulesCore\ /Users/gumclaw/work/gp2974-device/ios/build/dd/Build/Products/Release-iphoneos/ExpoModulesJSI\ /Users/gumclaw/work/gp2974-device/ios/build/dd/Build/Products/Release-iphoneos/ExpoNotifications\ /Users/gumclaw/work/gp2974-device/ios/build/dd/Build/Products/Release-iphoneos/ExpoRouter\ /Users/gumclaw/work/gp2974-device/ios/build/dd/Build/Products/Release-iphoneos/ExpoScreenOrientation\ /Users/gumclaw/work/gp2974-device/ios/build/dd/Build/Products/Release-iphoneos/ExpoSecureStore\ /Users/gumclaw/work/gp2974-device/ios/build/dd/Build/Products/Release-iphoneos/ExpoSharing\ /Users/gumclaw/work/gp2974-device/ios/build/dd/Build/Products/Release-iphoneos/ExpoSplashScreen\ /Users/gumclaw/work/gp2974-device/ios/build/dd/Build/Products/Release-iphoneos/ExpoSymbols\ /Users/gumclaw/work/gp2974-device/ios/build/dd/Build/Products/Release-iphoneos/ExpoSystemUI\ /Users/gumclaw/work/gp2974-device/ios/build/dd/Build/Products/Release-iphoneos/ExpoTaskManager\ /Users/gumclaw/work/gp2974-device/ios/build/dd/Build/Products/Release-iphoneos/ExpoUI\ /Users/gumclaw/work/gp2974-device/ios/build/dd/Build/Products/Release-iphoneos/ExpoVideo\ /Users/gumclaw/work/gp2974-device/ios/build/dd/Build/Products/Release-iphoneos/ExpoWebBrowser\ /Users/gumclaw/work/gp2974-device/ios/build/dd/Build/Products/Release-iphoneos/ExpoWidgets\ /Users/gumclaw/work/gp2974-device/ios/build/dd/Build/Products/Release-iphoneos/PdfThumbnail\ /Users/gumclaw/work/gp2974-device/ios/build/dd/Build/Products/Release-iphoneos/RCTSwiftUI\ /Users/gumclaw/work/gp2974-device/ios/build/dd/Build/Products/Release-iphoneos/RCTSwiftUIWrapper\ /Users/gumclaw/work/gp2974-device/ios/build/dd/Build/Products/Release-iphoneos/RNGestureHandler\ /Users/gumclaw/work/gp2974-device/ios/build/dd/Build/Products/Release-iphoneos/RNReanimated\ /Users/gumclaw/work/gp2974-device/ios/build/dd/Build/Products/Release-iphoneos/RNSVG\ /Users/gumclaw/work/gp2974-device/ios/build/dd/Build/Products/Release-iphoneos/RNScreens\ /Users/gumclaw/work/gp2974-device/ios/build/dd/Build/Products/Release-iphoneos/RNSentry\ /Users/gumclaw/work/gp2974-device/ios/build/dd/Build/Products/Release-iphoneos/RNWorklets\ /Users/gumclaw/work/gp2974-device/ios/build/dd/Build/Products/Release-iphoneos/ReactAppDependencyProvider\ /Users/gumclaw/work/gp2974-device/ios/build/dd/Build/Products/Release-iphoneos/ReactCodegen\ /Users/gumclaw/work/gp2974-device/ios/build/dd/Build/Products/Release-iphoneos/SDWebImage\ /Users/gumclaw/work/gp2974-device/ios/build/dd/Build/Products/Release-iphoneos/SDWebImageAVIFCoder\ /Users/gumclaw/work/gp2974-device/ios/build/dd/Build/Products/Release-iphoneos/SDWebImageSVGCoder\ /Users/gumclaw/work/gp2974-device/ios/build/dd/Build/Products/Release-iphoneos/SDWebImageWebPCoder\ /Users/gumclaw/work/gp2974-device/ios/build/dd/Build/Products/Release-iphoneos/Sentry\ /Users/gumclaw/work/gp2974-device/ios/build/dd/Build/Products/Release-iphoneos/SwiftAudioEx\ /Users/gumclaw/work/gp2974-device/ios/build/dd/Build/Products/Release-iphoneos/UMAppLoader\ /Users/gumclaw/work/gp2974-device/ios/build/dd/Build/Products/Release-iphoneos/expo-dev-menu-interface\ /Users/gumclaw/work/gp2974-device/ios/build/dd/Build/Products/Release-iphoneos/libavif\ /Users/gumclaw/work/gp2974-device/ios/build/dd/Build/Products/Release-iphoneos/libdav1d\ /Users/gumclaw/work/gp2974-device/ios/build/dd/Build/Products/Release-iphoneos/libwebp\ /Users/gumclaw/work/gp2974-device/ios/build/dd/Build/Products/Release-iphoneos/react-native-blob-util\ /Users/gumclaw/work/gp2974-device/ios/build/dd/Build/Products/Release-iphoneos/react-native-context-menu-view\ /Users/gumclaw/work/gp2974-device/ios/build/dd/Build/Products/Release-iphoneos/react-native-pdf\ /Users/gumclaw/work/gp2974-device/ios/build/dd/Build/Products/Release-iphoneos/react-native-safe-area-context\ /Users/gumclaw/work/gp2974-device/ios/build/dd/Build/Products/Release-iphoneos/react-native-track-player\ /Users/gumclaw/work/gp2974-device/ios/build/dd/Build/Products/Release-iphoneos/react-native-webview\ /Applications/Xcode.app/Contents/Developer/Toolchains/XcodeDefault.xctoolchain/usr/lib/swift/iphoneos\ /Applications/Xcode.app/Contents/Developer/Platforms/iPhoneOS.platform/Developer/SDKs/iPhoneOS27.0.sdk/usr/lib/swift
    export LINKER_DISPLAYS_MANGLED_NAMES\=NO
    export LINK_FILE_LIST_normal_arm64\=/Users/gumclaw/work/gp2974-device/ios/build/dd/Build/Intermediates.noindex/Gumroad.build/Release-iphoneos/Gumroad.build/Objects-normal/arm64/Gumroad.LinkFileList
    export LINK_OBJC_RUNTIME\=YES
    export LINK_WITH_STANDARD_LIBRARIES\=YES
    export LLVM_TARGET_TRIPLE_OS_VERSION\=ios16.2
    export LLVM_TARGET_TRIPLE_VENDOR\=apple
    export LM_AUX_CONST_METADATA_LIST_PATH_normal_arm64\=/Users/gumclaw/work/gp2974-device/ios/build/dd/Build/Intermediates.noindex/Gumroad.build/Release-iphoneos/Gumroad.build/Objects-normal/arm64/Gumroad.SwiftConstValuesFileList
    export LOCALIZATION_EXPORT_SUPPORTED\=YES
    export LOCALIZATION_PREFERS_STRING_CATALOGS\=NO
    export LOCALIZED_RESOURCES_FOLDER_PATH\=Gumroad.app/en.lproj
    export LOCALIZED_STRING_CODE_COMMENTS\=NO
    export LOCALIZED_STRING_MACRO_NAMES\=NSLocalizedString\ CFCopyLocalizedString
    export LOCALIZED_STRING_SWIFTUI_SUPPORT\=YES
    export LOCAL_ADMIN_APPS_DIR\=/Applications/Utilities
    export LOCAL_APPS_DIR\=/Applications
    export LOCAL_DEVELOPER_DIR\=/Library/Developer
    export LOCAL_LIBRARY_DIR\=/Library
    export LOCROOT\=/Users/gumclaw/work/gp2974-device/ios
    export LOCSYMROOT\=/Users/gumclaw/work/gp2974-device/ios
    export MACH_O_TYPE\=mh_execute
    export MAC_OS_X_PRODUCT_BUILD_VERSION\=26A428
    export MAC_OS_X_VERSION_ACTUAL\=270000
    export MAC_OS_X_VERSION_MAJOR\=270000
    export MAC_OS_X_VERSION_MINOR\=270000
    export MAKE_MERGEABLE\=NO
    export MARKETING_VERSION\=1.0
    export MERGEABLE_LIBRARY\=NO
    export MERGED_BINARY_TYPE\=none
    export MERGE_LINKED_LIBRARIES\=NO
    export METAL_LIBRARY_FILE_BASE\=default
    export METAL_LIBRARY_OUTPUT_DIR\=/Users/gumclaw/work/gp2974-device/ios/build/dd/Build/Products/Release-iphoneos/Gumroad.app
    export MODULES_FOLDER_PATH\=Gumroad.app/Modules
    export MODULE_CACHE_DIR\=/Users/gumclaw/work/gp2974-device/ios/build/dd/ModuleCache.noindex
    export MTL_ENABLE_DEBUG_INFO\=NO
    export NATIVE_ARCH\=arm64
    export NATIVE_ARCH_32_BIT\=arm
    export NATIVE_ARCH_64_BIT\=arm64
    export NATIVE_ARCH_ACTUAL\=arm64
    export NO_COMMON\=YES
    export OBJECT_FILE_DIR\=/Users/gumclaw/work/gp2974-device/ios/build/dd/Build/Intermediates.noindex/Gumroad.build/Release-iphoneos/Gumroad.build/Objects
    export OBJECT_FILE_DIR_normal\=/Users/gumclaw/work/gp2974-device/ios/build/dd/Build/Intermediates.noindex/Gumroad.build/Release-iphoneos/Gumroad.build/Objects-normal
    export OBJROOT\=/Users/gumclaw/work/gp2974-device/ios/build/dd/Build/Intermediates.noindex
    export ONLY_ACTIVE_ARCH\=NO
    export ONLY_ARCH\=arm64
    export OS\=MACOS
    export OSAC\=/usr/bin/osacompile
    export OTHER_CFLAGS\=\ -fmodule-map-file\=\"/Users/gumclaw/work/gp2974-device/ios/build/dd/Build/Products/Release-iphoneos/EXApplication/EXApplication.modulemap\"\ -fmodule-map-file\=\"/Users/gumclaw/work/gp2974-device/ios/build/dd/Build/Products/Release-iphoneos/EXConstants/EXConstants.modulemap\"\ -fmodule-map-file\=\"/Users/gumclaw/work/gp2974-device/ios/build/dd/Build/Products/Release-iphoneos/EXManifests/EXManifests.modulemap\"\ -fmodule-map-file\=\"/Users/gumclaw/work/gp2974-device/ios/build/dd/Build/Products/Release-iphoneos/EXUpdatesInterface/EXUpdatesInterface.modulemap\"\ -fmodule-map-file\=\"/Users/gumclaw/work/gp2974-device/ios/build/dd/Build/Products/Release-iphoneos/Expo/Expo.modulemap\"\ -fmodule-map-file\=\"/Users/gumclaw/work/gp2974-device/ios/build/dd/Build/Products/Release-iphoneos/ExpoAsset/ExpoAsset.modulemap\"\ -fmodule-map-file\=\"/Users/gumclaw/work/gp2974-device/ios/build/dd/Build/Products/Release-iphoneos/ExpoBackgroundFetch/ExpoBackgroundFetch.modulemap\"\ -fmodule-map-file\=\"/Users/gumclaw/work/gp2974-device/ios/build/dd/Build/Products/Release-iphoneos/ExpoCrypto/ExpoCrypto.modulemap\"\ -fmodule-map-file\=\"/Users/gumclaw/work/gp2974-device/ios/build/dd/Build/Products/Release-iphoneos/ExpoDomWebView/ExpoDomWebView.modulemap\"\ -fmodule-map-file\=\"/Users/gumclaw/work/gp2974-device/ios/build/dd/Build/Products/Release-iphoneos/ExpoFileSystem/ExpoFileSystem.modulemap\"\ -fmodule-map-file\=\"/Users/gumclaw/work/gp2974-device/ios/build/dd/Build/Products/Release-iphoneos/ExpoFont/ExpoFont.modulemap\"\ -fmodule-map-file\=\"/Users/gumclaw/work/gp2974-device/ios/build/dd/Build/Products/Release-iphoneos/ExpoGlassEffect/ExpoGlassEffect.modulemap\"\ -fmodule-map-file\=\"/Users/gumclaw/work/gp2974-device/ios/build/dd/Build/Products/Release-iphoneos/ExpoHaptics/ExpoHaptics.modulemap\"\ -fmodule-map-file\=\"/Users/gumclaw/work/gp2974-device/ios/build/dd/Build/Products/Release-iphoneos/ExpoImage/ExpoImage.modulemap\"\ -fmodule-map-file\=\"/Users/gumclaw/work/gp2974-device/ios/build/dd/Build/Products/Release-iphoneos/ExpoKeepAwake/ExpoKeepAwake.modulemap\"\ -fmodule-map-file\=\"/Users/gumclaw/work/gp2974-device/ios/build/dd/Build/Products/Release-iphoneos/ExpoLinking/ExpoLinking.modulemap\"\ -fmodule-map-file\=\"/Users/gumclaw/work/gp2974-device/ios/build/dd/Build/Products/Release-iphoneos/ExpoLogBox/ExpoLogBox.modulemap\"\ -fmodule-map-file\=\"/Users/gumclaw/work/gp2974-device/ios/build/dd/Build/Products/Release-iphoneos/ExpoModulesCore/ExpoModulesCore.modulemap\"\ -fmodule-map-file\=\"/Users/gumclaw/work/gp2974-device/ios/build/dd/Build/Products/Release-iphoneos/ExpoNotifications/ExpoNotifications.modulemap\"\ -fmodule-map-file\=\"/Users/gumclaw/work/gp2974-device/ios/build/dd/Build/Products/Release-iphoneos/ExpoRouter/ExpoRouter.modulemap\"\ -fmodule-map-file\=\"/Users/gumclaw/work/gp2974-device/ios/build/dd/Build/Products/Release-iphoneos/ExpoScreenOrientation/ExpoScreenOrientation.modulemap\"\ -fmodule-map-file\=\"/Users/gumclaw/work/gp2974-device/ios/build/dd/Build/Products/Release-iphoneos/ExpoSecureStore/ExpoSecureStore.modulemap\"\ -fmodule-map-file\=\"/Users/gumclaw/work/gp2974-device/ios/build/dd/Build/Products/Release-iphoneos/ExpoSharing/ExpoSharing.modulemap\"\ -fmodule-map-file\=\"/Users/gumclaw/work/gp2974-device/ios/build/dd/Build/Products/Release-iphoneos/ExpoSplashScreen/ExpoSplashScreen.modulemap\"\ -fmodule-map-file\=\"/Users/gumclaw/work/gp2974-device/ios/build/dd/Build/Products/Release-iphoneos/ExpoSymbols/ExpoSymbols.modulemap\"\ -fmodule-map-file\=\"/Users/gumclaw/work/gp2974-device/ios/build/dd/Build/Products/Release-iphoneos/ExpoSystemUI/ExpoSystemUI.modulemap\"\ -fmodule-map-file\=\"/Users/gumclaw/work/gp2974-device/ios/build/dd/Build/Products/Release-iphoneos/ExpoTaskManager/ExpoTaskManager.modulemap\"\ -fmodule-map-file\=\"/Users/gumclaw/work/gp2974-device/ios/build/dd/Build/Products/Release-iphoneos/ExpoUI/ExpoUI.modulemap\"\ -fmodule-map-file\=\"/Users/gumclaw/work/gp2974-device/ios/build/dd/Build/Products/Release-iphoneos/ExpoVideo/ExpoVideo.modulemap\"\ -fmodule-map-file\=\"/Users/gumclaw/work/gp2974-device/ios/build/dd/Build/Products/Release-iphoneos/ExpoWebBrowser/ExpoWebBrowser.modulemap\"\ -fmodule-map-file\=\"/Users/gumclaw/work/gp2974-device/ios/build/dd/Build/Products/Release-iphoneos/ExpoWidgets/ExpoWidgets.modulemap\"\ -fmodule-map-file\=\"/Users/gumclaw/work/gp2974-device/ios/build/dd/Build/Products/Release-iphoneos/PdfThumbnail/PdfThumbnail.modulemap\"\ -fmodule-map-file\=\"/Users/gumclaw/work/gp2974-device/ios/build/dd/Build/Products/Release-iphoneos/RCTSwiftUI/RCTSwiftUI.modulemap\"\ -fmodule-map-file\=\"/Users/gumclaw/work/gp2974-device/ios/build/dd/Build/Products/Release-iphoneos/RNScreens/RNScreens.modulemap\"\ -fmodule-map-file\=\"/Users/gumclaw/work/gp2974-device/ios/build/dd/Build/Products/Release-iphoneos/Sentry/Sentry.modulemap\"\ -fmodule-map-file\=\"/Users/gumclaw/work/gp2974-device/ios/build/dd/Build/Products/Release-iphoneos/SwiftAudioEx/SwiftAudioEx.modulemap\"\ -fmodule-map-file\=\"/Users/gumclaw/work/gp2974-device/ios/build/dd/Build/Products/Release-iphoneos/expo-dev-menu-interface/EXDevMenuInterface.modulemap\"\ -fmodule-map-file\=\"/Users/gumclaw/work/gp2974-device/ios/build/dd/Build/Products/Release-iphoneos/react-native-track-player/react_native_track_player.modulemap\"\ -fmodule-map-file\=\"/Users/gumclaw/work/gp2974-device/ios/Pods/Headers/Private/SDWebImageSVGCoder/SDWebImageSVGCoder.modulemap\"\ -fmodule-map-file\=\"/Users/gumclaw/work/gp2974-device/ios/Pods/Headers/Private/SDWebImageWebPCoder/SDWebImageWebPCoder.modulemap\"\ -fmodule-map-file\=\"/Users/gumclaw/work/gp2974-device/ios/Pods/Headers/Public/EXJSONUtils/EXJSONUtils.modulemap\"\ -fmodule-map-file\=\"/Users/gumclaw/work/gp2974-device/ios/Pods/Headers/Public/ExpoModulesJSI/ExpoModulesJSI.modulemap\"\ -fmodule-map-file\=\"/Users/gumclaw/work/gp2974-device/ios/Pods/Headers/Public/RNReanimated/RNReanimated.modulemap\"\ -fmodule-map-file\=\"/Users/gumclaw/work/gp2974-device/ios/Pods/Headers/Public/RNWorklets/RNWorklets.modulemap\"\ -fmodule-map-file\=\"/Users/gumclaw/work/gp2974-device/ios/Pods/Headers/Public/ReactAppDependencyProvider/ReactAppDependencyProvider.modulemap\"\ -fmodule-map-file\=\"/Users/gumclaw/work/gp2974-device/ios/Pods/Headers/Public/ReactCodegen/ReactCodegen.modulemap\"\ -fmodule-map-file\=\"/Users/gumclaw/work/gp2974-device/ios/Pods/Headers/Public/SDWebImage/SDWebImage.modulemap\"\ -fmodule-map-file\=\"/Users/gumclaw/work/gp2974-device/ios/Pods/Headers/Public/SDWebImageAVIFCoder/SDWebImageAVIFCoder.modulemap\"\ -fmodule-map-file\=\"/Users/gumclaw/work/gp2974-device/ios/Pods/Headers/Public/UMAppLoader/UMAppLoader.modulemap\"\ -fmodule-map-file\=\"/Users/gumclaw/work/gp2974-device/ios/Pods/Headers/Public/libavif/libavif.modulemap\"\ \ \ -DREACT_NATIVE_MINOR_VERSION\=83\ \ \ -DREACT_NATIVE_MINOR_VERSION\=83\ -DREANIMATED_VERSION\=4.2.1\ \ -DREANIMATED_FEATURE_FLAGS\=\"\[RUNTIME_TEST_FLAG:false\]\[DISABLE_COMMIT_PAUSING_MECHANISM:false\]\[ANDROID_SYNCHRONOUSLY_UPDATE_UI_PROPS:false\]\[IOS_SYNCHRONOUSLY_UPDATE_UI_PROPS:false\]\[EXPERIMENTAL_CSS_ANIMATIONS_FOR_SVG_COMPONENTS:false\]\[USE_SYNCHRONIZABLE_FOR_MUTABLES:false\]\[USE_COMMIT_HOOK_ONLY_FOR_REACT_COMMITS:false\]\[ENABLE_SHARED_ELEMENT_TRANSITIONS:false\]\[FORCE_REACT_RENDER_FOR_SETTLED_ANIMATIONS:false\]\"\ \ -DREACT_NATIVE_MINOR_VERSION\=83\ -DNDEBUG
    export OTHER_CODE_SIGN_FLAGS\=--keychain\ /Users/gumclaw/Library/Keychains/gumclaw-signing.keychain-db
    export OTHER_CPLUSPLUSFLAGS\=\ -fmodule-map-file\=\"/Users/gumclaw/work/gp2974-device/ios/build/dd/Build/Products/Release-iphoneos/EXApplication/EXApplication.modulemap\"\ -fmodule-map-file\=\"/Users/gumclaw/work/gp2974-device/ios/build/dd/Build/Products/Release-iphoneos/EXConstants/EXConstants.modulemap\"\ -fmodule-map-file\=\"/Users/gumclaw/work/gp2974-device/ios/build/dd/Build/Products/Release-iphoneos/EXManifests/EXManifests.modulemap\"\ -fmodule-map-file\=\"/Users/gumclaw/work/gp2974-device/ios/build/dd/Build/Products/Release-iphoneos/EXUpdatesInterface/EXUpdatesInterface.modulemap\"\ -fmodule-map-file\=\"/Users/gumclaw/work/gp2974-device/ios/build/dd/Build/Products/Release-iphoneos/Expo/Expo.modulemap\"\ -fmodule-map-file\=\"/Users/gumclaw/work/gp2974-device/ios/build/dd/Build/Products/Release-iphoneos/ExpoAsset/ExpoAsset.modulemap\"\ -fmodule-map-file\=\"/Users/gumclaw/work/gp2974-device/ios/build/dd/Build/Products/Release-iphoneos/ExpoBackgroundFetch/ExpoBackgroundFetch.modulemap\"\ -fmodule-map-file\=\"/Users/gumclaw/work/gp2974-device/ios/build/dd/Build/Products/Release-iphoneos/ExpoCrypto/ExpoCrypto.modulemap\"\ -fmodule-map-file\=\"/Users/gumclaw/work/gp2974-device/ios/build/dd/Build/Products/Release-iphoneos/ExpoDomWebView/ExpoDomWebView.modulemap\"\ -fmodule-map-file\=\"/Users/gumclaw/work/gp2974-device/ios/build/dd/Build/Products/Release-iphoneos/ExpoFileSystem/ExpoFileSystem.modulemap\"\ -fmodule-map-file\=\"/Users/gumclaw/work/gp2974-device/ios/build/dd/Build/Products/Release-iphoneos/ExpoFont/ExpoFont.modulemap\"\ -fmodule-map-file\=\"/Users/gumclaw/work/gp2974-device/ios/build/dd/Build/Products/Release-iphoneos/ExpoGlassEffect/ExpoGlassEffect.modulemap\"\ -fmodule-map-file\=\"/Users/gumclaw/work/gp2974-device/ios/build/dd/Build/Products/Release-iphoneos/ExpoHaptics/ExpoHaptics.modulemap\"\ -fmodule-map-file\=\"/Users/gumclaw/work/gp2974-device/ios/build/dd/Build/Products/Release-iphoneos/ExpoImage/ExpoImage.modulemap\"\ -fmodule-map-file\=\"/Users/gumclaw/work/gp2974-device/ios/build/dd/Build/Products/Release-iphoneos/ExpoKeepAwake/ExpoKeepAwake.modulemap\"\ -fmodule-map-file\=\"/Users/gumclaw/work/gp2974-device/ios/build/dd/Build/Products/Release-iphoneos/ExpoLinking/ExpoLinking.modulemap\"\ -fmodule-map-file\=\"/Users/gumclaw/work/gp2974-device/ios/build/dd/Build/Products/Release-iphoneos/ExpoLogBox/ExpoLogBox.modulemap\"\ -fmodule-map-file\=\"/Users/gumclaw/work/gp2974-device/ios/build/dd/Build/Products/Release-iphoneos/ExpoModulesCore/ExpoModulesCore.modulemap\"\ -fmodule-map-file\=\"/Users/gumclaw/work/gp2974-device/ios/build/dd/Build/Products/Release-iphoneos/ExpoNotifications/ExpoNotifications.modulemap\"\ -fmodule-map-file\=\"/Users/gumclaw/work/gp2974-device/ios/build/dd/Build/Products/Release-iphoneos/ExpoRouter/ExpoRouter.modulemap\"\ -fmodule-map-file\=\"/Users/gumclaw/work/gp2974-device/ios/build/dd/Build/Products/Release-iphoneos/ExpoScreenOrientation/ExpoScreenOrientation.modulemap\"\ -fmodule-map-file\=\"/Users/gumclaw/work/gp2974-device/ios/build/dd/Build/Products/Release-iphoneos/ExpoSecureStore/ExpoSecureStore.modulemap\"\ -fmodule-map-file\=\"/Users/gumclaw/work/gp2974-device/ios/build/dd/Build/Products/Release-iphoneos/ExpoSharing/ExpoSharing.modulemap\"\ -fmodule-map-file\=\"/Users/gumclaw/work/gp2974-device/ios/build/dd/Build/Products/Release-iphoneos/ExpoSplashScreen/ExpoSplashScreen.modulemap\"\ -fmodule-map-file\=\"/Users/gumclaw/work/gp2974-device/ios/build/dd/Build/Products/Release-iphoneos/ExpoSymbols/ExpoSymbols.modulemap\"\ -fmodule-map-file\=\"/Users/gumclaw/work/gp2974-device/ios/build/dd/Build/Products/Release-iphoneos/ExpoSystemUI/ExpoSystemUI.modulemap\"\ -fmodule-map-file\=\"/Users/gumclaw/work/gp2974-device/ios/build/dd/Build/Products/Release-iphoneos/ExpoTaskManager/ExpoTaskManager.modulemap\"\ -fmodule-map-file\=\"/Users/gumclaw/work/gp2974-device/ios/build/dd/Build/Products/Release-iphoneos/ExpoUI/ExpoUI.modulemap\"\ -fmodule-map-file\=\"/Users/gumclaw/work/gp2974-device/ios/build/dd/Build/Products/Release-iphoneos/ExpoVideo/ExpoVideo.modulemap\"\ -fmodule-map-file\=\"/Users/gumclaw/work/gp2974-device/ios/build/dd/Build/Products/Release-iphoneos/ExpoWebBrowser/ExpoWebBrowser.modulemap\"\ -fmodule-map-file\=\"/Users/gumclaw/work/gp2974-device/ios/build/dd/Build/Products/Release-iphoneos/ExpoWidgets/ExpoWidgets.modulemap\"\ -fmodule-map-file\=\"/Users/gumclaw/work/gp2974-device/ios/build/dd/Build/Products/Release-iphoneos/PdfThumbnail/PdfThumbnail.modulemap\"\ -fmodule-map-file\=\"/Users/gumclaw/work/gp2974-device/ios/build/dd/Build/Products/Release-iphoneos/RCTSwiftUI/RCTSwiftUI.modulemap\"\ -fmodule-map-file\=\"/Users/gumclaw/work/gp2974-device/ios/build/dd/Build/Products/Release-iphoneos/RNScreens/RNScreens.modulemap\"\ -fmodule-map-file\=\"/Users/gumclaw/work/gp2974-device/ios/build/dd/Build/Products/Release-iphoneos/Sentry/Sentry.modulemap\"\ -fmodule-map-file\=\"/Users/gumclaw/work/gp2974-device/ios/build/dd/Build/Products/Release-iphoneos/SwiftAudioEx/SwiftAudioEx.modulemap\"\ -fmodule-map-file\=\"/Users/gumclaw/work/gp2974-device/ios/build/dd/Build/Products/Release-iphoneos/expo-dev-menu-interface/EXDevMenuInterface.modulemap\"\ -fmodule-map-file\=\"/Users/gumclaw/work/gp2974-device/ios/build/dd/Build/Products/Release-iphoneos/react-native-track-player/react_native_track_player.modulemap\"\ -fmodule-map-file\=\"/Users/gumclaw/work/gp2974-device/ios/Pods/Headers/Private/SDWebImageSVGCoder/SDWebImageSVGCoder.modulemap\"\ -fmodule-map-file\=\"/Users/gumclaw/work/gp2974-device/ios/Pods/Headers/Private/SDWebImageWebPCoder/SDWebImageWebPCoder.modulemap\"\ -fmodule-map-file\=\"/Users/gumclaw/work/gp2974-device/ios/Pods/Headers/Public/EXJSONUtils/EXJSONUtils.modulemap\"\ -fmodule-map-file\=\"/Users/gumclaw/work/gp2974-device/ios/Pods/Headers/Public/ExpoModulesJSI/ExpoModulesJSI.modulemap\"\ -fmodule-map-file\=\"/Users/gumclaw/work/gp2974-device/ios/Pods/Headers/Public/RNReanimated/RNReanimated.modulemap\"\ -fmodule-map-file\=\"/Users/gumclaw/work/gp2974-device/ios/Pods/Headers/Public/RNWorklets/RNWorklets.modulemap\"\ -fmodule-map-file\=\"/Users/gumclaw/work/gp2974-device/ios/Pods/Headers/Public/ReactAppDependencyProvider/ReactAppDependencyProvider.modulemap\"\ -fmodule-map-file\=\"/Users/gumclaw/work/gp2974-device/ios/Pods/Headers/Public/ReactCodegen/ReactCodegen.modulemap\"\ -fmodule-map-file\=\"/Users/gumclaw/work/gp2974-device/ios/Pods/Headers/Public/SDWebImage/SDWebImage.modulemap\"\ -fmodule-map-file\=\"/Users/gumclaw/work/gp2974-device/ios/Pods/Headers/Public/SDWebImageAVIFCoder/SDWebImageAVIFCoder.modulemap\"\ -fmodule-map-file\=\"/Users/gumclaw/work/gp2974-device/ios/Pods/Headers/Public/UMAppLoader/UMAppLoader.modulemap\"\ -fmodule-map-file\=\"/Users/gumclaw/work/gp2974-device/ios/Pods/Headers/Public/libavif/libavif.modulemap\"\ \ \ -DREACT_NATIVE_MINOR_VERSION\=83\ \ \ -DREACT_NATIVE_MINOR_VERSION\=83\ -DREANIMATED_VERSION\=4.2.1\ \ -DREANIMATED_FEATURE_FLAGS\=\"\[RUNTIME_TEST_FLAG:false\]\[DISABLE_COMMIT_PAUSING_MECHANISM:false\]\[ANDROID_SYNCHRONOUSLY_UPDATE_UI_PROPS:false\]\[IOS_SYNCHRONOUSLY_UPDATE_UI_PROPS:false\]\[EXPERIMENTAL_CSS_ANIMATIONS_FOR_SVG_COMPONENTS:false\]\[USE_SYNCHRONIZABLE_FOR_MUTABLES:false\]\[USE_COMMIT_HOOK_ONLY_FOR_REACT_COMMITS:false\]\[ENABLE_SHARED_ELEMENT_TRANSITIONS:false\]\[FORCE_REACT_RENDER_FOR_SETTLED_ANIMATIONS:false\]\"\ \ -DREACT_NATIVE_MINOR_VERSION\=83\ -DNDEBUG\ -DNDEBUG\ -DRCT_NEW_ARCH_ENABLED\=1
    export OTHER_LDFLAGS\=\ -ObjC\ -l\"BVLinearGradient\"\ -l\"EXApplication\"\ -l\"EXConstants\"\ -l\"EXJSONUtils\"\ -l\"EXManifests\"\ -l\"EXUpdatesInterface\"\ -l\"Expo\"\ -l\"ExpoAsset\"\ -l\"ExpoBackgroundFetch\"\ -l\"ExpoCrypto\"\ -l\"ExpoDomWebView\"\ -l\"ExpoFileSystem\"\ -l\"ExpoFont\"\ -l\"ExpoGlassEffect\"\ -l\"ExpoHaptics\"\ -l\"ExpoImage\"\ -l\"ExpoKeepAwake\"\ -l\"ExpoLinking\"\ -l\"ExpoLogBox\"\ -l\"ExpoModulesCore\"\ -l\"ExpoModulesJSI\"\ -l\"ExpoNotifications\"\ -l\"ExpoRouter\"\ -l\"ExpoScreenOrientation\"\ -l\"ExpoSecureStore\"\ -l\"ExpoSharing\"\ -l\"ExpoSplashScreen\"\ -l\"ExpoSymbols\"\ -l\"ExpoSystemUI\"\ -l\"ExpoTaskManager\"\ -l\"ExpoUI\"\ -l\"ExpoVideo\"\ -l\"ExpoWebBrowser\"\ -l\"ExpoWidgets\"\ -l\"PdfThumbnail\"\ -l\"RCTSwiftUI\"\ -l\"RCTSwiftUIWrapper\"\ -l\"RNGestureHandler\"\ -l\"RNReanimated\"\ -l\"RNSVG\"\ -l\"RNScreens\"\ -l\"RNSentry\"\ -l\"RNWorklets\"\ -l\"ReactAppDependencyProvider\"\ -l\"ReactCodegen\"\ -l\"SDWebImage\"\ -l\"SDWebImageAVIFCoder\"\ -l\"SDWebImageSVGCoder\"\ -l\"SDWebImageWebPCoder\"\ -l\"Sentry\"\ -l\"SwiftAudioEx\"\ -l\"UMAppLoader\"\ -l\"c++\"\ -l\"expo-dev-menu-interface\"\ -l\"libavif\"\ -l\"libdav1d\"\ -l\"libwebp\"\ -l\"react-native-blob-util\"\ -l\"react-native-context-menu-view\"\ -l\"react-native-pdf\"\ -l\"react-native-safe-area-context\"\ -l\"react-native-track-player\"\ -l\"react-native-webview\"\ -framework\ \"Accelerate\"\ -framework\ \"AudioToolbox\"\ -framework\ \"CoreGraphics\"\ -framework\ \"Foundation\"\ -framework\ \"ImageIO\"\ -framework\ \"MobileCoreServices\"\ -framework\ \"PDFKit\"\ -framework\ \"Photos\"\ -framework\ \"QuartzCore\"\ -framework\ \"React\"\ -framework\ \"ReactNativeDependencies\"\ -framework\ \"UIKit\"\ -framework\ \"hermesvm\"\ -weak_framework\ \"JavaScriptCore\"\ -ObjC\ -lc++
    export OTHER_MODULE_VERIFIER_FLAGS\=\ \"-F/Users/gumclaw/work/gp2974-device/ios/build/dd/Build/Products/Release-iphoneos/BVLinearGradient\"\ \"-F/Users/gumclaw/work/gp2974-device/ios/build/dd/Build/Products/Release-iphoneos/EXApplication\"\ \"-F/Users/gumclaw/work/gp2974-device/ios/build/dd/Build/Products/Release-iphoneos/EXConstants\"\ \"-F/Users/gumclaw/work/gp2974-device/ios/build/dd/Build/Products/Release-iphoneos/EXJSONUtils\"\ \"-F/Users/gumclaw/work/gp2974-device/ios/build/dd/Build/Products/Release-iphoneos/EXManifests\"\ \"-F/Users/gumclaw/work/gp2974-device/ios/build/dd/Build/Products/Release-iphoneos/EXUpdatesInterface\"\ \"-F/Users/gumclaw/work/gp2974-device/ios/build/dd/Build/Products/Release-iphoneos/Expo\"\ \"-F/Users/gumclaw/work/gp2974-device/ios/build/dd/Build/Products/Release-iphoneos/ExpoAsset\"\ \"-F/Users/gumclaw/work/gp2974-device/ios/build/dd/Build/Products/Release-iphoneos/ExpoBackgroundFetch\"\ \"-F/Users/gumclaw/work/gp2974-device/ios/build/dd/Build/Products/Release-iphoneos/ExpoCrypto\"\ \"-F/Users/gumclaw/work/gp2974-device/ios/build/dd/Build/Products/Release-iphoneos/ExpoDomWebView\"\ \"-F/Users/gumclaw/work/gp2974-device/ios/build/dd/Build/Products/Release-iphoneos/ExpoFileSystem\"\ \"-F/Users/gumclaw/work/gp2974-device/ios/build/dd/Build/Products/Release-iphoneos/ExpoFont\"\ \"-F/Users/gumclaw/work/gp2974-device/ios/build/dd/Build/Products/Release-iphoneos/ExpoGlassEffect\"\ \"-F/Users/gumclaw/work/gp2974-device/ios/build/dd/Build/Products/Release-iphoneos/ExpoHaptics\"\ \"-F/Users/gumclaw/work/gp2974-device/ios/build/dd/Build/Products/Release-iphoneos/ExpoImage\"\ \"-F/Users/gumclaw/work/gp2974-device/ios/build/dd/Build/Products/Release-iphoneos/ExpoKeepAwake\"\ \"-F/Users/gumclaw/work/gp2974-device/ios/build/dd/Build/Products/Release-iphoneos/ExpoLinking\"\ \"-F/Users/gumclaw/work/gp2974-device/ios/build/dd/Build/Products/Release-iphoneos/ExpoLogBox\"\ \"-F/Users/gumclaw/work/gp2974-device/ios/build/dd/Build/Products/Release-iphoneos/ExpoModulesCore\"\ \"-F/Users/gumclaw/work/gp2974-device/ios/build/dd/Build/Products/Release-iphoneos/ExpoModulesJSI\"\ \"-F/Users/gumclaw/work/gp2974-device/ios/build/dd/Build/Products/Release-iphoneos/ExpoNotifications\"\ \"-F/Users/gumclaw/work/gp2974-device/ios/build/dd/Build/Products/Release-iphoneos/ExpoRouter\"\ \"-F/Users/gumclaw/work/gp2974-device/ios/build/dd/Build/Products/Release-iphoneos/ExpoScreenOrientation\"\ \"-F/Users/gumclaw/work/gp2974-device/ios/build/dd/Build/Products/Release-iphoneos/ExpoSecureStore\"\ \"-F/Users/gumclaw/work/gp2974-device/ios/build/dd/Build/Products/Release-iphoneos/ExpoSharing\"\ \"-F/Users/gumclaw/work/gp2974-device/ios/build/dd/Build/Products/Release-iphoneos/ExpoSplashScreen\"\ \"-F/Users/gumclaw/work/gp2974-device/ios/build/dd/Build/Products/Release-iphoneos/ExpoSymbols\"\ \"-F/Users/gumclaw/work/gp2974-device/ios/build/dd/Build/Products/Release-iphoneos/ExpoSystemUI\"\ \"-F/Users/gumclaw/work/gp2974-device/ios/build/dd/Build/Products/Release-iphoneos/ExpoTaskManager\"\ \"-F/Users/gumclaw/work/gp2974-device/ios/build/dd/Build/Products/Release-iphoneos/ExpoUI\"\ \"-F/Users/gumclaw/work/gp2974-device/ios/build/dd/Build/Products/Release-iphoneos/ExpoVideo\"\ \"-F/Users/gumclaw/work/gp2974-device/ios/build/dd/Build/Products/Release-iphoneos/ExpoWebBrowser\"\ \"-F/Users/gumclaw/work/gp2974-device/ios/build/dd/Build/Products/Release-iphoneos/ExpoWidgets\"\ \"-F/Users/gumclaw/work/gp2974-device/ios/build/dd/Build/Products/Release-iphoneos/FBLazyVector\"\ \"-F/Users/gumclaw/work/gp2974-device/ios/build/dd/Build/Products/Release-iphoneos/PdfThumbnail\"\ \"-F/Users/gumclaw/work/gp2974-device/ios/build/dd/Build/Products/Release-iphoneos/RCTDeprecation\"\ \"-F/Users/gumclaw/work/gp2974-device/ios/build/dd/Build/Products/Release-iphoneos/RCTRequired\"\ \"-F/Users/gumclaw/work/gp2974-device/ios/build/dd/Build/Products/Release-iphoneos/RCTSwiftUI\"\ \"-F/Users/gumclaw/work/gp2974-device/ios/build/dd/Build/Products/Release-iphoneos/RCTSwiftUIWrapper\"\ \"-F/Users/gumclaw/work/gp2974-device/ios/build/dd/Build/Products/Release-iphoneos/RCTTypeSafety\"\ \"-F/Users/gumclaw/work/gp2974-device/ios/build/dd/Build/Products/Release-iphoneos/RNGestureHandler\"\ \"-F/Users/gumclaw/work/gp2974-device/ios/build/dd/Build/Products/Release-iphoneos/RNReanimated\"\ \"-F/Users/gumclaw/work/gp2974-device/ios/build/dd/Build/Products/Release-iphoneos/RNSVG\"\ \"-F/Users/gumclaw/work/gp2974-device/ios/build/dd/Build/Products/Release-iphoneos/RNScreens\"\ \"-F/Users/gumclaw/work/gp2974-device/ios/build/dd/Build/Products/Release-iphoneos/RNSentry\"\ \"-F/Users/gumclaw/work/gp2974-device/ios/build/dd/Build/Products/Release-iphoneos/RNWorklets\"\ \"-F/Users/gumclaw/work/gp2974-device/ios/build/dd/Build/Products/Release-iphoneos/React\"\ \"-F/Users/gumclaw/work/gp2974-device/ios/build/dd/Build/Products/Release-iphoneos/React-Core\"\ \"-F/Users/gumclaw/work/gp2974-device/ios/build/dd/Build/Products/Release-iphoneos/React-Core-prebuilt\"\ \"-F/Users/gumclaw/work/gp2974-device/ios/build/dd/Build/Products/Release-iphoneos/React-CoreModules\"\ \"-F/Users/gumclaw/work/gp2974-device/ios/build/dd/Build/Products/Release-iphoneos/React-Fabric\"\ \"-F/Users/gumclaw/work/gp2974-device/ios/build/dd/Build/Products/Release-iphoneos/React-FabricComponents\"\ \"-F/Users/gumclaw/work/gp2974-device/ios/build/dd/Build/Products/Release-iphoneos/React-FabricImage\"\ \"-F/Users/gumclaw/work/gp2974-device/ios/build/dd/Build/Products/Release-iphoneos/React-ImageManager\"\ \"-F/Users/gumclaw/work/gp2974-device/ios/build/dd/Build/Products/Release-iphoneos/React-Mapbuffer\"\ \"-F/Users/gumclaw/work/gp2974-device/ios/build/dd/Build/Products/Release-iphoneos/React-NativeModulesApple\"\ \"-F/Users/gumclaw/work/gp2974-device/ios/build/dd/Build/Products/Release-iphoneos/React-RCTActionSheet\"\ \"-F/Users/gumclaw/work/gp2974-device/ios/build/dd/Build/Products/Release-iphoneos/React-RCTAnimation\"\ \"-F/Users/gumclaw/work/gp2974-device/ios/build/dd/Build/Products/Release-iphoneos/React-RCTAppDelegate\"\ \"-F/Users/gumclaw/work/gp2974-device/ios/build/dd/Build/Products/Release-iphoneos/React-RCTBlob\"\ \"-F/Users/gumclaw/work/gp2974-device/ios/build/dd/Build/Products/Release-iphoneos/React-RCTFBReactNativeSpec\"\ \"-F/Users/gumclaw/work/gp2974-device/ios/build/dd/Build/Products/Release-iphoneos/React-RCTFabric\"\ \"-F/Users/gumclaw/work/gp2974-device/ios/build/dd/Build/Products/Release-iphoneos/React-RCTImage\"\ \"-F/Users/gumclaw/work/gp2974-device/ios/build/dd/Build/Products/Release-iphoneos/React-RCTLinking\"\ \"-F/Users/gumclaw/work/gp2974-device/ios/build/dd/Build/Products/Release-iphoneos/React-RCTNetwork\"\ \"-F/Users/gumclaw/work/gp2974-device/ios/build/dd/Build/Products/Release-iphoneos/React-RCTRuntime\"\ \"-F/Users/gumclaw/work/gp2974-device/ios/build/dd/Build/Products/Release-iphoneos/React-RCTSettings\"\ \"-F/Users/gumclaw/work/gp2974-device/ios/build/dd/Build/Products/Release-iphoneos/React-RCTText\"\ \"-F/Users/gumclaw/work/gp2974-device/ios/build/dd/Build/Products/Release-iphoneos/React-RCTVibration\"\ \"-F/Users/gumclaw/work/gp2974-device/ios/build/dd/Build/Products/Release-iphoneos/React-RuntimeApple\"\ \"-F/Users/gumclaw/work/gp2974-device/ios/build/dd/Build/Products/Release-iphoneos/React-RuntimeCore\"\ \"-F/Users/gumclaw/work/gp2974-device/ios/build/dd/Build/Products/Release-iphoneos/React-RuntimeHermes\"\ \"-F/Users/gumclaw/work/gp2974-device/ios/build/dd/Build/Products/Release-iphoneos/React-callinvoker\"\ \"-F/Users/gumclaw/work/gp2974-device/ios/build/dd/Build/Products/Release-iphoneos/React-cxxreact\"\ \"-F/Users/gumclaw/work/gp2974-device/ios/build/dd/Build/Products/Release-iphoneos/React-debug\"\ \"-F/Users/gumclaw/work/gp2974-device/ios/build/dd/Build/Products/Release-iphoneos/React-defaultsnativemodule\"\ \"-F/Users/gumclaw/work/gp2974-device/ios/build/dd/Build/Products/Release-iphoneos/React-domnativemodule\"\ \"-F/Users/gumclaw/work/gp2974-device/ios/build/dd/Build/Products/Release-iphoneos/React-featureflags\"\ \"-F/Users/gumclaw/work/gp2974-device/ios/build/dd/Build/Products/Release-iphoneos/React-featureflagsnativemodule\"\ \"-F/Users/gumclaw/work/gp2974-device/ios/build/dd/Build/Products/Release-iphoneos/React-graphics\"\ \"-F/Users/gumclaw/work/gp2974-device/ios/build/dd/Build/Products/Release-iphoneos/React-hermes\"\ \"-F/Users/gumclaw/work/gp2974-device/ios/build/dd/Build/Products/Release-iphoneos/React-idlecallbacksnativemodule\"\ \"-F/Users/gumclaw/work/gp2974-device/ios/build/dd/Build/Products/Release-iphoneos/React-intersectionobservernativemodule\"\ \"-F/Users/gumclaw/work/gp2974-device/ios/build/dd/Build/Products/Release-iphoneos/React-jserrorhandler\"\ \"-F/Users/gumclaw/work/gp2974-device/ios/build/dd/Build/Products/Release-iphoneos/React-jsi\"\ \"-F/Users/gumclaw/work/gp2974-device/ios/build/dd/Build/Products/Release-iphoneos/React-jsiexecutor\"\ \"-F/Users/gumclaw/work/gp2974-device/ios/build/dd/Build/Products/Release-iphoneos/React-jsinspector\"\ \"-F/Users/gumclaw/work/gp2974-device/ios/build/dd/Build/Products/Release-iphoneos/React-jsinspectorcdp\"\ \"-F/Users/gumclaw/work/gp2974-device/ios/build/dd/Build/Products/Release-iphoneos/React-jsinspectornetwork\"\ \"-F/Users/gumclaw/work/gp2974-device/ios/build/dd/Build/Products/Release-iphoneos/React-jsinspectortracing\"\ \"-F/Users/gumclaw/work/gp2974-device/ios/build/dd/Build/Products/Release-iphoneos/React-jsitooling\"\ \"-F/Users/gumclaw/work/gp2974-device/ios/build/dd/Build/Products/Release-iphoneos/React-jsitracing\"\ \"-F/Users/gumclaw/work/gp2974-device/ios/build/dd/Build/Products/Release-iphoneos/React-logger\"\ \"-F/Users/gumclaw/work/gp2974-device/ios/build/dd/Build/Products/Release-iphoneos/React-microtasksnativemodule\"\ \"-F/Users/gumclaw/work/gp2974-device/ios/build/dd/Build/Products/Release-iphoneos/React-networking\"\ \"-F/Users/gumclaw/work/gp2974-device/ios/build/dd/Build/Products/Release-iphoneos/React-oscompat\"\ \"-F/Users/gumclaw/work/gp2974-device/ios/build/dd/Build/Products/Release-iphoneos/React-perflogger\"\ \"-F/Users/gumclaw/work/gp2974-device/ios/build/dd/Build/Products/Release-iphoneos/React-performancecdpmetrics\"\ \"-F/Users/gumclaw/work/gp2974-device/ios/build/dd/Build/Products/Release-iphoneos/React-performancetimeline\"\ \"-F/Users/gumclaw/work/gp2974-device/ios/build/dd/Build/Products/Release-iphoneos/React-rendererconsistency\"\ \"-F/Users/gumclaw/work/gp2974-device/ios/build/dd/Build/Products/Release-iphoneos/React-renderercss\"\ \"-F/Users/gumclaw/work/gp2974-device/ios/build/dd/Build/Products/Release-iphoneos/React-rendererdebug\"\ \"-F/Users/gumclaw/work/gp2974-device/ios/build/dd/Build/Products/Release-iphoneos/React-runtimeexecutor\"\ \"-F/Users/gumclaw/work/gp2974-device/ios/build/dd/Build/Products/Release-iphoneos/React-runtimescheduler\"\ \"-F/Users/gumclaw/work/gp2974-device/ios/build/dd/Build/Products/Release-iphoneos/React-timing\"\ \"-F/Users/gumclaw/work/gp2974-device/ios/build/dd/Build/Products/Release-iphoneos/React-utils\"\ \"-F/Users/gumclaw/work/gp2974-device/ios/build/dd/Build/Products/Release-iphoneos/React-webperformancenativemodule\"\ \"-F/Users/gumclaw/work/gp2974-device/ios/build/dd/Build/Products/Release-iphoneos/ReactAppDependencyProvider\"\ \"-F/Users/gumclaw/work/gp2974-device/ios/build/dd/Build/Products/Release-iphoneos/ReactCodegen\"\ \"-F/Users/gumclaw/work/gp2974-device/ios/build/dd/Build/Products/Release-iphoneos/ReactCommon\"\ \"-F/Users/gumclaw/work/gp2974-device/ios/build/dd/Build/Products/Release-iphoneos/ReactNativeDependencies\"\ \"-F/Users/gumclaw/work/gp2974-device/ios/build/dd/Build/Products/Release-iphoneos/SDWebImage\"\ \"-F/Users/gumclaw/work/gp2974-device/ios/build/dd/Build/Products/Release-iphoneos/SDWebImageAVIFCoder\"\ \"-F/Users/gumclaw/work/gp2974-device/ios/build/dd/Build/Products/Release-iphoneos/SDWebImageSVGCoder\"\ \"-F/Users/gumclaw/work/gp2974-device/ios/build/dd/Build/Products/Release-iphoneos/SDWebImageWebPCoder\"\ \"-F/Users/gumclaw/work/gp2974-device/ios/build/dd/Build/Products/Release-iphoneos/Sentry\"\ \"-F/Users/gumclaw/work/gp2974-device/ios/build/dd/Build/Products/Release-iphoneos/SwiftAudioEx\"\ \"-F/Users/gumclaw/work/gp2974-device/ios/build/dd/Build/Products/Release-iphoneos/UMAppLoader\"\ \"-F/Users/gumclaw/work/gp2974-device/ios/build/dd/Build/Products/Release-iphoneos/Yoga\"\ \"-F/Users/gumclaw/work/gp2974-device/ios/build/dd/Build/Products/Release-iphoneos/expo-dev-client\"\ \"-F/Users/gumclaw/work/gp2974-device/ios/build/dd/Build/Products/Release-iphoneos/expo-dev-menu-interface\"\ \"-F/Users/gumclaw/work/gp2974-device/ios/build/dd/Build/Products/Release-iphoneos/hermes-engine\"\ \"-F/Users/gumclaw/work/gp2974-device/ios/build/dd/Build/Products/Release-iphoneos/libavif\"\ \"-F/Users/gumclaw/work/gp2974-device/ios/build/dd/Build/Products/Release-iphoneos/libdav1d\"\ \"-F/Users/gumclaw/work/gp2974-device/ios/build/dd/Build/Products/Release-iphoneos/libwebp\"\ \"-F/Users/gumclaw/work/gp2974-device/ios/build/dd/Build/Products/Release-iphoneos/react-native-blob-util\"\ \"-F/Users/gumclaw/work/gp2974-device/ios/build/dd/Build/Products/Release-iphoneos/react-native-context-menu-view\"\ \"-F/Users/gumclaw/work/gp2974-device/ios/build/dd/Build/Products/Release-iphoneos/react-native-pdf\"\ \"-F/Users/gumclaw/work/gp2974-device/ios/build/dd/Build/Products/Release-iphoneos/react-native-safe-area-context\"\ \"-F/Users/gumclaw/work/gp2974-device/ios/build/dd/Build/Products/Release-iphoneos/react-native-track-player\"\ \"-F/Users/gumclaw/work/gp2974-device/ios/build/dd/Build/Products/Release-iphoneos/react-native-webview\"
    export OTHER_SWIFT_FLAGS\=\ -D\ COCOAPODS\ -Xcc\ -fmodule-map-file\=\"/Users/gumclaw/work/gp2974-device/ios/build/dd/Build/Products/Release-iphoneos/EXApplication/EXApplication.modulemap\"\ -Xcc\ -fmodule-map-file\=\"/Users/gumclaw/work/gp2974-device/ios/build/dd/Build/Products/Release-iphoneos/EXConstants/EXConstants.modulemap\"\ -Xcc\ -fmodule-map-file\=\"/Users/gumclaw/work/gp2974-device/ios/build/dd/Build/Products/Release-iphoneos/EXManifests/EXManifests.modulemap\"\ -Xcc\ -fmodule-map-file\=\"/Users/gumclaw/work/gp2974-device/ios/build/dd/Build/Products/Release-iphoneos/EXUpdatesInterface/EXUpdatesInterface.modulemap\"\ -Xcc\ -fmodule-map-file\=\"/Users/gumclaw/work/gp2974-device/ios/build/dd/Build/Products/Release-iphoneos/Expo/Expo.modulemap\"\ -Xcc\ -fmodule-map-file\=\"/Users/gumclaw/work/gp2974-device/ios/build/dd/Build/Products/Release-iphoneos/ExpoAsset/ExpoAsset.modulemap\"\ -Xcc\ -fmodule-map-file\=\"/Users/gumclaw/work/gp2974-device/ios/build/dd/Build/Products/Release-iphoneos/ExpoBackgroundFetch/ExpoBackgroundFetch.modulemap\"\ -Xcc\ -fmodule-map-file\=\"/Users/gumclaw/work/gp2974-device/ios/build/dd/Build/Products/Release-iphoneos/ExpoCrypto/ExpoCrypto.modulemap\"\ -Xcc\ -fmodule-map-file\=\"/Users/gumclaw/work/gp2974-device/ios/build/dd/Build/Products/Release-iphoneos/ExpoDomWebView/ExpoDomWebView.modulemap\"\ -Xcc\ -fmodule-map-file\=\"/Users/gumclaw/work/gp2974-device/ios/build/dd/Build/Products/Release-iphoneos/ExpoFileSystem/ExpoFileSystem.modulemap\"\ -Xcc\ -fmodule-map-file\=\"/Users/gumclaw/work/gp2974-device/ios/build/dd/Build/Products/Release-iphoneos/ExpoFont/ExpoFont.modulemap\"\ -Xcc\ -fmodule-map-file\=\"/Users/gumclaw/work/gp2974-device/ios/build/dd/Build/Products/Release-iphoneos/ExpoGlassEffect/ExpoGlassEffect.modulemap\"\ -Xcc\ -fmodule-map-file\=\"/Users/gumclaw/work/gp2974-device/ios/build/dd/Build/Products/Release-iphoneos/ExpoHaptics/ExpoHaptics.modulemap\"\ -Xcc\ -fmodule-map-file\=\"/Users/gumclaw/work/gp2974-device/ios/build/dd/Build/Products/Release-iphoneos/ExpoImage/ExpoImage.modulemap\"\ -Xcc\ -fmodule-map-file\=\"/Users/gumclaw/work/gp2974-device/ios/build/dd/Build/Products/Release-iphoneos/ExpoKeepAwake/ExpoKeepAwake.modulemap\"\ -Xcc\ -fmodule-map-file\=\"/Users/gumclaw/work/gp2974-device/ios/build/dd/Build/Products/Release-iphoneos/ExpoLinking/ExpoLinking.modulemap\"\ -Xcc\ -fmodule-map-file\=\"/Users/gumclaw/work/gp2974-device/ios/build/dd/Build/Products/Release-iphoneos/ExpoLogBox/ExpoLogBox.modulemap\"\ -Xcc\ -fmodule-map-file\=\"/Users/gumclaw/work/gp2974-device/ios/build/dd/Build/Products/Release-iphoneos/ExpoModulesCore/ExpoModulesCore.modulemap\"\ -Xcc\ -fmodule-map-file\=\"/Users/gumclaw/work/gp2974-device/ios/build/dd/Build/Products/Release-iphoneos/ExpoNotifications/ExpoNotifications.modulemap\"\ -Xcc\ -fmodule-map-file\=\"/Users/gumclaw/work/gp2974-device/ios/build/dd/Build/Products/Release-iphoneos/ExpoRouter/ExpoRouter.modulemap\"\ -Xcc\ -fmodule-map-file\=\"/Users/gumclaw/work/gp2974-device/ios/build/dd/Build/Products/Release-iphoneos/ExpoScreenOrientation/ExpoScreenOrientation.modulemap\"\ -Xcc\ -fmodule-map-file\=\"/Users/gumclaw/work/gp2974-device/ios/build/dd/Build/Products/Release-iphoneos/ExpoSecureStore/ExpoSecureStore.modulemap\"\ -Xcc\ -fmodule-map-file\=\"/Users/gumclaw/work/gp2974-device/ios/build/dd/Build/Products/Release-iphoneos/ExpoSharing/ExpoSharing.modulemap\"\ -Xcc\ -fmodule-map-file\=\"/Users/gumclaw/work/gp2974-device/ios/build/dd/Build/Products/Release-iphoneos/ExpoSplashScreen/ExpoSplashScreen.modulemap\"\ -Xcc\ -fmodule-map-file\=\"/Users/gumclaw/work/gp2974-device/ios/build/dd/Build/Products/Release-iphoneos/ExpoSymbols/ExpoSymbols.modulemap\"\ -Xcc\ -fmodule-map-file\=\"/Users/gumclaw/work/gp2974-device/ios/build/dd/Build/Products/Release-iphoneos/ExpoSystemUI/ExpoSystemUI.modulemap\"\ -Xcc\ -fmodule-map-file\=\"/Users/gumclaw/work/gp2974-device/ios/build/dd/Build/Products/Release-iphoneos/ExpoTaskManager/ExpoTaskManager.modulemap\"\ -Xcc\ -fmodule-map-file\=\"/Users/gumclaw/work/gp2974-device/ios/build/dd/Build/Products/Release-iphoneos/ExpoUI/ExpoUI.modulemap\"\ -Xcc\ -fmodule-map-file\=\"/Users/gumclaw/work/gp2974-device/ios/build/dd/Build/Products/Release-iphoneos/ExpoVideo/ExpoVideo.modulemap\"\ -Xcc\ -fmodule-map-file\=\"/Users/gumclaw/work/gp2974-device/ios/build/dd/Build/Products/Release-iphoneos/ExpoWebBrowser/ExpoWebBrowser.modulemap\"\ -Xcc\ -fmodule-map-file\=\"/Users/gumclaw/work/gp2974-device/ios/build/dd/Build/Products/Release-iphoneos/ExpoWidgets/ExpoWidgets.modulemap\"\ -Xcc\ -fmodule-map-file\=\"/Users/gumclaw/work/gp2974-device/ios/build/dd/Build/Products/Release-iphoneos/PdfThumbnail/PdfThumbnail.modulemap\"\ -Xcc\ -fmodule-map-file\=\"/Users/gumclaw/work/gp2974-device/ios/build/dd/Build/Products/Release-iphoneos/RCTSwiftUI/RCTSwiftUI.modulemap\"\ -Xcc\ -fmodule-map-file\=\"/Users/gumclaw/work/gp2974-device/ios/build/dd/Build/Products/Release-iphoneos/RNScreens/RNScreens.modulemap\"\ -Xcc\ -fmodule-map-file\=\"/Users/gumclaw/work/gp2974-device/ios/build/dd/Build/Products/Release-iphoneos/Sentry/Sentry.modulemap\"\ -Xcc\ -fmodule-map-file\=\"/Users/gumclaw/work/gp2974-device/ios/build/dd/Build/Products/Release-iphoneos/SwiftAudioEx/SwiftAudioEx.modulemap\"\ -Xcc\ -fmodule-map-file\=\"/Users/gumclaw/work/gp2974-device/ios/build/dd/Build/Products/Release-iphoneos/expo-dev-menu-interface/EXDevMenuInterface.modulemap\"\ -Xcc\ -fmodule-map-file\=\"/Users/gumclaw/work/gp2974-device/ios/build/dd/Build/Products/Release-iphoneos/react-native-track-player/react_native_track_player.modulemap\"\ -Xcc\ -fmodule-map-file\=\"/Users/gumclaw/work/gp2974-device/ios/Pods/Headers/Private/SDWebImageSVGCoder/SDWebImageSVGCoder.modulemap\"\ -Xcc\ -fmodule-map-file\=\"/Users/gumclaw/work/gp2974-device/ios/Pods/Headers/Private/SDWebImageWebPCoder/SDWebImageWebPCoder.modulemap\"\ -Xcc\ -fmodule-map-file\=\"/Users/gumclaw/work/gp2974-device/ios/Pods/Headers/Public/EXJSONUtils/EXJSONUtils.modulemap\"\ -Xcc\ -fmodule-map-file\=\"/Users/gumclaw/work/gp2974-device/ios/Pods/Headers/Public/ExpoModulesJSI/ExpoModulesJSI.modulemap\"\ -Xcc\ -fmodule-map-file\=\"/Users/gumclaw/work/gp2974-device/ios/Pods/Headers/Public/RNReanimated/RNReanimated.modulemap\"\ -Xcc\ -fmodule-map-file\=\"/Users/gumclaw/work/gp2974-device/ios/Pods/Headers/Public/RNWorklets/RNWorklets.modulemap\"\ -Xcc\ -fmodule-map-file\=\"/Users/gumclaw/work/gp2974-device/ios/Pods/Headers/Public/ReactAppDependencyProvider/ReactAppDependencyProvider.modulemap\"\ -Xcc\ -fmodule-map-file\=\"/Users/gumclaw/work/gp2974-device/ios/Pods/Headers/Public/ReactCodegen/ReactCodegen.modulemap\"\ -Xcc\ -fmodule-map-file\=\"/Users/gumclaw/work/gp2974-device/ios/Pods/Headers/Public/SDWebImage/SDWebImage.modulemap\"\ -Xcc\ -fmodule-map-file\=\"/Users/gumclaw/work/gp2974-device/ios/Pods/Headers/Public/SDWebImageAVIFCoder/SDWebImageAVIFCoder.modulemap\"\ -Xcc\ -fmodule-map-file\=\"/Users/gumclaw/work/gp2974-device/ios/Pods/Headers/Public/UMAppLoader/UMAppLoader.modulemap\"\ -Xcc\ -fmodule-map-file\=\"/Users/gumclaw/work/gp2974-device/ios/Pods/Headers/Public/libavif/libavif.modulemap\"\ -D\ EXPO_CONFIGURATION_RELEASE
    export PACKAGE_TYPE\=com.apple.package-type.wrapper.application
    export PASCAL_STRINGS\=YES
    export PATH\=/Applications/Xcode.app/Contents/SharedFrameworks/SwiftBuild.framework/Versions/A/PlugIns/SWBBuildService.bundle/Contents/PlugIns/SWBUniversalPlatformPlugin.bundle/Contents/Frameworks/SWBUniversalPlatform.framework/Resources:/Applications/Xcode.app/Contents/Developer/Toolchains/XcodeDefault.xctoolchain/usr/bin:/Applications/Xcode.app/Contents/Developer/Toolchains/XcodeDefault.xctoolchain/usr/local/bin:/Applications/Xcode.app/Contents/Developer/Toolchains/XcodeDefault.xctoolchain/usr/libexec:/Applications/Xcode.app/Contents/Developer/Platforms/iPhoneOS.platform/usr/bin:/Applications/Xcode.app/Contents/Developer/Platforms/iPhoneOS.platform/usr/local/bin:/Applications/Xcode.app/Contents/Developer/Platforms/iPhoneOS.platform/Developer/usr/bin:/Applications/Xcode.app/Contents/Developer/Platforms/iPhoneOS.platform/Developer/usr/local/bin:/Applications/Xcode.app/Contents/Developer/usr/bin:/Applications/Xcode.app/Contents/Developer/usr/local/bin:/Users/gumclaw/.gusto/bin:/Users/gumclaw/.npm-global/bin:/Users/gumclaw/.rbenv/shims:/Users/gumclaw/.nodenv/shims:/Users/gumclaw/.local/bin:/opt/homebrew/bin:/usr/local/bin:/System/Cryptexes/App/usr/bin:/usr/bin:/bin:/usr/sbin:/sbin:/var/run/com.apple.security.cryptexd/codex.system/bootstrap/usr/local/bin:/var/run/com.apple.security.cryptexd/codex.system/bootstrap/usr/bin:/var/run/com.apple.security.cryptexd/codex.system/bootstrap/usr/appleinternal/bin:/opt/pkg/env/active/bin:/opt/pmk/env/global/bin:/opt/X11/bin:/Library/Apple/usr/bin:/usr/local/MacGPG2/bin:/Library/Frameworks/Mono.framework/Versions/Current/Commands:/Applications/Postgres.app/Contents/Versions/latest/bin:/var/folders/b8/m3wdk1md2zx4zcr6xhkd2k2m0000gq/T/.tmpilcVkY:/Users/gumclaw/bin:/opt/homebrew/sbin:/Users/gumclaw/.maestro/bin
    export PATH_PREFIXES_EXCLUDED_FROM_HEADER_DEPENDENCIES\=/usr/include\ /usr/local/include\ /System/Library/Frameworks\ /System/Library/PrivateFrameworks\ /Applications/Xcode.app/Contents/Developer/Headers\ /Applications/Xcode.app/Contents/Developer/SDKs\ /Applications/Xcode.app/Contents/Developer/Platforms
    export PBDEVELOPMENTPLIST_PATH\=Gumroad.app/pbdevelopment.plist
    export PER_ARCH_MODULE_FILE_DIR\=/Users/gumclaw/work/gp2974-device/ios/build/dd/Build/Intermediates.noindex/Gumroad.build/Release-iphoneos/Gumroad.build/Objects-normal/undefined_arch
    export PER_ARCH_OBJECT_FILE_DIR\=/Users/gumclaw/work/gp2974-device/ios/build/dd/Build/Intermediates.noindex/Gumroad.build/Release-iphoneos/Gumroad.build/Objects-normal/undefined_arch
    export PER_VARIANT_OBJECT_FILE_DIR\=/Users/gumclaw/work/gp2974-device/ios/build/dd/Build/Intermediates.noindex/Gumroad.build/Release-iphoneos/Gumroad.build/Objects-normal
    export PKGINFO_FILE_PATH\=/Users/gumclaw/work/gp2974-device/ios/build/dd/Build/Intermediates.noindex/Gumroad.build/Release-iphoneos/Gumroad.build/PkgInfo
    export PKGINFO_PATH\=Gumroad.app/PkgInfo
    export PLATFORM_DEVELOPER_APPLICATIONS_DIR\=/Applications/Xcode.app/Contents/Developer/Platforms/iPhoneOS.platform/Developer/Applications
    export PLATFORM_DEVELOPER_BIN_DIR\=/Applications/Xcode.app/Contents/Developer/Platforms/iPhoneOS.platform/Developer/usr/bin
    export PLATFORM_DEVELOPER_LIBRARY_DIR\=/Applications/Xcode.app/Contents/Developer/Platforms/iPhoneOS.platform/Developer/Library
    export PLATFORM_DEVELOPER_SDK_DIR\=/Applications/Xcode.app/Contents/Developer/Platforms/iPhoneOS.platform/Developer/SDKs
    export PLATFORM_DEVELOPER_TOOLS_DIR\=/Applications/Xcode.app/Contents/Developer/Platforms/iPhoneOS.platform/Developer/Tools
    export PLATFORM_DEVELOPER_USR_DIR\=/Applications/Xcode.app/Contents/Developer/Platforms/iPhoneOS.platform/Developer/usr
    export PLATFORM_DIR\=/Applications/Xcode.app/Contents/Developer/Platforms/iPhoneOS.platform
    export PLATFORM_DISPLAY_NAME\=iOS
    export PLATFORM_FAMILY_NAME\=iOS
    export PLATFORM_NAME\=iphoneos
    export PLATFORM_PREFERRED_ARCH\=arm64
    export PLATFORM_PRODUCT_BUILD_VERSION\=24A430
    export PLATFORM_REQUIRES_SWIFT_AUTOLINK_EXTRACT\=NO
    export PLATFORM_REQUIRES_SWIFT_MODULEWRAP\=NO
    export PLATFORM_USES_DSYMS\=YES
    export PLIST_FILE_OUTPUT_FORMAT\=binary
    export PLUGINS_FOLDER_PATH\=Gumroad.app/PlugIns
    export PODS_BUILD_DIR\=/Users/gumclaw/work/gp2974-device/ios/build/dd/Build/Products
    export PODS_CONFIGURATION_BUILD_DIR\=/Users/gumclaw/work/gp2974-device/ios/build/dd/Build/Products/Release-iphoneos
    export PODS_PODFILE_DIR_PATH\=/Users/gumclaw/work/gp2974-device/ios/.
    export PODS_ROOT\=/Users/gumclaw/work/gp2974-device/ios/Pods
    export PODS_XCFRAMEWORKS_BUILD_DIR\=/Users/gumclaw/work/gp2974-device/ios/build/dd/Build/Products/Release-iphoneos/XCFrameworkIntermediates
    export PRECOMPS_INCLUDE_HEADERS_FROM_BUILT_PRODUCTS_DIR\=YES
    export PRECOMP_DESTINATION_DIR\=/Users/gumclaw/work/gp2974-device/ios/build/dd/Build/Intermediates.noindex/Gumroad.build/Release-iphoneos/Gumroad.build/PrefixHeaders
    export PRELINK_DEPENDENCY_INFO_FILE\=/Users/gumclaw/work/gp2974-device/ios/build/dd/Build/Intermediates.noindex/Gumroad.build/Release-iphoneos/Gumroad.build/Objects-normal/undefined_arch/Gumroad_prelink_dependency_info.dat
    export PRIVATE_HEADERS_FOLDER_PATH\=Gumroad.app/PrivateHeaders
    export PROCESSED_INFOPLIST_PATH\=/Users/gumclaw/work/gp2974-device/ios/build/dd/Build/Intermediates.noindex/Gumroad.build/Release-iphoneos/Gumroad.build/Objects-normal/undefined_arch/Processed-Info.plist
    export PRODUCT_BUNDLE_IDENTIFIER\=com.GRD.Gumroad
    export PRODUCT_BUNDLE_PACKAGE_TYPE\=APPL
    export PRODUCT_MODULE_NAME\=Gumroad
    export PRODUCT_NAME\=Gumroad
    export PRODUCT_SETTINGS_PATH\=/Users/gumclaw/work/gp2974-device/ios/Gumroad/Info.plist
    export PRODUCT_TYPE\=com.apple.product-type.application
    export PROFILING_CODE\=NO
    export PROJECT\=Gumroad
    export PROJECT_DERIVED_FILE_DIR\=/Users/gumclaw/work/gp2974-device/ios/build/dd/Build/Intermediates.noindex/Gumroad.build/DerivedSources
    export PROJECT_DIR\=/Users/gumclaw/work/gp2974-device/ios
    export PROJECT_FILE_PATH\=/Users/gumclaw/work/gp2974-device/ios/Gumroad.xcodeproj
    export PROJECT_GUID\=88889b1882ab139fbc4ce6147f23b038
    export PROJECT_NAME\=Gumroad
    export PROJECT_TEMP_DIR\=/Users/gumclaw/work/gp2974-device/ios/build/dd/Build/Intermediates.noindex/Gumroad.build
    export PROJECT_TEMP_ROOT\=/Users/gumclaw/work/gp2974-device/ios/build/dd/Build/Intermediates.noindex
    export PROVISIONING_PROFILE_REQUIRED\=YES
    export PROVISIONING_PROFILE_REQUIRED_YES_YES\=YES
    export PROVISIONING_PROFILE_SPECIFIER\=gumclaw\ agent\ dev\ com.GRD.Gumroad
    export PROVISIONING_PROFILE_SUPPORTED\=YES
    export PUBLIC_HEADERS_FOLDER_PATH\=Gumroad.app/Headers
    export REACT_NATIVE_PATH\=/Users/gumclaw/work/gp2974-device/ios/Pods/../../node_modules/react-native
    export RECOMMENDED_IPHONEOS_DEPLOYMENT_TARGET\=17.0
    export RECURSIVE_SEARCH_PATHS_FOLLOW_SYMLINKS\=YES
    export REMOVE_CVS_FROM_RESOURCES\=YES
    export REMOVE_GIT_FROM_RESOURCES\=YES
    export REMOVE_HEADERS_FROM_EMBEDDED_BUNDLES\=YES
    export REMOVE_HG_FROM_RESOURCES\=YES
    export REMOVE_STATIC_EXECUTABLES_FROM_EMBEDDED_BUNDLES\=YES
    export REMOVE_SVN_FROM_RESOURCES\=YES
    export RESCHEDULE_INDEPENDENT_HEADERS_PHASES\=YES
    export REZ_COLLECTOR_DIR\=/Users/gumclaw/work/gp2974-device/ios/build/dd/Build/Intermediates.noindex/Gumroad.build/Release-iphoneos/Gumroad.build/ResourceManagerResources
    export REZ_OBJECTS_DIR\=/Users/gumclaw/work/gp2974-device/ios/build/dd/Build/Intermediates.noindex/Gumroad.build/Release-iphoneos/Gumroad.build/ResourceManagerResources/Objects
    export REZ_SEARCH_PATHS\=/Users/gumclaw/work/gp2974-device/ios/build/dd/Build/Products/Release-iphoneos\ 
    export RPATH_ORIGIN\=@loader_path
    export RUNTIME_EXCEPTION_ALLOW_DYLD_ENVIRONMENT_VARIABLES\=NO
    export RUNTIME_EXCEPTION_ALLOW_JIT\=NO
    export RUNTIME_EXCEPTION_ALLOW_UNSIGNED_EXECUTABLE_MEMORY\=NO
    export RUNTIME_EXCEPTION_DEBUGGING_TOOL\=NO
    export RUNTIME_EXCEPTION_DISABLE_EXECUTABLE_PAGE_PROTECTION\=NO
    export RUNTIME_EXCEPTION_DISABLE_LIBRARY_VALIDATION\=NO
    export SCANNING_PCM_KEEP_CACHE_DIRECTORY\=YES
    export SCAN_ALL_SOURCE_FILES_FOR_INCLUDES\=NO
    export SCRIPTS_FOLDER_PATH\=Gumroad.app/Scripts
    export SCRIPT_INPUT_FILE_0\=/Users/gumclaw/work/gp2974-device/ios/.xcode.env
    export SCRIPT_INPUT_FILE_1\=/Users/gumclaw/work/gp2974-device/ios/.xcode.env.local
    export SCRIPT_INPUT_FILE_COUNT\=2
    export SCRIPT_INPUT_FILE_LIST_COUNT\=0
    export SCRIPT_OUTPUT_FILE_COUNT\=0
    export SCRIPT_OUTPUT_FILE_LIST_COUNT\=0
    export SDKROOT\=/Applications/Xcode.app/Contents/Developer/Platforms/iPhoneOS.platform/Developer/SDKs/iPhoneOS27.0.sdk
    export SDK_DIR\=/Applications/Xcode.app/Contents/Developer/Platforms/iPhoneOS.platform/Developer/SDKs/iPhoneOS27.0.sdk
    export SDK_DIR_iphoneos\=/Applications/Xcode.app/Contents/Developer/Platforms/iPhoneOS.platform/Developer/SDKs/iPhoneOS27.0.sdk
    export SDK_DIR_iphoneos27_0\=/Applications/Xcode.app/Contents/Developer/Platforms/iPhoneOS.platform/Developer/SDKs/iPhoneOS27.0.sdk
    export SDK_NAME\=iphoneos27.0
    export SDK_NAMES\=iphoneos27.0
    export SDK_PRODUCT_BUILD_VERSION\=24A430
    export SDK_STAT_CACHE_DIR\=/Users/gumclaw/work/gp2974-device/ios/build/dd
    export SDK_STAT_CACHE_ENABLE\=YES
    export SDK_STAT_CACHE_PATH\=/Users/gumclaw/work/gp2974-device/ios/build/dd/SDKStatCaches.noindex/iphoneos27.0-24A430-6c78b3cbc238196c85e1bf6c792c5915.sdkstatcache
    export SDK_VERSION\=27.0
    export SDK_VERSION_ACTUAL\=270000
    export SDK_VERSION_MAJOR\=270000
    export SDK_VERSION_MINOR\=270000
    export SED\=/usr/bin/sed
    export SEPARATE_STRIP\=NO
    export SEPARATE_SYMBOL_EDIT\=NO
    export SET_DIR_MODE_OWNER_GROUP\=YES
    export SET_FILE_MODE_OWNER_GROUP\=NO
    export SHALLOW_BUNDLE\=YES
    export SHALLOW_BUNDLE_TRIPLE\=ios
    export SHALLOW_BUNDLE_ios_macabi\=NO
    export SHALLOW_BUNDLE_macos\=NO
    export SHARED_DERIVED_FILE_DIR\=/Users/gumclaw/work/gp2974-device/ios/build/dd/Build/Products/Release-iphoneos/DerivedSources
    export SHARED_FRAMEWORKS_FOLDER_PATH\=Gumroad.app/SharedFrameworks
    export SHARED_PRECOMPS_DIR\=/Users/gumclaw/work/gp2974-device/ios/build/dd/Build/Intermediates.noindex/PrecompiledHeaders
    export SHARED_SUPPORT_FOLDER_PATH\=Gumroad.app/SharedSupport
    export SKIP_COPYING_TEST_FRAMEWORKS\=YES
    export SKIP_INSTALL\=NO
    export SKIP_MERGEABLE_LIBRARY_BUNDLE_HOOK\=NO
    export SOURCE_ROOT\=/Users/gumclaw/work/gp2974-device/ios
    export SRCROOT\=/Users/gumclaw/work/gp2974-device/ios
    export STRINGSDATA_DIR\=/Users/gumclaw/work/gp2974-device/ios/build/dd/Build/Intermediates.noindex/Gumroad.build/Release-iphoneos/Gumroad.build/Objects-normal/undefined_arch
    export STRINGSDATA_ROOT\=/Users/gumclaw/work/gp2974-device/ios/build/dd/Build/Intermediates.noindex/Gumroad.build/Release-iphoneos/Gumroad.build
    export STRINGS_FILE_INFOPLIST_RENAME\=YES
    export STRINGS_FILE_OUTPUT_ENCODING\=binary
    export STRING_CATALOG_GENERATE_SYMBOLS\=NO
    export STRIP_BITCODE_FROM_COPIED_FILES\=YES
    export STRIP_INSTALLED_PRODUCT\=YES
    export STRIP_STYLE\=all
    export STRIP_SWIFT_SYMBOLS\=YES
    export SUPPORTED_DEVICE_FAMILIES\=1,2
    export SUPPORTED_PLATFORMS\=iphoneos\ iphonesimulator
    export SUPPORTS_MACCATALYST\=NO
    export SUPPORTS_MAC_DESIGNED_FOR_IPHONE_IPAD\=YES
    export SUPPORTS_ON_DEMAND_RESOURCES\=YES
    export SUPPORTS_TEXT_BASED_API\=NO
    export SUPPORTS_XR_DESIGNED_FOR_IPHONE_IPAD\=YES
    export SUPPRESS_WARNINGS\=NO
    export SWIFTC_PASS_SDKROOT\=YES
    export SWIFTC_PASS_SYSROOT\=NO
    export SWIFT_COLOR_DIAGNOSTICS\=NO
    export SWIFT_EMIT_CONST_VALUE_PROTOCOLS\=AnyResolverProviding\ AppEntity\ AppEnum\ AppExtension\ AppIntent\ AppIntentsPackage\ AppShortcutProviding\ AppShortcutsProvider\ AppUnionValue\ AppUnionValueCasesProviding\ DynamicOptionsProvider\ EntityQuery\ ExtensionPointDefining\ IntentValueQuery\ Resolver\ TransientEntity\ _AssistantIntentsProvider\ _GenerativeFunctionExtractable\ _IntentValueRepresentable
    export SWIFT_EMIT_LOC_STRINGS\=NO
    export SWIFT_ENABLE_EXPLICIT_MODULES\=NO
    export SWIFT_INCLUDE_PATHS\=/Users/gumclaw/work/gp2974-device/ios/build/dd/Build/Products/Release-iphoneos\ \ \"/Users/gumclaw/work/gp2974-device/ios/build/dd/Build/Products/Release-iphoneos/EXApplication\"\ \"/Users/gumclaw/work/gp2974-device/ios/build/dd/Build/Products/Release-iphoneos/EXConstants\"\ \"/Users/gumclaw/work/gp2974-device/ios/build/dd/Build/Products/Release-iphoneos/EXManifests\"\ \"/Users/gumclaw/work/gp2974-device/ios/build/dd/Build/Products/Release-iphoneos/EXUpdatesInterface\"\ \"/Users/gumclaw/work/gp2974-device/ios/build/dd/Build/Products/Release-iphoneos/Expo\"\ \"/Users/gumclaw/work/gp2974-device/ios/build/dd/Build/Products/Release-iphoneos/ExpoAsset\"\ \"/Users/gumclaw/work/gp2974-device/ios/build/dd/Build/Products/Release-iphoneos/ExpoBackgroundFetch\"\ \"/Users/gumclaw/work/gp2974-device/ios/build/dd/Build/Products/Release-iphoneos/ExpoCrypto\"\ \"/Users/gumclaw/work/gp2974-device/ios/build/dd/Build/Products/Release-iphoneos/ExpoDomWebView\"\ \"/Users/gumclaw/work/gp2974-device/ios/build/dd/Build/Products/Release-iphoneos/ExpoFileSystem\"\ \"/Users/gumclaw/work/gp2974-device/ios/build/dd/Build/Products/Release-iphoneos/ExpoFont\"\ \"/Users/gumclaw/work/gp2974-device/ios/build/dd/Build/Products/Release-iphoneos/ExpoGlassEffect\"\ \"/Users/gumclaw/work/gp2974-device/ios/build/dd/Build/Products/Release-iphoneos/ExpoHaptics\"\ \"/Users/gumclaw/work/gp2974-device/ios/build/dd/Build/Products/Release-iphoneos/ExpoImage\"\ \"/Users/gumclaw/work/gp2974-device/ios/build/dd/Build/Products/Release-iphoneos/ExpoKeepAwake\"\ \"/Users/gumclaw/work/gp2974-device/ios/build/dd/Build/Products/Release-iphoneos/ExpoLinking\"\ \"/Users/gumclaw/work/gp2974-device/ios/build/dd/Build/Products/Release-iphoneos/ExpoLogBox\"\ \"/Users/gumclaw/work/gp2974-device/ios/build/dd/Build/Products/Release-iphoneos/ExpoModulesCore\"\ \"/Users/gumclaw/work/gp2974-device/ios/build/dd/Build/Products/Release-iphoneos/ExpoNotifications\"\ \"/Users/gumclaw/work/gp2974-device/ios/build/dd/Build/Products/Release-iphoneos/ExpoRouter\"\ \"/Users/gumclaw/work/gp2974-device/ios/build/dd/Build/Products/Release-iphoneos/ExpoScreenOrientation\"\ \"/Users/gumclaw/work/gp2974-device/ios/build/dd/Build/Products/Release-iphoneos/ExpoSecureStore\"\ \"/Users/gumclaw/work/gp2974-device/ios/build/dd/Build/Products/Release-iphoneos/ExpoSharing\"\ \"/Users/gumclaw/work/gp2974-device/ios/build/dd/Build/Products/Release-iphoneos/ExpoSplashScreen\"\ \"/Users/gumclaw/work/gp2974-device/ios/build/dd/Build/Products/Release-iphoneos/ExpoSymbols\"\ \"/Users/gumclaw/work/gp2974-device/ios/build/dd/Build/Products/Release-iphoneos/ExpoSystemUI\"\ \"/Users/gumclaw/work/gp2974-device/ios/build/dd/Build/Products/Release-iphoneos/ExpoTaskManager\"\ \"/Users/gumclaw/work/gp2974-device/ios/build/dd/Build/Products/Release-iphoneos/ExpoUI\"\ \"/Users/gumclaw/work/gp2974-device/ios/build/dd/Build/Products/Release-iphoneos/ExpoVideo\"\ \"/Users/gumclaw/work/gp2974-device/ios/build/dd/Build/Products/Release-iphoneos/ExpoWebBrowser\"\ \"/Users/gumclaw/work/gp2974-device/ios/build/dd/Build/Products/Release-iphoneos/ExpoWidgets\"\ \"/Users/gumclaw/work/gp2974-device/ios/build/dd/Build/Products/Release-iphoneos/PdfThumbnail\"\ \"/Users/gumclaw/work/gp2974-device/ios/build/dd/Build/Products/Release-iphoneos/RCTSwiftUI\"\ \"/Users/gumclaw/work/gp2974-device/ios/build/dd/Build/Products/Release-iphoneos/RNScreens\"\ \"/Users/gumclaw/work/gp2974-device/ios/build/dd/Build/Products/Release-iphoneos/Sentry\"\ \"/Users/gumclaw/work/gp2974-device/ios/build/dd/Build/Products/Release-iphoneos/SwiftAudioEx\"\ \"/Users/gumclaw/work/gp2974-device/ios/build/dd/Build/Products/Release-iphoneos/expo-dev-menu-interface\"\ \"/Users/gumclaw/work/gp2974-device/ios/build/dd/Build/Products/Release-iphoneos/react-native-track-player\"
    export SWIFT_OBJC_BRIDGING_HEADER\=Gumroad/Gumroad-Bridging-Header.h
    export SWIFT_PLATFORM_TARGET_PREFIX\=ios
    export SWIFT_RESPONSE_FILE_PATH_normal_arm64\=/Users/gumclaw/work/gp2974-device/ios/build/dd/Build/Intermediates.noindex/Gumroad.build/Release-iphoneos/Gumroad.build/Objects-normal/arm64/Gumroad.SwiftFileList
    export SWIFT_VERSION\=5.0
    export SYMROOT\=/Users/gumclaw/work/gp2974-device/ios/build/dd/Build/Products
    export SYSROOT\=/Applications/Xcode.app/Contents/Developer/Platforms/iPhoneOS.platform/Developer/SDKs/iPhoneOS27.0.sdk
    export SYSTEM_ADMIN_APPS_DIR\=/Applications/Utilities
    export SYSTEM_APPS_DIR\=/Applications
    export SYSTEM_CORE_SERVICES_DIR\=/System/Library/CoreServices
    export SYSTEM_DEMOS_DIR\=/Applications/Extras
    export SYSTEM_DEVELOPER_APPS_DIR\=/Applications/Xcode.app/Contents/Developer/Applications
    export SYSTEM_DEVELOPER_BIN_DIR\=/Applications/Xcode.app/Contents/Developer/usr/bin
    export SYSTEM_DEVELOPER_DEMOS_DIR\=/Applications/Xcode.app/Contents/Developer/Applications/Utilities/Built\ Examples
    export SYSTEM_DEVELOPER_DIR\=/Applications/Xcode.app/Contents/Developer
    export SYSTEM_DEVELOPER_DOC_DIR\=/Applications/Xcode.app/Contents/Developer/ADC\ Reference\ Library
    export SYSTEM_DEVELOPER_GRAPHICS_TOOLS_DIR\=/Applications/Xcode.app/Contents/Developer/Applications/Graphics\ Tools
    export SYSTEM_DEVELOPER_JAVA_TOOLS_DIR\=/Applications/Xcode.app/Contents/Developer/Applications/Java\ Tools
    export SYSTEM_DEVELOPER_PERFORMANCE_TOOLS_DIR\=/Applications/Xcode.app/Contents/Developer/Applications/Performance\ Tools
    export SYSTEM_DEVELOPER_RELEASENOTES_DIR\=/Applications/Xcode.app/Contents/Developer/ADC\ Reference\ Library/releasenotes
    export SYSTEM_DEVELOPER_TOOLS\=/Applications/Xcode.app/Contents/Developer/Tools
    export SYSTEM_DEVELOPER_TOOLS_DOC_DIR\=/Applications/Xcode.app/Contents/Developer/ADC\ Reference\ Library/documentation/DeveloperTools
    export SYSTEM_DEVELOPER_TOOLS_RELEASENOTES_DIR\=/Applications/Xcode.app/Contents/Developer/ADC\ Reference\ Library/releasenotes/DeveloperTools
    export SYSTEM_DEVELOPER_USR_DIR\=/Applications/Xcode.app/Contents/Developer/usr
    export SYSTEM_DEVELOPER_UTILITIES_DIR\=/Applications/Xcode.app/Contents/Developer/Applications/Utilities
    export SYSTEM_DEXT_INSTALL_PATH\=/System/Library/DriverExtensions
    export SYSTEM_DOCUMENTATION_DIR\=/Library/Documentation
    export SYSTEM_EXTENSIONS_FOLDER_PATH\=Gumroad.app/SystemExtensions
    export SYSTEM_EXTENSIONS_FOLDER_PATH_SHALLOW_BUNDLE_NO\=Gumroad.app/Library/SystemExtensions
    export SYSTEM_EXTENSIONS_FOLDER_PATH_SHALLOW_BUNDLE_YES\=Gumroad.app/SystemExtensions
    export SYSTEM_KEXT_INSTALL_PATH\=/System/Library/Extensions
    export SYSTEM_LIBRARY_DIR\=/System/Library
    export TAPI_DEMANGLE\=YES
    export TAPI_ENABLE_PROJECT_HEADERS\=NO
    export TAPI_LANGUAGE\=objective-c
    export TAPI_LANGUAGE_STANDARD\=compiler-default
    export TAPI_USE_SRCROOT\=YES
    export TAPI_VERIFY_MODE\=Pedantic
    export TARGETED_DEVICE_FAMILY\=1,2
    export TARGETNAME\=Gumroad
    export TARGET_BUILD_DIR\=/Users/gumclaw/work/gp2974-device/ios/build/dd/Build/Products/Release-iphoneos
    export TARGET_DEVICE_IDENTIFIER\=00008150-000E3C2A0C85401C
    export TARGET_DEVICE_MODEL\=iPhone18,3
    export TARGET_DEVICE_OS_VERSION\=26.4.2
    export TARGET_DEVICE_PLATFORM_NAME\=iphoneos
    export TARGET_NAME\=Gumroad
    export TARGET_TEMP_DIR\=/Users/gumclaw/work/gp2974-device/ios/build/dd/Build/Intermediates.noindex/Gumroad.build/Release-iphoneos/Gumroad.build
    export TEMP_DIR\=/Users/gumclaw/work/gp2974-device/ios/build/dd/Build/Intermediates.noindex/Gumroad.build/Release-iphoneos/Gumroad.build
    export TEMP_FILES_DIR\=/Users/gumclaw/work/gp2974-device/ios/build/dd/Build/Intermediates.noindex/Gumroad.build/Release-iphoneos/Gumroad.build
    export TEMP_FILE_DIR\=/Users/gumclaw/work/gp2974-device/ios/build/dd/Build/Intermediates.noindex/Gumroad.build/Release-iphoneos/Gumroad.build
    export TEMP_ROOT\=/Users/gumclaw/work/gp2974-device/ios/build/dd/Build/Intermediates.noindex
    export TEMP_SANDBOX_DIR\=/Users/gumclaw/work/gp2974-device/ios/build/dd/Build/Intermediates.noindex/TemporaryTaskSandboxes
    export TEST_FRAMEWORK_SEARCH_PATHS\=\ /Applications/Xcode.app/Contents/Developer/Platforms/iPhoneOS.platform/Developer/Library/Frameworks\ /Applications/Xcode.app/Contents/Developer/Platforms/iPhoneOS.platform/Developer/SDKs/iPhoneOS27.0.sdk/Developer/Library/Frameworks
    export TEST_LIBRARY_SEARCH_PATHS\=\ /Applications/Xcode.app/Contents/Developer/Platforms/iPhoneOS.platform/Developer/usr/lib
    export TOOLCHAINS\=com.apple.dt.toolchain.XcodeDefault
    export TOOLCHAIN_DIR\=/Applications/Xcode.app/Contents/Developer/Toolchains/XcodeDefault.xctoolchain
    export TREAT_MISSING_BASELINES_AS_TEST_FAILURES\=NO
    export TREAT_MISSING_SCRIPT_PHASE_OUTPUTS_AS_ERRORS\=NO
    export TeamIdentifierPrefix\=66LJACJ2U7.
    export UID\=503
    export UNINSTALLED_PRODUCTS_DIR\=/Users/gumclaw/work/gp2974-device/ios/build/dd/Build/Intermediates.noindex/UninstalledProducts
    export UNLOCALIZED_RESOURCES_FOLDER_PATH\=Gumroad.app
    export UNLOCALIZED_RESOURCES_FOLDER_PATH_SHALLOW_BUNDLE_NO\=Gumroad.app/Resources
    export UNLOCALIZED_RESOURCES_FOLDER_PATH_SHALLOW_BUNDLE_YES\=Gumroad.app
    export UNSTRIPPED_PRODUCT\=NO
    export USER\=gumclaw
    export USER_APPS_DIR\=/Users/gumclaw/Applications
    export USER_LIBRARY_DIR\=/Users/gumclaw/Library
    export USE_DYNAMIC_NO_PIC\=YES
    export USE_HEADERMAP\=YES
    export USE_HEADER_SYMLINKS\=NO
    export USE_HERMES\=true
    export USE_RECURSIVE_SCRIPT_INPUTS_IN_SCRIPT_PHASES\=YES
    export VALIDATE_DEVELOPMENT_ASSET_PATHS\=YES_ERROR
    export VALIDATE_PRODUCT\=YES
    export VALID_ARCHS\=arm64\ arm64e\ arm64e.x1\ armv7\ armv7s
    export VERBOSE_PBXCP\=NO
    export VERSIONING_SYSTEM\=apple-generic
    export VERSIONPLIST_PATH\=Gumroad.app/version.plist
    export VERSION_INFO_BUILDER\=gumclaw
    export VERSION_INFO_FILE\=Gumroad_vers.c
    export VERSION_INFO_STRING\=\"@\(\#\)PROGRAM:Gumroad\ \ PROJECT:Gumroad-1\"
    export WARNING_CFLAGS\=-Wno-comma\ -Wno-shorten-64-to-32
    export WORKSPACE_DIR\=/Users/gumclaw/work/gp2974-device/ios
    export WRAPPER_EXTENSION\=app
    export WRAPPER_NAME\=Gumroad.app
    export WRAPPER_SUFFIX\=.app
    export WRAP_ASSET_PACKS_IN_SEPARATE_DIRECTORIES\=NO
    export XCODE_APP_SUPPORT_DIR\=/Applications/Xcode.app/Contents/Developer/Library/Xcode
    export XCODE_PRODUCT_BUILD_VERSION\=27A266a
    export XCODE_VERSION_ACTUAL\=2700
    export XCODE_VERSION_MAJOR\=2700
    export XCODE_VERSION_MINOR\=2700
    export XPCSERVICES_FOLDER_PATH\=Gumroad.app/XPCServices
    export YACC\=yacc
    export _DISCOVER_COMMAND_LINE_LINKER_INPUTS\=YES
    export _DISCOVER_COMMAND_LINE_LINKER_INPUTS_INCLUDE_WL\=YES
    export _LD_MULTIARCH\=YES
    export _SWIFT_EXPLICIT_MODULES_ALLOW_CXX_INTEROP\=NO
    export _WRAPPER_CONTENTS_DIR_SHALLOW_BUNDLE_NO\=/Contents
    export _WRAPPER_PARENT_PATH_SHALLOW_BUNDLE_NO\=/..
    export _WRAPPER_RESOURCES_DIR_SHALLOW_BUNDLE_NO\=/Resources
    export __ARCHS__\=arm64
    export __DIAGNOSE_DEPRECATED_ARCHS\=YES
    export __DIAGNOSE_INVALID_DEPLOYMENT_TARGET_AS_ERROR\=YES
    export __IS_NOT_MACOS\=YES
    export __IS_NOT_MACOS_macosx\=NO
    export __IS_NOT_SIMULATOR\=YES
    export __IS_NOT_SIMULATOR_simulator\=NO
    export __ORIGINAL_SDK_DEFINED_LLVM_TARGET_TRIPLE_SYS\=ios
    export arch\=undefined_arch
    export variant\=normal
    /bin/sh -c /Users/gumclaw/work/gp2974-device/ios/build/dd/Build/Intermediates.noindex/Gumroad.build/Release-iphoneos/Gumroad.build/Script-00DD1BFF1BD5951E006B06BC.sh
** BUILD INTERRUPTED **
